:020000040800F2
:10000000E88F0024A1030008BDCE00080DBB000846
:10001000B9CE0008390E0008111D010800000000CB
:10002000000000000000000000000000E1020008E5
:100030004D150008000000003D03000875D70008BA
:10004000BB030008BB030008BB030008BB03000898
:10005000BB030008BB030008BB030008BB03000888
:10006000BB030008BB030008BB030008B10F000876
:10007000C10F0008D10F0008BB030008BB03000834
:10008000BB030008BB030008BB03000855150008AC
:10009000751500086515000885150008BB030008E4
:1000A000BB030008BB030008BB030008BB03000838
:1000B000BB030008BB03000869D90008BB030008A4
:1000C000BB030008BB030008BB030008BB03000818
:1000D000BB03000845F2000855F2000865F200086D
:1000E000BB030008BB03000800000000BB030008BE
:1000F000BB030008BB030008BB030008BB030008E8
:10010000BB030008BB030008BB030008BB030008D7
:10011000BB030008BB030008BB030008BB030008C7
:10012000BB030008BB030008BB030008BB030008B7
:10013000BB030008BB030008BB030008BB030008A7
:1001400000000000000000000000000000000000AF
:10015000BB030008BB030008BB030008BB03000887
:10016000BB030008BB030008BB030008BB03000877
:10017000BB030008F5CF0008BB0300080000000027
:10018000BB030008BB03000869DE0008BB030008CE
:10019000BB030008BB030008BB030008BB03000847
:1001A000BB030008BB030008BB03000800000000FD
:1001B000BB030008BB030008BB030008BB03000827
:1001C000BB030008BB0300080000000000000000A3
:1001D0000000000000000000BB0300080000000059
:1001E000000000000000000000000000000000000F
:1001F0000000000000000000BB030008BB03000873
:10020000BB030008BB03000800000000BB0300089C
:10021000BB030008BB030008BB030008BB030008C6
:10022000BB03000800000000BB0300080000000042
:10023000BB030008BB03000800000000BB0300086C
:10024000BB030008BB030008BB030008BB03000896
:10025000BB030008BB030008BB030008BB03000886
:10026000BB030008BB030008BB030008BB03000876
:10027000BB030008BB030008BB030008000000002C
:10028000BB030008BB030008BB030008BB03000856
:1002900000000000BB030008BB03000800000000D2
:1002A00000000000BB030008BB030008BB030008FC
:1002B00035F20008BB030008BB03000895150008D1
:1002C000A515000859D90008BB030008DFF80CD0B9
:1002D00000F0D6FA004800475D2E0108E88F0024A0
:1002E0002C4B19680868B0E8F04F80F30988BFF319
:1002F0006F8F4FF0000080F31188704700000000FE
:1003000008480068006880F308884FF0000080F318
:10031000148862B661B6BFF34F8FBFF36F8F00DFF3
:1003200000BF00BF08ED00E0DFF80C00016841F4F9
:1003300070010160704700BF88ED00E0EFF30980B5
:10034000BFF36F8F134B1A681EF0100F08BF20ED1C
:10035000108A20E9F04F106009B44FF0500080F38C
:100360001188BFF34F8FBFF36F8F13F06BFF4FF008
:10037000000080F3118809BC19680868B0E8F04FE4
:100380001EF0100F08BFB0EC108A80F30988BFF38D
:100390006F8F704794010024EFF3058070470000D1
:1003A0000648804706480047FEE7FEE7FEE7FEE70F
:1003B000FEE7FEE7FEE7FEE7FEE7FEE779D8000886
:1003C000CD0200082DE9F05F0546002092469B46CD
:1003D00088460646814640241BE02846414647465B
:1003E000224600F084F853465A46C01A914110D371
:1003F00011461846224600F06BF82D1A67EB0108EB
:100400004F4622460120002100F062F817EB000958
:100410004E41201EA4F10104DFDC484631462A4645
:100420004346BDE8F09F40EA01039B0703D009E083
:1004300008C9121F08C0042AFAD203E011F8013BD0
:1004400000F8013B521EF9D27047D2B201E000F829
:10045000012B491EFBD270470022F6E710B5134668
:100460000A4604461946FFF7F0FF204610BD10B5B6
:10047000002200E0521C835C8C5CA34201D1002B63
:10048000F8D1D8B2E1B2401A10BD30B50446002010
:10049000034600E05B1C934203D2E05CCD5C401B52
:1004A000F8D030BD30B50B46014600202022012493
:1004B00009E021FA02F59D4205D303FA02F5491B32
:1004C00004FA02F52844151EA2F10102F1DC30BD48
:1004D000202A04DB203A00FA02F100207047914004
:1004E000C2F1200320FA03F3194390407047202AF9
:1004F00004DB203A21FA02F00021704721FA02F3CE
:10050000D040C2F1200291400843194670472DE9BE
:10051000FE4F804681EA0300C00F0C46009021F098
:10052000004123F00045B8EB0200A94105D2404646
:10053000214690461C460B46024623F000401043DD
:1005400047D0270DC7F30A00C3F30A510290401A9F
:10055000019040286BDAC3F3130040F4801B00982D
:10056000924620B10023D2EB030A63EB0B0B0198F8
:100570005946C0F140025046FFF7AAFF06460D4615
:1005800050465946019A00F08DF910EB0800614180
:10059000002487EA115284EAE7731A4340D0009A94
:1005A00062B3019A012A4FEA075215DC001B61EB86
:1005B00002014FF0004202EA0752CDE90042001C5E
:1005C00041F5801132462B4600F08DF903B0BDE8AD
:1005D000F08F40462146F9E7001B61EB0201001C49
:1005E00041F5801300185B412018A2F5001747EB76
:1005F000030140EAD570B6196D4111E06D084FEA6C
:10060000360645EAC0754FEA0752001B61EB02014E
:10061000001C41F5801149084FEA30000019514192
:1006200032462B4603B0BDE8F04F00F04DB90098BC
:10063000012240000023D0EB020263EBE07300983C
:1006400021464FEAE074B8EB000061EB0401E9E7F2
:1006500083F000435BE781F0004158E72DE9FE4F4E
:1006600081EA030404F0004421F0004100944FF0BB
:10067000000B23F0004350EA01045ED052EA030469
:100680005BD0C3F30A54C1F30A552C44A4F2F334EB
:100690000194A0FB0254C1F3130141F48011C3F390
:1006A000130343F4801301FB024400FB034E840A4E
:1006B000970A44EA815447EA8357A4FB07680295E6
:1006C0008D0A05FB07854FEA932C04FB0C54270584
:1006D000029D4FEA065847EA1637B5EB08056EEB60
:1006E000070C870E920E47EA811742EA8312A7FB96
:1006F0000201B6EB0B0164EB00042B0D43EA0C3353
:100700005E1844EB1C50DA465146E7FB0201C5F384
:1007100013044FEA0B3343EA14534FEA0432019CAB
:1007200043EA0603A4F10C040294009CCDE900B452
:1007300000F0D9F803B0BDE8F08F00200146F9E7DA
:100740002DE9F04D81EA030404F0004B21F000454F
:1007500014464FF0000A23F0004150EA050220D071
:1007600054EA01021DD0C5F30A570246C5F313032C
:10077000C1F31300C1F30A5640F4801543F480130B
:10078000A7EB0608101BD64608F2FD3873EB0500F0
:1007900002D308F1010801E092185B41B8F1000FA3
:1007A00003DA00200146BDE8F08D00204FF48011EF
:1007B000064684460EE0171B73EB050705D3121B94
:1007C00063EB050306434CEA010C49084FEA30008D
:1007D00092185B4150EA0107EDD152EA030012D0B2
:1007E00082EA040083EA0501084305D0101BAB41EF
:1007F00006D20122002306E000224FF0004302E06F
:100800006FF0010253101AEB06004CEB085110EB8D
:100810000A0041EB0B01BDE8F04D00F055B8C1F303
:100820000A52C1F3130140F2FF3341F480119A429E
:1008300002DA00200146704740F233439A42A2F2A6
:10084000334202DC5242FFF752BEFFF741BE0000C6
:1008500030B5041E71F1000404DB4FF00044404247
:1008600064EB0101141E73F1000405DB1C464FF01C
:100870000043524263EB0403994208BF904230BDEB
:10088000064C074D06E0E06840F0010394E80700DD
:1008900098471034AC42F6D3FFF71CFD20530108F3
:1008A00040530108202A06DBCB17203A41FA02F018
:1008B00043EAE07306E041FA02F3D040C2F12002BD
:1008C000914008431946704710B5141E73F1000497
:1008D00008DA401C41F1000192185B411A4301D132
:1008E00020F0010010BD2DE9F04D92469B4611B15C
:1008F000B1FA81F202E0B0FA80F220329046FFF7BE
:10090000E7FD04460F4640EA0A0041EA0B01534660
:100910005A46084313D0114653EA010019D0C8F1D2
:1009200040025046FFF7E3FD05460E465046594645
:100930004246FFF7CDFD084305D0012004E02046E4
:100940003946BDE8F08D0020054346EAE0762C43A9
:1009500037430A986305E40AA0EB08000022FD0A69
:1009600044EA47540A3002D500200146E9E7010570
:1009700010196941DDE9084500196941BDE8F04DEC
:10098000A2E770B58C1810F8015B15F0070301D1D0
:1009900010F8013B2A1106D110F8012B03E010F8E2
:1009A000016B01F8016B5B1EF9D12B0705D4002305
:1009B000521E0DD401F8013BFAE710F8013BCB1AA7
:1009C000921C03E013F8015B01F8015B521EF9D59C
:1009D000A142D8D3002070BD70B5044643492068B9
:1009E000884203D042492068884208D141480068C3
:1009F00000F4403008B1012009E0002007E03E4843
:100A0000006800F4403008B1012000E00020B8B1D7
:100A100008F08CFA05466068B0F5803F06D0B0F566
:100A2000003F04D0B0F5403F08D105E000BF60684A
:100A3000000CB5FBF0F502E0AD0800E000BF2BE0D4
:100A40004FF40020002106F071FE05466068C0F3F7
:100A50001101F9B980140C281CD2DFE800F01B0644
:100A60000708090A0B111315171900BF00BF00BFB3
:100A700000BF00BF6068800C4000B5FBF0F50AE0E5
:100A80002D0908E06D0906E0AD0904E0ED0902E07A
:100A90002D0A00E000BF00BF6D081848854206D847
:100AA0002068806820F44070216888601DE0144848
:100AB000854208D82068806820F4407040F4807037
:100AC0002168886011E00F48854208D82068806856
:100AD00020F4407040F400702168886005E02068D0
:100AE000806840F440702168886070BD002002403A
:100AF000002102400823024008630258105E5F0094
:100B000020BCBE0040787D01B7EE000A80ED000AEF
:100B10009FED060A80ED010A9FED040A80ED020AAE
:100B20009FED020A80ED030A7047000000000000FC
:100B300070B506460C46154695ED023AF0EE432A8E
:100B400095ED013AB0EE432A95ED003AF0EE431AE6
:100B500094ED023AB0EE431A94ED013AF0EE430AF6
:100B600094ED003AB0EE430A30460CF029F870BD1F
:100B700010B501221146024804F020FD10BD00000E
:100B80000008025810B500220121024804F016FDA9
:100B900010BD0000000802587047000010B5012287
:100BA0000821024804F00AFD10BD000000080258A8
:100BB00010B500220821024804F000FD10BD00001D
:100BC00000080258704710B5044603E04FF47A70ED
:100BD00000F006F8201EA4F101018CB2F6D110BD80
:100BE00070B5034600BF00BF0020002200BF4FF0D9
:100BF000E0267569C3EB031674014FF0E026B16976
:100C000010E04FF0E026B06988420BD0884202D253
:100C10000E1A324402E02E1A0E4432440146A24219
:100C200000D300E0EDE700BF70BD10B50024FFF772
:100C3000B3FFFFF7C7FF11F00DFF044311F09EFF54
:100C40000443204610BD00002DE9FC4105460E4638
:100C50001746002000900190FFF794FF922000F0CB
:100C6000D1F806226946122000F0ACF8FFF780FFA9
:100C70009DF80100000200B29DF8001040EA010456
:100C800000EE104AB8EEC00A4C48D0ED000A20EE43
:100C9000200A86ED000A9DF80300000200B29DF8CC
:100CA000021040EA010400EE104AB8EEC00A4348C0
:100CB000D0ED000A20EE200A86ED010A9DF805001D
:100CC000000200B29DF8041040EA010400EE104A50
:100CD000B8EEC00A3948D0ED000A20EE200A86EDB1
:100CE000020AFFF765FF08226946002000F06AF853
:100CF000FFF754FF9DF800000F2838D19DF803003E
:100D0000000200B29DF8021040EA010400EE104A11
:100D1000B8EEC00A2A48D0ED000A20EE200A85ED80
:100D2000000A9DF80500000200B29DF8041040EA98
:100D3000010400EE104AB8EEC00A2148D0ED000AC6
:100D400020EE200A85ED010A9DF80700000200B29E
:100D50009DF8061040EA010400EE104AB8EEC00A01
:100D60001748D0ED000A20EE200A85ED020AFFF7B1
:100D700009FFA22000F046F802226946222000F076
:100D800021F8FFF7F5FE9DF80000C0009DF8011066
:100D900040EA6114B4F5806F02DBA4F5006004B290
:100DA00000EE104AF8EEC00AB4EE001AB3EE070ADD
:100DB00000EE810A87ED000ABDE8FC81580000249E
:100DC0005C00002470B506460C46154646F08000CF
:100DD00000F018F806E0552000F014F82070641CAC
:100DE000681EC5B2002DF6D170BD70B504460D4623
:100DF00044F0800000F006F8552000F003F8287059
:100E000070BD000001B582B04FF47A70012301AAD1
:100E100002A90090024809F041F89DF804000EBDB7
:100E20001027002470B505460C462846FFF7EAFF58
:100E30002046FFF7E7FF70BD00BFFEE70346042B27
:100E400015D007DC7BB1012B0ED0022B0DD0032B6C
:100E500012D10BE0202B0BD0212B0AD0222B09D052
:100E6000232B09D107E008E007E006E005E004E0F5
:100E700003E002E001E000E000BF00BF0020704797
:100E80000020704710B50022044905480EF08DFC83
:100E9000044903480EF07AFC002010BDE0760024DF
:100EA000046C0024E06E002420490978052937D21B
:100EB000DFE801F0030B171D2900AA2801D1012149
:100EC00000E00021194A11702EE0FF2801D1022113
:100ED00004E0AA2801D1012100E00021134A117089
:100EE00022E0134908700321104A11701CE0AA285F
:100EF00001D1042104E0AA2801D1012100E0002150
:100F00000A4A117010E0FF2806D109490978094AF8
:100F100011700121084A11700021044A117003E088
:100F20000021024A117000BF00BF7047E601002493
:100F3000E7010024E4010024E501002470B5044623
:100F40000E46002503E0605DFFF7AEFF6D1C3068C4
:100F5000A842F8D8214604480EF018FC02480EF0CA
:100F6000E1FB002070BD0000046C002410B50346B6
:100F70000C460021084610BD2DE9F04104460D46FF
:100F800000260A48D0F8BC72D7F8140210B101202C
:100F9000BDE8F0812A46214604480EF006FC0348CD
:100FA0000EF0B6FC06463046F2E70000046C002462
:100FB00010B5024802F068F810BD0000640A002471
:100FC00010B5024802F060F810BD0000CC2C0024DF
:100FD00010B5024802F058F810BD0000442D00245E
:100FE0000146374A0868904249D0354A18320868A5
:100FF000904244D0324A3032086890423FD0304A62
:101000004832086890423AD02D4A603208689042CF
:1010100035D02B4A78320868904230D0284A903236
:10102000086890422BD0264AA8320868904226D001
:10103000244A0868904222D0224A18320868904216
:101040001DD0204A30320868904218D01D4A4832DC
:101050000868904213D01B4A6032086890420ED054
:10106000184A78320868904209D0164A90320868C7
:10107000904204D0134AA8320868904201D101205E
:1010800000E00020B0B10A78103A1823B2FBF3F068
:1010900000F007020C4B9A5CCA65032805D90A6860
:1010A0006FF30902121D8A6503E00A686FF30902F3
:1010B0008A6503E0086820F0FF008865886D704746
:1010C00010000240100402401452010810B50268DA
:1010D0002B4C0368A34222D0294C14340368A3424A
:1010E0001DD0274C28340368A34218D0244C3C342C
:1010F0000368A34213D0224C50340368A3420ED09D
:101100001F4C64340368A34209D01D4C7834036833
:10111000A34204D01A4C8C340368A34201D10123AA
:1011200000E000238BB10378083B1424B3FBF4F1F7
:10113000144B03EB81030366124B8033436601F0CB
:101140001F040123A340836618E00378103B182492
:10115000B3FBF4F10C4B9A4204D80B4BA83B9A42D8
:1011600000D30831094B03EB81030366074B80333F
:10117000436601F01F040123A340836610BD0000F5
:101180000854025800580258B804024000080240AF
:101190000179A9B3082940D8204B02689A4222D08D
:1011A0001E4B143302689A421DD01C4B2833026830
:1011B0009A4218D0194B3C3302689A4213D0174B0D
:1011C000503302689A420ED0144B643302689A423C
:1011D00009D0124B783302689A4204D00F4B8C33FB
:1011E00002689A4201D1012200E000224AB14A1E5F
:1011F0000B4B03EB8202C266094A4032026708E0E9
:101200000BE04A1E074B03EB8202C266054A4032DE
:1012100002674A1E012393404367704708540258EF
:101220000059025800090240014600208A69D2B9DB
:101230008A6A32B1012A0DD0022A03D0032A10D1C2
:101240000EE000BFCA6A02F08072B2F1807F00D166
:10125000012007E0CA6AB2F1C07F00D1012001E09D
:1012600000E000BF36E08A69B2F5005F1BD18A6AF0
:1012700032B1012A07D0022A03D0032A11D10AE091
:1012800000BF01200EE0CA6A02F08072B2F1807FD6
:1012900000D1012006E0CA6AB2F1C07F00D101206E
:1012A00000E000BF16E08A6A32B1012A05D0022AA6
:1012B00004D0032A0CD103E000BF00BF012008E0E6
:1012C000CA6A02F08072B2F1807F00D1012000E092
:1012D00000BF00BF70470000F0B5856D846D984F6A
:1012E0000668BE4270D0964F18370668BE426BD073
:1012F000934F30370668BE4266D0914F4837066834
:10130000BE4261D08E4F60370668BE425CD08C4FC3
:1013100078370668BE4257D0894F90370668BE427C
:1013200052D0874FA8370668BE424DD0854F066819
:10133000BE4249D0834F18370668BE4244D0814F21
:1013400030370668BE423FD07E4F48370668BE42FF
:101350003AD07C4F60370668BE4235D0794F783737
:101360000668BE4230D0774F90370668BE422BD019
:10137000744FA8370668BE4226D0734F0668BE4237
:1013800022D0714F14370668BE421DD06E4F2837E9
:101390000668BE4218D06C4F3C370668BE4213D078
:1013A000694F50370668BE420ED0674F64370668F3
:1013B000BE4209D0644F78370668BE4204D0624FFF
:1013C0008C370668BE4201D1012600E000263EB1FE
:1013D000D0E919767E60C66E16B1D0E91C767E60C3
:1013E000574F0668BE4249D0554F18370668BE426F
:1013F00044D0534F30370668BE423FD0504F483735
:101400000668BE423AD04E4F60370668BE4235D0BD
:101410004B4F78370668BE4230D0494F9037066848
:10142000BE422BD0464FA8370668BE4226D0454F55
:101430000668BE4222D0434F18370668BE421DD010
:10144000404F30370668BE4218D03E4F48370668D6
:10145000BE4213D03B4F60370668BE420ED0394FB4
:1014600078370668BE4209D0364F90370668BE42CC
:1014700004D0344FA8370668BE4201D1012600E0EF
:101480000026DEB190F85C6006F01F073F26BE40E4
:10149000AE600668366826F4802607683E600668F7
:1014A00073608668402E04D10668B2600668F160F9
:1014B00044E00668B1600668F2603FE0224F0668CB
:1014C000BE4222D0204F14370668BE421DD01E4FA8
:1014D00028370668BE4218D01B4F3C370668BE420C
:1014E00013D0194F50370668BE420ED0164F6437DE
:1014F0000668BE4209D0144F78370668BE4204D051
:10150000114F8C370668BE4201D1012600E000264B
:10151000A6B190F85C6006F01F070126BE40666029
:10152000066873608668402E04D10668B26006685B
:10153000F16003E00668B1600668F260F0BD00008B
:10154000100002401004024008540258704772B65E
:1015500000BFFEE710B5024803F0C6F910BD000059
:10156000DC0A002410B5024803F0BEF910BD0000EB
:10157000DC0A002410B5024803F0B6F910BD0000E3
:101580007C0B002410B5024803F0AEF910BD00003A
:101590007C0B002410B5024803F0A6F910BD000032
:1015A0001C0C002410B5024803F09EF910BD000089
:1015B0001C0C002410B501464A6B0868D0F8840062
:1015C0004FF6FC74A04340EA82000C68C4F8840023
:1015D0000868D0F8840020F47F04088F44EA0040B3
:1015E0000C68C4F88400886B02440868D0F888004E
:1015F0004FF6FC74A04340EA82000C68C4F88800EF
:101600000868D0F8880020F4FE04888F44EA00407F
:101610000C68C4F88800C86B02EB40020868D0F878
:10162000A0004FF6FC74A04340EA82000C68C4F8A6
:10163000A0000868D0F8A00020F4FE044020405A22
:1016400044EA00400C68C4F8A000D1E9104004FB53
:1016500000220868D0F8B0004FF6FC74A04340EABE
:1016600082000C68C4F8B0000868D0F8B00020F41C
:10167000FE04B1F8480044EA00400C68C4F8B00029
:10168000D1E9124004FB00220868D0F8AC004FF604
:10169000FC74A04340EA82000C68C4F8AC00D1E9B5
:1016A000144004FB00220868D0F8F0004FF6FC74E8
:1016B000A04340EA82000C68C4F8F0000868D0F843
:1016C000F00020F47C14B1F8580044EA00400C68A3
:1016D000C4F8F000886D02EB40020868D0F8C00042
:1016E0004FF6FC74A04340EA82000C68C4F8C000C6
:1016F0000868D0F8C00020F47C14B1F85C0044EA1B
:1017000000400C68C4F8C0000868D0F8C00020F0A1
:101710007C5491F8600044EA00600C68C4F8C00092
:101720002A4C486B04EB8000C866CC6E886B04EBD7
:1017300080040C670C6FC86B04EBC0044C67D1E9E4
:10174000100460434C6F04EB80048C67D1E91204F1
:1017500060438C6F04EB8004CC67D1E914046043D0
:10176000CC6F04EB8004802044504458886D04EB17
:10177000C004842044508C6EC86D60438424645837
:1017800004EB8004882044508C6E086E60438824EB
:10179000645804EB80049020445040580C4CA04204
:1017A00009D99831486840F020004860032001F8CA
:1017B0009809012010BDCB6E02E0002018601B1DAF
:1017C000902040589842F8D80020F3E700AC004041
:1017D000FCD300402DE9F041054614461E46D1F8E1
:1017E00004C0BCF1000F0AD1D1F810C0D1F80880B4
:1017F0004CEA080CB1F800804CEA88430BE0D1F8C1
:1018000010C04CF0804CD1F808804CEA080CD1F89C
:1018100000804CEA080391F82080D1F81CC04CEA03
:10182000086CD1F818804CEA080CD1F814804CEA06
:10183000080CB1F80C804CEA0847D5F868C00CFBDE
:1018400006FCD5F8848008EB8C021360121D17602B
:10185000121D002019E000F1030C14F80CC04FEA2F
:101860000C6800F1020C14F80CC048EA0C4800F1B6
:10187000010C14F80CC048EA0C2C14F800804CEA57
:10188000080CC2F800C0121D001DDFF81480D1F84A
:101890000CC018F80CC08445DDD8BDE8F08100000C
:1018A0001C52010800BF4FF47A7011F012FBFAE7E6
:1018B0002DE9F04104460D4616461F4694ED001AE8
:1018C00021EE011AD4ED011A94ED012A01EE821ADB
:1018D000F7EE001AB0EE002A52EE011AF0EE610A9D
:1018E00094ED001AD4ED031A21EE211AD4ED011A59
:1018F00094ED022A01EE821AF0EE001A21EE211A6E
:10190000B0EE410A10F0EAFA85ED000AD4ED010AC2
:1019100094ED031A60EE810A94ED001AD4ED021AD8
:1019200041EE610AB8EE001A60EE810AB0EE600A7C
:1019300010F038FA86ED000A94ED001A21EE011A33
:10194000D4ED031A94ED032A01EE821AF7EE001A81
:10195000B0EE002A52EE011AF0EE610A94ED001A80
:10196000D4ED011A21EE211AD4ED021A94ED032AC6
:1019700001EE821AF0EE001A21EE211AB0EE410AB1
:1019800010F0ACFA87ED000ABDE8F08170B50A48A6
:101990000468001D0568001D0668344454B108221F
:1019A000064920460AF03AFA042204491031284632
:1019B0000AF034FA70BD000000E8F11F4202002472
:1019C0002DE9F0439DB004460E464FF00008306804
:1019D00000B100BF00BF94F85C00012803D10220D1
:1019E0001DB0BDE8F083012084F85C0000BF00203A
:1019F00019901A9046492068884202D145480190C2
:101A000001E000200190019850B9206E40F02000C4
:101A1000206600BF002084F85C0000BF0120DFE7E3
:101A200001980AF03CFA074620680AF038FA0028C4
:101A300061D1002F5FD136492068884203D03549F3
:101A40002068884201D1344800E0344805463068B7
:101A500058B3A86820F4404071680843A8602C4936
:101A60002068884203D02B492068884201D12A4847
:101A700000E02A482849884209D125480AF000FA9E
:101A8000814624480AF0FCF949EA000002E02448B3
:101A90000AF0F6F970BBB16830680843A96840F6EF
:101AA0001F7291430843A8602BE0A86820F44040CF
:101AB000A86017492068884203D0164920688842E8
:101AC00001D1154800E015481349884209D1104852
:101AD0000AF0D6F981460F480AF0D2F949EA000027
:101AE00002E00F480AF0CCF920B9A86840F61F714F
:101AF0008843A86005E0206E40F0200020664FF08B
:101B0000010800BF002084F85C0000BF404667E782
:101B100000200240002102400023024000630258DE
:101B2000006002582DE9F84F04460D464FF0000AB8
:101B30000020009094F84400012800D105E0F94904
:101B40002068884200D100E000BFF749E868884279
:101B500000D00EE0F5492068884200D100BFF4496A
:101B60002068884200D100BFEE492068884200D139
:101B700000BF00BF94F85C00012802D10220BDE83C
:101B8000F88F012084F85C0000BF20680AF082F919
:101B9000002871D1286800F00040C8B9E1492068E8
:101BA000884215D02068C1692868C0F3130018B9AD
:101BB0002868C0F3846004E0286890FAA0F0B0FAC6
:101BC00080F000F01F020120904001432068C161B5
:101BD0002168D5E9002001F1300CC0F3012B0CEB9A
:101BE0008B03D3F800C000F01F0E4FF01F0B0BFA51
:101BF0000EFB2CEA0B0C00F01F0BC2F3846E0EFAE6
:101C00000BFE4CEA0E0CC3F800C000BF20680AF0BF
:101C100041F9814620680AF029F90746B9F1000F19
:101C20007ED1002FFCD12168AA68286801F1140C2C
:101C3000C0F3406B0CEB8B03D3F800C0C0F3045E21
:101C40004FF0070B0BFA0EFB2CEA0B0CC0F3045BF6
:101C500002FA0BFB4CEA0B0CC3F800C000BFB14901
:101C60002068884209D168692168C968C1F3C10147
:101C7000490000FA01F825E04BE3AE48006800F0A7
:101C80007040B0F1805F07D168692168C968C1F30D
:101C900082014900884014E02068C06800F010000C
:101CA00038B968692168C968C1F382014900884070
:101CB00007E068692168C96801F0100189084900D6
:101CC00088408046286904287CD021684346D5F89E
:101CD00010C02A6801F1600B0BEB8C00DFF844B2F6
:101CE00059450AD1D0F800B002F0F84E4EF0004E3F
:101CF0004EEA030EC0F800E00BE0D0F800B00BF0A5
:101D0000004B02F0F84E4EEA030E4BEA0E0BC0F801
:101D100000B000BF83492068884231D1206800E0CC
:101D200016E1EA6929697F4B98420CD100F1600CF9
:101D30000CEB8103D3F800C02CF0807C4CEA020C41
:101D4000C3F800C000BF00BF206895F820202969B3
:101D5000012A01D1520600E000221346714A904246
:101D60000CD100F1600C0CEB8102D2F800C02CF019
:101D7000007C4CEA030CC2F800C000BF00BF20E1A9
:101D8000206895F821202969012A01D1D20700E0B5
:101D900000221346634A90420CD000F1600C0CEB19
:101DA0008102D2F800C02CF0004C4CEA030CC2F8BF
:101DB00000C000BF00BF20682B7E2969012B02D123
:101DC000DB0201E00DE000231A46036923F4F0432F
:101DD00001F01F0C02FA0CFC43EA0C03036100BF84
:101DE000EFE050492068884271D1002120680AF054
:101DF00034F8C0F3130030B9002120680AF02DF840
:101E0000C0F3846007E0002120680AF026F890FA09
:101E1000A0F0B0FA80F02968C1F3130119B929685C
:101E2000C1F3846104E0296891FAA1F1B1FA81F16A
:101E3000884204D10022114620680AF03BF80121B3
:101E400020680AF00AF8C0F3130030B901212068B5
:101E50000AF003F8C0F3846007E00121206809F06C
:101E6000FCFF90FAA0F0B0FA80F02968C1F31301EA
:101E700019B92968C1F3846104E0296891FAA1F1D4
:101E8000B1FA81F1884204D10022012120680AF0D0
:101E900011F80221206809F0E0FFC0F3130030B907
:101EA0000221206809F0D9FFC0F3846007E0022115
:101EB000206809F0D2FF90FAA0F0B0FA80F029680B
:101EC000C1F3130121B92968C1F3846105E040E041
:101ED000296891FAA1F1B1FA81F1884204D1002276
:101EE0000221206809F0E6FF0321206809F0B5FF10
:101EF000C0F3130030B90321206809F0AEFFC0F32E
:101F0000846007E00321206809F0A7FF90FAA0F0A1
:101F1000B0FA80F02968C1F3130169B92968C1F3E7
:101F200084610EE0006002580000FF47002002407C
:101F3000002102400010005C296891FAA1F1B1FA79
:101F400081F188423DD100220321206809F0B2FFCF
:101F500037E02068006E00F0F8402978B0EB816F20
:101F600005D12068006E20F00040216808662068D6
:101F7000406E00F0F8402978B0EB816F05D1206801
:101F8000406E20F00040216848662068806E00F0B6
:101F9000F8402978B0EB816F05D12068806E20F081
:101FA0000040216888662068C06E00F0F8402978FB
:101FB000B0EB816F05D12068C06E20F00040216831
:101FC000C866206809F057FF00286FD12068EA68CA
:101FD0002968D64B984212D1D0F8B030C1F3130C17
:101FE00023EA0C0302F0180BDFF844C32CFA0BFCB5
:101FF0000CEA010C43EA0C03C0F8B03011E0D0F851
:10200000C030C1F3130C23EA0C0302F0180BDFF805
:1020100020C32CFA0BFC0CEA010C43EA0C03C0F8B9
:10202000C03000BFC349E868884270D1C24B206805
:1020300098423ED1C14B2A689A4201D10122B2E0B6
:10204000BF4B2A689A4201D1BE4AACE0BE4B2A6817
:102050009A4201D1BD4AA6E0BD4B2A689A4201D1FD
:10206000BC4AA0E0BC4B2A689A4201D1BB4A9AE024
:10207000BB4B2A689A4201D1BA4A94E0B94B2A680C
:102080009A4201D1B84A8EE0B74B2A689A4201D1F0
:10209000B64A88E0B64B2A689A4201D1B54A82E036
:1020A000B54B2A689A4202D1B44A7CE0D6E00022BD
:1020B00079E0B34B22689A4238D1A04B2A689A4201
:1020C00001D101226FE09E4B2A689A4201D19D4ABC
:1020D00069E09D4B2A689A4201D19C4A63E09C4B7F
:1020E0002A689A4201D19B4A5DE09B4B2A689A423A
:1020F00001D19A4A57E09A4B2A689A4201D1994AEB
:1021000051E0984B2A689A4202D1974A4BE062E02C
:10211000954B2A689A4201D1944A44E0964B2A682A
:102120009A4201D1954A3EE000223CE07F4B226872
:102130009A4237D1814B2A689A4201D1012232E07A
:102140007F4B2A689A4201D17E4A2CE07E4B2A6856
:102150009A4201D17D4A26E07D4B2A689A4201D1FC
:102160007C4A20E07C4B2A689A4201D17B4A1AE0E3
:102170007B4B2A689A4201D17A4A14E0794B2A684B
:102180009A4201D1784A0EE0784B2A689A4201D1EE
:102190007C4A08E07B4B2A689A4201D17A4A02E0E5
:1021A000002200E000221146604A904211D0C3692B
:1021B000C1F3130212B9C1F3846203E091FAA1F2F0
:1021C000B2FA82F202F01F0C012202FA0CF213435F
:1021D000C36100BF00BF286800F00040F0B3564A5A
:1021E0002168914203D0664A2168914201D1674932
:1021F00000E067490846816801F0E07600BF4E497B
:102200002068884203D05E492068884201D15F4837
:1022100000E05F485D49884209D1474809F02BFE3C
:102220008346574809F027FE4BEA000002E03F488A
:1022300009F021FEF0BB57492868884228D106F4EE
:10224000000028BB39492068884268D13A4B22688F
:102250009A4205D04A4B22689A4200E035E001D10B
:102260004A4A00E04A4A104646F4000109F01CFEC2
:10227000494800684949B0FBF1F0401C400000901B
:1022800002E00098401E009000980028F9D146E036
:1022900043492868884219D106F08070B0B92349B3
:1022A000206888423BD1244B22689A4205D0344BA7
:1022B000226800E026E09A4201D1344A00E0344A24
:1022C000104646F0807109F0EFFD28E03549286896
:1022D000884224D106F4800008BB14492068884253
:1022E0001DD1154B22689A4203D0254B22689A4291
:1022F00001D1264A00E0264A104646F4800109F042
:10230000D3FD0CE0206E40F0200020664FF0010A63
:1023100005E0206E40F0200020664FF0010A00BF6B
:10232000002084F85C0000BF504628E4006002589A
:10233000FFFF0F000000FF470020024002003004B2
:1023400004006008400020190800900C8000501D17
:102350001000C010000180212000F0140002B02500
:102360000004002A0008302E001060320020903651
:1023700000002143000052470000844B0000B84F8A
:10238000002102400040C03A0080F03E002302409D
:1023900000630258000052C7C8000024400D03002B
:1023A000000021C3000084CB2DE9F84F04464FF014
:1023B00000090020009014B90120BDE8F88F2069C1
:1023C00020B12020005D012800D100BF206E30B96F
:1023D000204600F089F90020606684F85C002068DF
:1023E0008168C1F3407131B120688168B24A1140FF
:1023F000816000BF00BF206809F047FDA8B92068D0
:102400008168AE4A114041F08051816000BFAC4804
:102410000068AC49B0FBF1F0401C009002E000986D
:10242000401E009000980028F9D1206809F02DFD89
:1024300048B9206E40F010002066606E40F0010048
:1024400060664FF00109206809F024FD0646206E01
:1024500000F0100000287DD1002EFCD1206E20F469
:10246000807040F002002066206809F004FD78BB0F
:1024700095492068884203D094492068884201D158
:10248000934800E093489249884209D18E4809F068
:10249000F2FC82468D4809F0EEFC4AEA000002E0B8
:1024A0008D4809F0E8FC98B9874B22689A4203D01E
:1024B000864B22689A4201D1854A00E0854A10463F
:1024C0006168826822F47C120A43826000BF00BF08
:1024D00081492068884223D1607EE16B41EA403027
:1024E000E1680843A168082901D100210FE0A16833
:1024F0000C2901D104210AE0A1681C2901D108217D
:1025000005E0A168182901D11C2100E0002101F09B
:102510000C0140EA41012020005D41EA004509E04C
:10252000607EE16B41EA4030A16808432021095DEB
:1025300040EA01452020005D012803D1A08C401E07
:1025400045EA4045A06A38B1208D00F47870E16A10
:10255000084300E0A7E005435F49206888420FD1A7
:102560002068C0685D49084028432168C860206829
:10257000006920F04060616B08432168086106E053
:102580002068C0685649084028432168C860206810
:1025900009F080FC8046206809F068FC0746B8F125
:1025A000000F66D1002F64D14B492068884206D1C4
:1025B000207E810394F8380041EA400503E0207E44
:1025C000216B41EA80352068C06844F203018843EA
:1025D00028432168C86094F84400012834D13E495A
:1025E0002068884200D100E000BFA06A08B1E06A1C
:1025F00000B900BF38492068884210D1A06C40F073
:102600000101E06C0843216D0843616D08432168B6
:102610000969344A11400843216808611AE0B4F896
:102620004800401E012141EA0041E06C0843216D51
:102630000843616D0843216809692A4A521E114006
:1026400008432168086105E02068006920F0010066
:10265000216808612068006920F07040216C0843FF
:10266000216808611C492068884202D02046FEF794
:10267000B3F92069012809D12068006B20F00F0010
:10268000E169491E08432168086305E02068006B82
:1026900020F00F0021680863206E20F0020040F057
:1026A0000100206605E0206E40F0100020664FF02B
:1026B0000109484681E60000C0FFFF5FC0FFFF7FC1
:1026C000C8000024400D0300002002400021024009
:1026D0000023024000630258006002580740F0FFE8
:1026E00003C0F0FF1FF800FC10B5B6B0044614217B
:1026F00030A8FDF7B1FEB82102A8FDF7ADFE3F49B5
:102700002068884277D14FF400210020CDE90210E3
:102710000220049010210591022106910791089151
:10272000C021099100210A910B9100202A9002A852
:1027300005F0D2FB08B1FEF70AFF00BF3048006881
:1027400040F020002E4908600846006800F0200094
:10275000019000BF00BF00BF29480830006840F06A
:1027600001002749083108600846006800F00100B0
:10277000019000BF00BF00BF0846006840F00400A1
:1027800008600846006800F00400019000BF00BF28
:1027900020203090032031900020329030A9194839
:1027A00002F014FE1020309003203190002032906F
:1027B00030A9154802F00AFE14481549086009209E
:1027C0004860002112488160C1604FF4806101615E
:1027D00049004161890081614911C16100210162A3
:1027E000416201F0CDF908B1FEF7B1FE00BF084823
:1027F000A065846300BF36B010BD00000020024019
:10280000D844025800000258000802581000024044
:10281000640A00242DE9F041044602F0D5FE80460A
:1028200014B90120BDE8F08194F83500022808D0E1
:102830008020606500BF002084F8340000BF0120C4
:10284000F0E7FE492068884249D0FC4918312068E9
:10285000884244D0F9493031206888423FD0F74956
:102860004831206888423AD0F44960312068884273
:1028700035D0F24978312068884230D0EF49903124
:10288000206888422BD0ED49A8312068884226D0A4
:10289000EB492068884222D0E949183120688842F3
:1028A0001DD0E74930312068884218D0E4494831CA
:1028B0002068884213D0E2496031206888420ED0F7
:1028C000DF4978312068884209D0DD49903120689D
:1028D000884204D0DA49A8312068884201D1012019
:1028E00000E0002068B12068006820F01E00216828
:1028F00008602068406920F08000216848612568F0
:1029000006E02068006820F00E0021680860256855
:10291000CA492068884270D0C84918312068884266
:102920006BD0C64930312068884266D0C3494831EF
:102930002068884261D0C1496031206888425CD0FB
:10294000BE4978312068884257D0BC499031206810
:10295000884252D0B949A831206888424DD0B84940
:102960002068884249D0B64918312068884244D04E
:10297000B3493031206888423FD0B149483120689E
:1029800088423AD0AE4960312068884235D0AC499F
:1029900078312068884230D0A94990312068884237
:1029A0002BD0A749A8312068884226D0A5492068A5
:1029B000884222D0A3491431206888421DD0A14901
:1029C00028312068884218D09E493C3120688842CE
:1029D00013D09C495031206888420ED09949643107
:1029E0002068884209D0974978312068884204D00D
:1029F00094498C312068884201D1012000E00020F8
:102A000028B1206E006820F48070216E08608B4928
:102A10002068884249D0894918312068884244D0CA
:102A200086493031206888423FD084494831206847
:102A300088423AD0814960312068884235D07F4948
:102A400078312068884230D07C49903120688842B3
:102A50002BD07A49A8312068884226D0784920684E
:102A6000884222D076491831206888421DD07449A6
:102A700030312068884218D0714948312068884236
:102A800013D06F496031206888420ED06C4978318C
:102A90002068884209D06A4990312068884204D071
:102AA0006749A8312068884206D12068006820F074
:102AB00001002168086005E02068006820F001003E
:102AC0002168086011E002F07FFDA0EB08000528F6
:102AD0000BD920206065032084F8350000BF00205A
:102AE00084F8340000BF01209CE6286800F0010053
:102AF0000028E8D151492068884249D04F4918310F
:102B00002068884244D04D493031206888423FD007
:102B10004A494831206888423AD0484960312068A3
:102B2000884235D0454978312068884230D04349C1
:102B30009031206888422BD04049A83120688842D3
:102B400026D03F492068884222D03D49183120686C
:102B500088421DD03A4930312068884218D038491F
:102B600048312068884213D0354960312068884256
:102B70000ED0334978312068884209D030499031ED
:102B80002068884204D02E49A8312068884201D1AB
:102B9000012000E0002040B1A66D94F85C0000F038
:102BA0001F013F208840B06007E0A76D94F85C00EB
:102BB00000F01F0101208840786020492068884289
:102BC00076D01E4918312068884271D01B493031B7
:102BD000206888426CD0194948312068884267D003
:102BE000164960312068884262D0144978312068E3
:102BF00088425DD0114990312068884258D00F49F1
:102C0000A8312068884253D00D49206888424FD0AF
:102C10000B491831206888424AD009493031206870
:102C2000884245D0064948312068884240D004494E
:102C30006031206888423BD0014905E01000024025
:102C400010040240085402587831206888422FD07E
:102C50002549206888422BD02349183120688842B2
:102C600026D022492068884222D020491431206889
:102C700088421DD01D4928312068884218D01B4940
:102C80003C312068884213D018495031206888426E
:102C90000ED0164964312068884209D01349783132
:102CA0002068884204D011498C312068884201D1C3
:102CB000012000E0002068B1D4E919104860E06EFE
:102CC00040B1E06E006820F48070E16E0860D4E9E5
:102CD0001C104860012084F8350000BF002084F8F3
:102CE000340000BF00BF9DE5A00402400854025814
:102CF00070B504460CB9012070BD94F83500022867
:102D000003D0802060650120F6E7DC492068884216
:102D100049D0DA4918312068884244D0D749303147
:102D2000206888423FD0D5494831206888423AD04F
:102D3000D24960312068884235D0D0497831206846
:102D4000884230D0CD499031206888422BD0CB4981
:102D5000A8312068884226D0C9492068884222D0FC
:102D6000C7491831206888421DD0C54930312068D4
:102D7000884218D0C24948312068884213D0C049DF
:102D80006031206888420ED0BD4978312068884281
:102D900009D0BB4990312068884204D0B849A83195
:102DA0002068884201D1012000E00020F0B3042017
:102DB00084F83500B149206888424BD0AF491831BA
:102DC0002068884246D0AD4930312068884241D0E1
:102DD000AA494831206888423CD0A849603120681F
:102DE000884237D0A54978312068884232D0A3493B
:102DF0009031206888422DD0A049A83120688842AF
:102E000028D09F492068884224D09D4918312068E5
:102E100088421FD09A493031206888421AD0984998
:102E200048312068884215D0954900E020E06031A3
:102E3000206888420ED0924978312068884209D0B3
:102E40008F4990312068884204D08D49A83120688C
:102E5000884206D12068006820F0010021680860DF
:102E600009E12068006820F001002168086002E1A3
:102E70002068006820F00E00216808607F49206803
:102E8000884249D07D4918312068884244D07B4926
:102E90003031206888423FD07849483120688842E4
:102EA0003AD0764960312068884235D0734978310C
:102EB0002068884230D071499031206888422BD0F8
:102EC0006E49A8312068884226D06D492068884222
:102ED00022D06B491831206888421DD068493031B2
:102EE0002068884218D0664948312068884213D04B
:102EF00063496031206888420ED06149783120688A
:102F0000884209D05E4990312068884204D05C49EB
:102F1000A8312068884206D12068006820F00100AE
:102F20002168086005E02068006820F00100216841
:102F3000086052492068884270D050491831206892
:102F400088426BD04D4930312068884266D04B4969
:102F500048312068884261D0484960312068884201
:102F60005CD0464978312068884257D04349903137
:102F70002068884252D04149A831206888424DD00B
:102F80003F492068884249D03D491831206888422D
:102F900044D03B493031206888423FD038494831DD
:102FA000206888423AD0364960312068884235D05E
:102FB000334978312068884230D0314990312068D7
:102FC00088422BD02E49A8312068884226D02D492E
:102FD0002068884222D02B491431206888421DD0B5
:102FE000284928312068884218D026493C31206879
:102FF000884213D023495031206888420ED021499D
:1030000064312068884209D01E497831206888429E
:1030100004D01C498C312068884201D1012000E095
:103020000020D8B1206E006820F48070216E086006
:10303000A56D94F85C0000F01F01012088406860D5
:10304000D4E919104860E06E40B1E06E006820F4E9
:103050008070E16E0860D4E91C104860012084F89B
:10306000350000BF002084F8340000BF206D10B18F
:103070002046216D884700203EE6000010000240F7
:1030800010040240085402582DE9F84F044600206D
:103090000090FE4800684FF41651B0FBF1FAA66D9F
:1030A000D4F858803768D8F80090F94920688842E9
:1030B00049D0F74918312068884244D0F44930316A
:1030C000206888423FD0F2494831206888423AD08F
:1030D000EF4960312068884235D0ED497831206869
:1030E000884230D0EA499031206888422BD0E849A4
:1030F000A8312068884226D0E6492068884222D03C
:10310000E4491831206888421DD0E24930312068F6
:10311000884218D0DF4948312068884213D0DD4901
:103120006031206888420ED0DA49783120688842C0
:1031300009D0D84990312068884204D0D549A831B7
:103140002068884201D1012000E0002000287DD0C5
:1031500094F85C0000F01F010820884038400028E7
:1031600068D0CB492068884249D0C94918312068C5
:10317000884244D0C6493031206888423FD0C44993
:103180004831206888423AD0C1496031206888427D
:1031900035D0BF4978312068884230D0BC49903161
:1031A000206888422BD0BA49A8312068884226D0AE
:1031B000B8492068884222D0B64918312068884230
:1031C0001DD0B44930312068884218D0B149483107
:1031D0002068884213D0AF496031206888420ED001
:1031E000AC4978312068884209D0AA4990312068DA
:1031F000884204D0A749A8312068884204D12068B9
:10320000006800F0040003E02068006800F0080097
:1032100080B12068006820F004002168086094F8FC
:103220005C0000F01F0108208840B060606D40F035
:103230000100606594F85C0000F01F0101208840E7
:103240003840E8B392492068884200E0B7E24BD0AA
:103250008F4918312068884246D08D493031206826
:10326000884241D08A494831206888423CD0884908
:1032700060312068884237D085497831206888429B
:1032800032D083499031206888422DD08049A831BE
:103290002068884228D07F492068884224D07D4910
:1032A0001831206888421FD07A493031206888421E
:1032B0001AD0784948312068884215D0754900E015
:1032C00026E06031206888420ED07249783120684B
:1032D000884209D06F4990312068884204D06D49F6
:1032E000A8312068884204D12068406900F080003D
:1032F00002E020680068002050B194F85C0000F003
:103300001F0101208840B060606D40F002006065E0
:1033100094F85C0000F01F01042088403840E8B3B6
:103320005B49206888424BD059491831206888424F
:1033300046D0574930312068884241D054494831FD
:10334000206888423CD0524960312068884237D09A
:103350004F4978312068884232D04D4990312068F9
:1033600088422DD04A49A8312068884228D049494E
:103370002068884224D047491831206888421FD0ED
:1033800044493031206888421AD042494831206887
:10339000884215D03F496031206800E024E088422F
:1033A0000ED03C4978312068884209D039499031A3
:1033B0002068884204D03749A8312068884204D167
:1033C0002068006800F0020002E020680068002029
:1033D00050B194F85C0000F01F0104208840B060F8
:1033E000606D40F00400606594F85C0000F01F011F
:1033F000102088403840E8B325492068884251D0E1
:1034000023491831206888424CD021493031206846
:10341000884247D01E4948312068884242D01C4922
:103420006031206888423DD019497831206888424F
:1034300038D0174990312068884233D01449A831D8
:10344000206888422ED01349206888422AD011492A
:1034500018312068884225D00E49303120688842D2
:1034600020D00C494831206888421BD0094960317E
:10347000206800E04DE0884214D006497831206889
:1034800088420FD003499031206805E0C80000242D
:103490001000024010040240884203D0FE49206818
:1034A000884204D12068006800F0080003E020682A
:1034B000006800F0040060B394F85C0000F01F01A5
:1034C00010208840B0602068006800F4802080B13F
:1034D0002068006800F4002028B9206CC8B120469C
:1034E000216C884715E0A06C98B12046A16C8847F4
:1034F0000FE02068006800F4807028B92068006838
:1035000020F0080021680860206C10B12046216C72
:10351000884794F85C0000F01F0120208840384064
:1035200000287DD0DD492068884249D0DB49183128
:103530002068884244D0D9493031206888423FD041
:10354000D6494831206888423AD0D4496031206851
:10355000884235D0D14978312068884230D0CF496F
:103560009031206888422BD0CC49A831206888420D
:1035700026D0C949A8392068884221D0C649903947
:10358000206888421CD0C44978392068884217D006
:10359000C14960392068884212D0BF494839206843
:1035A00088420DD0BC4930392068884208D0BA49D9
:1035B00018392068884203D0B7492068884204D16E
:1035C0002068006800F0100003E02068006800F048
:1035D000020028B394F85C0000F01F01202088400E
:1035E000B06094F8350004282DD12068006820F0E0
:1035F0001600216808602068406920F0800021687A
:103600004861206C08B9A06C28B12068006820F0DF
:1036100008002168086094F85C0000F01F0100E0D9
:103620003FE03F208840B060012084F8350000BFB3
:10363000002084F8340000BF206D10B12046216DB9
:103640008847BDE8F88F2068006800F4802080B1CA
:103650002068006800F4002028B9606C08B3204698
:10366000616C88471DE0E06BD8B12046E16B88476C
:1036700017E02068006800F4807068B9206800686E
:1036800020F0100021680860012084F8350000BF98
:10369000002084F8340000BFE06B10B12046E16BDD
:1036A0008847606D00287AD0606D00F00100E8B3B3
:1036B000042084F835007949206888424BD0774946
:1036C00018312068884246D07449303120688842D9
:1036D00041D072494831206888423CD06F496031FE
:1036E0002068884237D06D4978312068884232D0CE
:1036F0006A499031206888422DD06849A8312068F5
:10370000884228D06449A8392068884223D0624979
:103710009039206888421ED05F49783920688842F5
:1037200019D05D4960392068884200E040E012D03D
:1037300059494839206888420DD0574930392068A6
:10374000884208D0544918392068884203D0524929
:103750002068884206D12068006820F001002168B6
:10376000086005E02068006820F00100216808601A
:1037700000BF0098401C0090504500D905E020682B
:10378000006800F001000028F3D100BF2068006845
:1037900000F0010020B1032084F8350003E00DE0C3
:1037A000012084F8350000BF002084F8340000BFF9
:1037B000E06C002802D02046E16C8847D9E1384906
:1037C0002068884222D036491431206888421DD0B2
:1037D000334928312068884218D031493C3120686B
:1037E000884213D02E495031206888420ED02C498F
:1037F00064312068884209D029497831206888429C
:1038000004D027498C312068884201D1012000E092
:1038100000200028D2D02068056894F85C0000F0F1
:103820001F010420884000EA0900D8B305F0040015
:10383000C0B394F85C0000F01F0104208840C8F871
:10384000040005F4004080B105F4803030B9A06C6C
:103850000028B3D02046A16C88478AE1206C00285C
:10386000ACD02046216C884783E105F02000E8BBFE
:103870000A492068884253D0084918312068884294
:103880004ED0064930312068884249D0034948313A
:103890002068884244D006E0B8040240100002408C
:1038A000085402584FE0B44960312068884237D04C
:1038B000B14978312068884232D0AF4990312068D0
:1038C00088422DD0AC49A8312068884228D0AB4925
:1038D0002068884224D0A9491831206888421FD026
:1038E000A6493031206888421AD000E025E0A3497B
:1038F00048312068884213D0A0496031206888424E
:103900000ED09E4978312068884209D09B49903179
:103910002068884204D09949A8312068884206D19D
:103920002068006820F008002168086005E0206831
:10393000006820F0040021680860206C10B3204665
:10394000216C884715E194F85C0000F01F0102200B
:10395000884000EA0900E8B305F00200D0B394F80B
:103960005C0000F01F0102208840C8F8040005F444
:10397000004070B105F4803028B9606C10B1204669
:10398000616C8847F5E0E06BF0B32046E16B884757
:10399000EFE005F02000C0BB7749206888424ED098
:1039A000754918312068884249D073493031206800
:1039B000884244D070494831206888423FD06E49DF
:1039C0006031206888423AD06B497831206888425B
:1039D00035D000E04EE068499031206888422ED012
:1039E0006549A8312068884229D064492068884206
:1039F00025D0624918312068884220D05F49303193
:103A0000206888421BD001E06EE02DE05B49483120
:103A10002068884213D059496031206888420ED00E
:103A2000564978312068884209D05449903120683D
:103A3000884204D05149A8312068884206D12068C4
:103A4000006820F014002168086005E02068006824
:103A500020F00A0021680860012084F8350000BFCA
:103A6000002084F8340000BFE06BE8B32046E16B2F
:103A700088477EE094F85C0000F01F010820884031
:103A800000EA090080B305F0080068B33A492068ED
:103A900088424BD0384918312068884246D0364990
:103AA00030312068884241D033494831206888420B
:103AB0003CD0314960312068884237D02E49783176
:103AC0002068884232D02C499031206888422DD01D
:103AD0002949A8312068884228D02849206888428E
:103AE00024D02649183100E043E0206888421DD0E8
:103AF000224930312068884218D020494831206856
:103B0000884213D01D496031206888420ED01B497D
:103B100078312068884209D018499031206888425D
:103B200004D01649A8312068884206D12068006870
:103B300020F01C002168086005E02068006820F083
:103B40000E002168086094F85C0000F01F0101205D
:103B50008840C8F804000120606584F8350000BF83
:103B6000002084F8340000BFE06C10B12046E16C06
:103B7000884700BF65E500001000024010040240C5
:103B80002DE9F041044601F01FFD804614B90120E3
:103B9000BDE8F081FE492068884249D0FC491831CF
:103BA0002068884244D0FA493031206888423FD0AA
:103BB000F7494831206888423AD0F5496031206899
:103BC000884235D0F24978312068884230D0F049B7
:103BD0009031206888422BD0ED49A8312068884276
:103BE00026D0EC492068884222D0EA491831206862
:103BF00088421DD0E74930312068884218D0E54915
:103C000048312068884213D0E249603120688842F8
:103C10000ED0E04978312068884209D0DD499031E2
:103C20002068884204D0DB49A8312068884201D14D
:103C3000012000E00020002873D0606A00B100BFBE
:103C4000022084F8350000BF002084F8340000BF53
:103C5000CF492068884249D0CD4918312068884230
:103C600044D0CB493031206888423FD0C8494831E0
:103C7000206888423AD0C64960312068884235D0F1
:103C8000C34978312068884230D0C14990312068DA
:103C900088422BD0BE49A8312068884226D0BD4931
:103CA0002068884222D0BB491831206888421DD044
:103CB000B84930312068884218D0B6494831206868
:103CC000884213D0B3496031206888420ED0B14990
:103CD00078312068884209D0AE4990312068884206
:103CE00004D0AC49A8312068884206D12068006819
:103CF00020F001002168086005E02068006820F0DD
:103D00000100216808600DE001F05EFCA0EB0800F6
:103D1000052807D920206065032084F8350001209C
:103D200036E769E02068006800F001000028EBD168
:103D30002068056898480540D4E9020108432169D4
:103D4000084361690843A1690843E1690843216A9E
:103D500008430543606A042803D1D4E90B010843F2
:103D600005436068292802D360682E2817D9606847
:103D70003F2802D36068422811D96068472802D3DF
:103D8000606848280BD960684F2802D360685228C1
:103D900005D96068742804D36068772801D80120A9
:103DA00000E0002008B145F4801520680560206817
:103DB000456925F00705606A0543606A04280DD14E
:103DC000A06A0543E06A48B12046FDF72DFA28B104
:103DD00040206065012084F83500D9E620684561FF
:103DE0002046FDF7FDF8064694F85C0000F01F0140
:103DF0003F208840B0609EE068492068884222D019
:103E000066491431206888421DD0644928312068F1
:103E1000884218D061493C312068884213D05F49FC
:103E20005031206888420ED05C4964312068884255
:103E300009D05A4978312068884204D057498C31DA
:103E40002068884201D1012000E00020E0B35349FE
:103E50002068884222D051491431206888421DD000
:103E60004E4928312068884218D04C493C3120689E
:103E7000884213D049495031206888420ED04749C2
:103E800064312068884209D04449783120688842EA
:103E900004D042498C312068884201D1012000E0E1
:103EA000002000B100BF022084F8350000BF0020D0
:103EB00084F8340000BF2068056839480540A068D0
:103EC000402802D1102106E02EE0A068802801D110
:103ED000C10100E00021E06841EAD001206941EA27
:103EE000D001606941EAD001A06941EAD001E069EE
:103EF00041EAD001206A41EA1010054320680560BC
:103F000026492068401A1421B0FBF1F08000E065DA
:103F10002046FDF765F8074694F85C0000F01F01A5
:103F200001208840786006E040206065032084F826
:103F3000350001202CE61649206888427AD01449C1
:103F400018312068884275D0114930312068884284
:103F500070D00F494831206888426BD00C496031DD
:103F60002068884266D00A4978312068884261D04A
:103F700007499031206888425CD00549A831206803
:103F8000884257D003492068884253D0014909E04C
:103F900010000240100402403F8010FE08540258F6
:103FA0000F00FEFF18312068884243D0374920684F
:103FB00088423FD035491831206888423AD0334989
:103FC00030312068884235D03049483120688842F5
:103FD00030D02E496031206888422BD02B4978316F
:103FE0002068884226D02A492068884222D0284961
:103FF0001431206888421DD0254928312068884224
:1040000018D023493C312068884213D020495031D0
:10401000206888420ED01E4964312068884209D049
:104020001B4978312068884204D019498C312068B6
:10403000884201D1012000E0002000B32046FDF7B6
:1040400045F8A068802801D1002060602079216EA9
:104050000860D4E919104860606860B16068082899
:1040600009D82046FDF794F80020E16E0860D4E9F5
:104070001C10486003E00020E066206760670020B5
:104080006065012084F83500002081E5400402408D
:10409000085402582DE9F04104460D4616461F46C5
:1040A0004FF0000814B90120BDE8F08100BF94F87A
:1040B0003400012801D10220F6E7012084F8340001
:1040C00000BF94F8350001287ED1022084F8350025
:1040D00000206065E4492068884249D0E2491831EF
:1040E0002068884244D0E0493031206888423FD07F
:1040F000DD494831206888423AD0DB496031206888
:10410000884235D0D84978312068884230D0D649A5
:104110009031206888422BD0D349A831206888424A
:1041200026D0D2492068884222D0D0491831206850
:1041300088421DD0CD4930312068884218D0CB4903
:1041400048312068884213D0C849603120688842CD
:104150000ED0C64978312068884209D0C3499031D1
:104160002068884204D0C149A8312068884206D11D
:104170002068006820F001002168086005E02068E0
:10418000006820F00100216808603B46324629465D
:104190002046FDF7A1F8B449206888424BD0B249C7
:1041A00018312068884246D0AF49303120688842B3
:1041B00041D0AD494831206888423CD0AA4960319D
:1041C0002068884237D000E042E1A7497831206872
:1041D000884230D0A4499031206888422BD0A2492F
:1041E000A8312068884226D0A0492068884222D081
:1041F0009E491831206888421DD09C493031206882
:10420000884218D0994948312068884213D097498C
:104210006031206888420ED0944978312068884205
:1042200009D0924990312068884204D08F49A83142
:104230002068884201D1012000E0002080B1206880
:10424000006820F01E0040F0160021680860206C15
:10425000B0B12068006840F00800216808600FE0F5
:104260002068006820F00E0040F00A002168086015
:10427000206C28B12068006840F0040021680860C4
:1042800079492068884270D077491831206888427F
:104290006BD0754930312068884266D07249483108
:1042A0002068884261D070496031206888425CD0C3
:1042B0006D4978312068884257D06B499031206829
:1042C000884252D06849A831206888424DD0674959
:1042D0002068884249D0654918312068884244D016
:1042E00062493031206888423FD0604948312068B7
:1042F00088423AD05D4960312068884235D05B49B8
:1043000078312068884230D05849903120688842FE
:104310002BD05649A8312068884226D054492068BD
:10432000884222D052491431206888421DD0504919
:1043300028312068884218D04D493C312068884295
:1043400013D04B495031206888420ED0484964311F
:104350002068884209D0464978312068884204D0D4
:1043600043498C312068884201D1012000E00020BF
:1043700090B1206E006800F4803028B1206E006893
:1043800040F48070216E0860E06E28B1E06E006835
:1043900040F48070E16E086033492068884249D05B
:1043A000314918312068884244D02F493031206883
:1043B00088423FD02C494831206888423AD02A4967
:1043C00060312068884235D027497831206888429A
:1043D00030D025499031206888422BD02249A8311D
:1043E0002068884226D021492068884222D01F496F
:1043F0001831206888421DD01C493031206888421D
:1044000018D01A4948312068884213D017496031C2
:10441000206888420ED0154978312068884209D03A
:10442000124990312068884204D01049A831206890
:10443000884206D12068006840F0010021680860C9
:1044400010E02068006840F001002168086009E081
:104450004FF40060606500BF002084F8340000BFA6
:104460004FF0010840461FE61000024010040240D1
:104470000854025870B5044601F0A6F806462546D1
:10448000681C10B104480078054400BF01F09CF896
:10449000801BA842FAD370BDD800002430B5034673
:1044A00093F89840012C01D0022C3ED11868806D01
:1044B000084030B91868C06D40F001001D68E8651B
:1044C0000EE01868806D0840884206D11868C06DFB
:1044D00040F002001D68E86502E003201D68E86501
:1044E00001F4007030B11868D0F8E00010431D6886
:1044F000C5F8E00001F4806030B11868D0F8E4003D
:1045000010431D68C5F8E40000BF1868406D0B4DEE
:104510000D4028431D6868650948006840EA9170AD
:10452000074D286000BF002030BDD3F89C0040F04C
:104530000200C3F89C000120F6E70000FFFFCF3F18
:1045400014A800402DE9F04104460E461746706855
:1045500000B900E000BF94F89800022832D120682A
:10456000D0F8C00000F07C5040B9D4F89C0040F076
:104570002000C4F89C000120BDE8F0812068D0F83C
:10458000C40000F4001038B1D4F89C0040F400706E
:10459000C4F89C000120EFE72068D0F8C400C0F305
:1045A00004452B463A4631462046FDF713F90120D3
:1045B000A8402168C1F8D0000120A840C4F89400A8
:1045C0000020D9E7D4F89C0040F00800C4F89C0013
:1045D0000120D1E7704710B5034601B900E000BFE4
:1045E00093F89800012824D151B91868D0F8F00048
:1045F00020F07C5040EA02601C68C4F8F00016E02D
:1046000001290AD11868D0F8A00020F0FE4040EA45
:1046100002601C68C4F8A00009E01868D0F8B00077
:1046200020F0FE4040EA02601C68C4F8B0000020A0
:1046300010BDD3F89C0040F00400C3F89C0001209A
:10464000F6E7F0B5024692F89860012E01D0022EEE
:1046500043D1C868072800D100BF086818BBC868E4
:10466000072800D000BFC86807280BD1088A4FF080
:10467000605747EA0040CF6940EA07208F6940EA67
:1046800007040AE0087A80070F7B40EAC7600F8AB8
:1046900040EA07404F6940EA0704D76E486807EBD5
:1046A00080031C6017E0C868072800D000BF0F7B9C
:1046B000086940EA4774C868072801D18D6903E09A
:1046C0000F7A486940EA8775176F486807EBC0039F
:1046D0001C601B1D1D600020F0BDD2F89C0040F046
:1046E0000200C2F89C000120F6E770477047000006
:1046F0002DE9F04304460D469C46002394F898802B
:10470000B8F1020F74D1402D38D12068D0F8A00044
:1047100000F4FE0040B9D4F89C0040F02000C4F83A
:104720009C000120BDE8F0832068D0F8A40000F0D0
:104730007F0038B9D4F89C0040F48070C4F89C0025
:104740000120EFE72068D0F8A400C0F3006040B17A
:104750002068D0F8A0004FF00109B9EBD07F00D15C
:1047600001232068D0F8A400C0F305200344606C46
:104770005843D4F8749009EB80014BE0412D38D1B7
:104780002068D0F8B00000F4FE0038B9D4F89C00DE
:1047900040F02000C4F89C000120C3E72068D0F856
:1047A000B40000F07F0038B9D4F89C0040F4807069
:1047B000C4F89C000120B5E72068D0F8B400C0F32D
:1047C000006040B12068D0F8B0004FF00109B9EBAB
:1047D000D07F00D101232068D0F8B400C0F30520B9
:1047E0000344E06C5843D4F8789009EB800111E061
:1047F0006DE0206DA84207D8D4F89C0040F020005E
:10480000C4F89C0001208DE7606D6843D4F87C906B
:1048100009EB8001086800F080405060506820B9C2
:104820000868C0F38A40106003E0086820F0604028
:104830001060086800F000509060086800F00040C8
:104840001061091D088880B2D0610868C0F3034078
:10485000D060086800F480105061086800F400100F
:1048600090610868C0F3066010620868C00F50626B
:10487000091D0F46002603E0B85D0CF80600761C03
:10488000DFF85C90D06819F80000B042F4D8402DF1
:1048900003D12068C0F8A83017E0412D03D120686B
:1048A000C0F8B83011E0202D06D20120A840D4F87D
:1048B0000090C9F8980008E005F01F09012000FAEF
:1048C00009F0D4F80090C9F89C0000202AE7D4F839
:1048D0009C0040F00800C4F89C00012022E7000082
:1048E0001C520108704700002DE9F04F8DB00446BE
:1048F000EF4800688707EE48001D006807EA8077E8
:104900002068006D00F470482068406D00EA0808D7
:104910002068006D00F00F092068406D00EA090969
:104920002068006D00F0F00A2068406D00EA0A0A75
:104930002068006D00F0715B2068406D00EA0B0B91
:104940002068006D00F060700C902068406D0C993C
:1049500008400C902068456D2068066DC5F3002066
:1049600070B1C6F3002058B100BF4FF480702168C9
:1049700008650020CE49086000BF2046FFF7B2FF5F
:10498000C5F38020C8B1C6F38020B0B12068D0F84C
:10499000DC000A902068D0F8E4000A9908400A90E8
:1049A00000BF4FF48060216808650020C04908609E
:1049B00000BF20460A9900F04EFC67B100BFBD4819
:1049C000384021680865B80FB949086000BF39460A
:1049D0002046FFF7FFFDB8F1000F0ED000BFB5482D
:1049E00008EA0000216808654FEA9870B04908603D
:1049F00000BF4146204600F030FCB9F1000F0ED058
:104A000000BFAC4809EA0000216808654FEA9970C8
:104A1000A749086000BF4946204600F0DFFBBAF115
:104A2000000F0ED000BFA3480AEA00002168086505
:104A30004FEA9A709E49086000BF5146204600F038
:104A4000E9FBC5F3C02070B1C6F3C02058B100BF68
:104A50004FF400602168086500209549086000BF98
:104A6000204600F0FBFBC5F34020C8B1C6F3402050
:104A7000B0B12068D0F8D8000B902068D0F8E000E2
:104A80000B9908400B9000BF4FF400702168086537
:104A900000208749086000BF20460B9900F0DCFB2E
:104AA000C5F3C04070B1C6F3C04058B100BF4FF469
:104AB00000202168086500207D49086000BF20466D
:104AC00000F08AFBC5F3004070B1C6F3004058B156
:104AD00000BF4FF4803021680865002074490860E9
:104AE00000BF204600F0B6FBC5F3804070B1C6F3AE
:104AF000804058B100BF4FF4802021680865002035
:104B00006B49086000BF204600F0A3FBC5F340409E
:104B100088B1C6F3404070B100BF4FF40030216847
:104B2000086500206249086000BFD4F89C0040F08E
:104B30008000C4F89C000C9870B100BF5D490C98CF
:104B40000840216808650C98800F5949086000BF2B
:104B500020460C99FFF7CAFDBBF1000F10D000BF33
:104B600054480BEA0000216808654FEA9B705049E1
:104B7000086000BFD4F89C0040EA0B00C4F89C0019
:104B80004D49206888427DD16068806800F003004C
:104B9000002877D06068006A00F00F000990606814
:104BA000406A0999084009906068006A00F0300086
:104BB00008906068406A0899084008906068006A38
:104BC00000F4C07007906068406A07990840079039
:104BD0006068006A00F4FC4006906068406A0699CC
:104BE000084006906068006A00F4F0200590606854
:104BF000406A0599084005906068406A02906068C4
:104C0000006A0190099830B10998616808622046ED
:104C1000099900F01BFB089830B108986168086298
:104C20002046089900F014FB0298C0F38010A0B150
:104C30000198C0F3801080B16068C06B000C0490D4
:104C40006068C06B00F03F0003904020616808621C
:104C50002046DDE9032100F0FAFA079830B1079801
:104C6000616808622046079900F0EFFA069840B1A3
:104C7000069861680862D4F89C0006990843C4F855
:104C80009C0000E00AE0059840B105986168086260
:104C9000D4F89C0005990843C4F89C00D4F89C0003
:104CA00010B12046FFF721FD0DB0BDE8F08F0000E8
:104CB00010A80040FFFFCF3F00A0004070B594B0A7
:104CC00004464C22B34901A8FBF7ADFB14B90120FF
:104CD00014B070BDB0492068884203D1206800F547
:104CE00080706060A068B0F5407F00D100BF206C8C
:104CF00000B100BFA06C00B100BF206D00B100BFCB
:104D0000206E00B100BFD4E91710084400B100BF05
:104D100094F8980028B9002084F89900204600F003
:104D20003DF92068806920F010002168886100F05A
:104D30004BFC05460EE000F047FC401B0A2809D951
:104D40009834606840F001006060032004F898091E
:104D50000120BDE72068806900F008000828EAD03B
:104D60002068806940F001002168886100F02CFC17
:104D700005460EE000F028FC401B0A2809D99834AB
:104D8000606840F001006060032004F89809012089
:104D90009EE72068806900F001000028EAD02068C2
:104DA000806940F0020021688861207C012806D1DA
:104DB0002068806920F040002168886105E0206853
:104DC000806940F0400021688861607C012806D13C
:104DD0002068806940F480402168886105E020688F
:104DE000806920F4804021688861A07C012806D178
:104DF0002068806920F480502168886105E020687F
:104E0000806940F48050216888612068806920F4BE
:104E10004070A1680843216888612068806920F09B
:104E2000A400216888612068006920F010002168D2
:104E30000861E068012806D12068806940F004001C
:104E40002168886120E0E068F0B1E068022815D0B0
:104E50002068806940F080002168886120680069CE
:104E600040F0100021680861E06803280CD1206838
:104E7000806940F020002168886105E02068806931
:104E800040F0200021688861207E401E4106E069D4
:104E9000401E41EA0020216A491E0843A18A491E9A
:104EA00040EA01402168C861A068B0F5407F0FD199
:104EB000A06A401EE16A491E40EA0121206B401EA3
:104EC00041EA0011A08C401E41EA00402168C86000
:104ED000206E38B12068D0F8C000616E08432168A8
:104EE000C1F8C000D4E91710084460B12068D0F8B8
:104EF000C80020F0070001AAA16E52F82110084353
:104F00002168C1F8C800206C60B12068D0F8BC00EE
:104F100020F0070001AA616C52F8211008432168B3
:104F2000C1F8BC00A06C68B12068D0F8BC0020F0CB
:104F3000700101AAE06C52F8200041EA00102168DB
:104F4000C1F8BC00206D68B12068D0F8BC0020F426
:104F5000E06101AA606D52F8200041EA002021685A
:104F6000C1F8BC000C492068884205D1606880689F
:104F700020F0030061688860002044F8940FA0606E
:104F800001202071943C2046FCF714FB0646304675
:104F90009EE600002C52010800A0004010B5B6B0FB
:104FA0000446142130A8FBF757FAB82102A8FBF7F2
:104FB00053FA82492068884251D14FF400410020C1
:104FC000CDE9021048031D9002A802F085FF08B148
:104FD000FCF7BDFA7A480068401C79490860084629
:104FE000006801280DD100BF7648006840F4807049
:104FF000744908600846006800F48070019000BFA2
:1050000000BF00BF6F480C38006840F008006D49D1
:105010000C3908600846006800F00800019000BFE5
:1050200000BF032030900220319000203290339056
:105030000920349030A9644800F0C8F90022052105
:10504000132000F079FB132000F062FB0022052101
:10505000152000F071FB152000F05AFBABE05B4916
:105060002068884251D14FF400410020CDE9021060
:1050700048031D9002A802F02FFF08B1FCF767FA61
:105080004F480068401C4E490860084600680128E7
:105090000DD100BF4B48006840F48070494908605A
:1050A0000846006800F48070019000BF00BF00BF98
:1050B00044480C38006840F0020042490C3908604E
:1050C0000846006800F00200019000BF00BF6020A9
:1050D000309002203190002032903390092034909B
:1050E00030A93B4800F072F900220521142000F09D
:1050F00023FB142000F00CFB00220521162000F0F9
:105100001BFB162000F004FB55E032492068884262
:1051100051D14FF400410020CDE9021048031D9009
:1051200002A802F0D9FE08B1FCF711FA2448006881
:10513000401C234908600846006801280DD100BFC3
:105140002048006840F480701E49086008460068E6
:1051500000F48070019000BF00BF00BF19480C38F8
:10516000006840F0080017490C39086008460068DC
:1051700000F00800019000BF00BF4FF44050309095
:10518000022031900020329033900520349030A9D5
:105190000D4800F01BF9002205219F2000F0CCFAF9
:1051A0009F2000F0B5FA00220521A02000F0C4FAEB
:1051B000A02000F0ADFA36B010BD000000A0004005
:1051C000A8000024EC440258000C025800A400403F
:1051D0000004025800D400407047000070B5044637
:1051E0000D4605F0010070B10748844201D10DF071
:1051F00093FD0648844201D10DF098FD0448844295
:1052000001D10DF09DFD70BDDC0A00247C0B002453
:105210001C0C00247047014691F8980001280CD11D
:10522000022081F898000868806920F001000A686F
:1052300090610020C1F89C007047D1F89C0040F0BC
:105240000400C1F89C000120F6E7704770477047E2
:10525000704770477047704770477047704700004D
:10526000F0B50C4600214E4B93E001268E4006EA35
:105270000402002A7ED04B4E8F0856F827508E0726
:10528000370F0F26BE403540474EB04201D10026B1
:1052900028E0464EB04201D1012623E0444EB04200
:1052A00001D102261EE0434EB04201D1032619E08F
:1052B000414EB04201D1042614E0404EB04201D12B
:1052C00005260FE03E4EB04201D106260AE03D4ED3
:1052D000B04201D1072605E03B4EB04201D109267C
:1052E00000E00A268F073F0FBE40AE421FD11E6866
:1052F00096431E605E6896435E604FF0B0467668E7
:1053000096434FF0B0477E603E46366896433E6017
:105310008E07370F0F2606FA07F5224E8F0856F82C
:105320002760AE431F4F4FEA910C47F82C60066888
:105330004FEA410C032707FA0CF73E430660CF08FB
:1053400000F1200656F827604F074FEAD76C0F2769
:1053500007FA0CF7BE434FEAD10C00F1200747F8DB
:105360002C60C6684FEA410C032707FA0CF7BE43CE
:10537000C66000E00CE0476801268E40B7434760F6
:1053800086684FEA410C032707FA0CF7BE43866094
:10539000491C24FA01F6002E7FF467AFF0BD00002F
:1053A0008000005808040058000002580004025809
:1053B00000080258000C025800100258001402584D
:1053C00000180258001C025800240258F8B5024682
:1053D0000B4600216D4DD2E001278F401E6806EA82
:1053E0000704002C72D01E7906F00306012E04D0AB
:1053F0001E7906F00306022E13D190684F00032693
:10540000BE40B0434F00DE68BE40304390605068FD
:1054100001268E40B0431E79C6F300168E403043FD
:1054200050601E7906F00306032E09D0D0684F00A5
:105430000326BE40B0434F009E68BE403043D0605C
:105440001E7906F00306022E13D1CF0802F12006C2
:1054500056F827004E07F70E0F26BE40B0434F0701
:10546000FF0E1E69BE403043CF0802F1200646F809
:10547000270010684F000326BE40B0431E7906F097
:1054800003064F00BE40304310605E6806F44036AD
:10549000002E73D000BF3E4E366846F002063C4FE9
:1054A0003E603E46366806F00206009600BF00BF2A
:1054B000384E8F0856F827008E07370F0F26BE404C
:1054C000B043354EB24202D1002629E056E0334EB9
:1054D000B24201D1012623E0314EB24201D102266F
:1054E0001EE0304EB24201D1032619E02E4EB242E8
:1054F00001D1042614E02D4EB24201D105260FE061
:105500002B4EB24201D106260AE02A4EB24201D108
:10551000072605E0284EB24201D1092600E00A26FE
:105520008F073F0FBE4030431A4E8F0846F82700C2
:105530004FF0B0463068A0435E6806F4801606B1AE
:1055400020434FF0B04630607068A0435E6806F4B8
:10555000001606B120434FF0B04670606868A04363
:105560005E6806F4003606B1204368602868A043F0
:105570005E6806F4803606B120432860491C1E6828
:10558000CE40002E7FF428AFF8BD00008000005808
:10559000F44402580804005800000258000402585D
:1055A00000080258000C025800100258001402585B
:1055B00000180258001C0258002402580AB18161E8
:1055C00001E00B04836170470148006870470000E8
:1055D000D0000024034800680349097808440149C1
:1055E00008607047D0000024D800002410B50320C4
:1055F00000F0E0F803F0E4FC10490968C1F303216E
:105600000F4A515C01F01F0120FA01F40B480068B9
:1056100000F00F001146085C00F01F0024FA00F0B3
:1056200008490860084804600F2000F00FF808B12E
:10563000012010BD00F054F80020FAE71844025889
:1056400004520108CC000024C800002470B58AB0C0
:105650000446102C0AD200222146A12000F06CF84A
:10566000A12000F055F81948046002E001200AB0BA
:1056700070BD00BF1648006840F080701449086093
:105680000846006800F08070009000BF00BF01A9CC
:1056900002A803F015FC03F081FC45000D48B5FBA2
:1056A000F0F0461E0C480D49086040F2E7310B4807
:1056B000C160466000210161816004F0FDFE18B9FF
:1056C000064804F053FFD2E70120D0E7D4000024BD
:1056D000EC44025840420F0000E000402028002423
:1056E00008B500BF0948006840F00200074908609B
:1056F0000846006800F00200009000BF00BF0022D2
:105700000F21901E00F018F808BD0000F444025864
:105710000146084600280DDB00BF00BF00F01F0354
:1057200001229A4043099B0003F1E023C3F80021C2
:1057300000BF00BF00BF70472DE9F05F80460D46F7
:1057400016460CF013FB074639462A46334601F04D
:105750000700C0F1070ABAF1040F02D94FF0040A9A
:1057600001E0C0F1070AD14600F1040ABAF1070FBF
:1057700002D24FF0000A01E0A0F1030AD4464FF034
:10578000010A0AFA09FAAAF1010A0AEA020A0AFA5D
:105790000CFA4FF0010B0BFA0CFBABF1010B0BEA0F
:1057A000030B4AEA0B04214640460CF0E7FABDE839
:1057B000F09F000000BF00F00702064B19684FF68B
:1057C000FF031940044B0B4343EA0221014B1960CC
:1057D00000BF70470CED00E00000FA052DE9F04F26
:1057E0008DB081460C4693464FF0000AD046FE49E4
:1057F000D9F80000884202D10026012501E00126E7
:105800000025002710E007EB470201AB03EBC201C4
:105810007A1CD0B207F054FB20B14FF0010A0820E7
:10582000C9F85400781CC7B2022FECD3BAF1000FAC
:105830007ED1ED48006800F0010038B1EA48006808
:1058400020F00100E849086048F00108E7480068D6
:1058500000F0010038B1E548006820F00100E3499C
:10586000086048F00208E24806EB460101AA02EB94
:10587000C1018968491E50F8210020F48072DC487B
:1058800006EB460101AB03EBC1018968491E40F8F4
:105890002120001F006800F0010000287FD0D448BC
:1058A000001F006820F00100D149091F0860012D88
:1058B00073D1081D05EB450101AA52F83110491EAC
:1058C00050F8210040F00202C94805EB450153F8A9
:1058D0003110491E40F8212005EB450001A901EBDC
:1058E000C0004068A0B1C24805EB450101AA02EB27
:1058F000C1014968491E50F8210040F02002BC480F
:1059000005EB450103EBC1014968491E40F8212020
:1059100005EB450001A901EBC000C068D8B1B4484F
:1059200005EB450101AA02EBC101097B491E00E01C
:10593000C9E201F0010150F8210040F48022AC4896
:1059400005EB450101AB03EBC101097B491E01F0E9
:10595000010140F8212005EB450001A901EBC00041
:105960000069002819D0A24805EB450101AA02EB05
:10597000C101097C491E01F0010150F8210040F0ED
:1059800080629B4805EB450101AB03EBC101097C3B
:10599000491E01F0010140F8212079E0FFE706EB04
:1059A000460001A951F83000002871D0904806EB5C
:1059B000460101AA52F83110491E50F8210020F08A
:1059C00001028B4806EB460101AB53F83110491E2A
:1059D00040F8212006EB460001A901EBC000406819
:1059E000A0B1834806EB460101AA02EBC101496858
:1059F000491E50F8210020F010027D4806EB4601B8
:105A000003EBC1014968491E40F8212006EB46001E
:105A100001A901EBC000C068C8B1754806EB46019A
:105A200001AA02EBC101097B491E01F0010150F8F6
:105A3000210020F480326E4806EB460101AB03EBF7
:105A4000C101097B491E01F0010140F8212006EB4C
:105A5000460001A901EBC0000069C8B1644806EB2B
:105A6000460101AA02EBC101097C491E01F00101B6
:105A700050F8210020F080725D4806EB460101AB32
:105A800003EBC101097C491E01F0010140F821200E
:105A900005EB450101AA52F831102068884222D056
:105AA00005EB450102EBC101A068896888421AD064
:105AB00005EB450102EBC10160684968884201D1EC
:105AC000606880B905EB450101AA02EBC101E068FD
:105AD000C968884207D005EB450102EBC101206986
:105AE0000969884227D105EB450101AA52F8311016
:105AF0002068884220D105EB450102EBC1016068B6
:105B00004968884218D105EB450102EBC101E06804
:105B1000C968884210D105EB450102EBC10120693B
:105B20000969884208D13248001F006840F001002E
:105B30002F49091F08608DE02D4805EB450101AA9A
:105B400052F83110491E50F8210020F00102284877
:105B500005EB450101AB53F83110491E40F82120F7
:105B600005EB450001A901EBC0004068A0B1204849
:105B700005EB450101AA02EBC1014968491E50F835
:105B8000210020F010021A4805EB450103EBC1018A
:105B90004968491E40F82120154805EB450101AA36
:105BA00002EBC1018968491E50F8210020F480727F
:105BB0000F4805EB450101AB03EBC1018968491EA4
:105BC00040F8212005EB450001A901EBC000C068A9
:105BD000F8B1074805EB450101AA02EBC101097BB9
:105BE000491E01F0010105E00050005200A00052E2
:105BF00004B4005250F8210020F48032B44805EB80
:105C0000450103EBC101097B491E01F0010140F888
:105C1000212005EB450001A901EBC0000069C8B1D6
:105C2000AB4805EB450101AA02EBC101097C491E05
:105C300001F0010150F8210020F08072A44805EB2A
:105C4000450101AB03EBC101097C491E01F00101D3
:105C500040F821209E48A168491E50F8210020F4F8
:105C600040714FF4807040EA462001439848A26892
:105C7000521E40F822106069401E9549091F0968AC
:105C8000C1F3074188420BD99148001F006820F4F6
:105C90007F01A08A401E41EA00408D49091F08602B
:105CA0008B48001F006800F00100002875D088486C
:105CB0002168491E50F8210020F00300401C84494F
:105CC0002268521E41F82200606868B10846616887
:105CD000491E50F8210020F0300040F010027C48AE
:105CE0006168491E40F82120E06800F4803090B1DE
:105CF0007748217B491E01F0010150F8210020F472
:105D0000E02040F480327248217B491E01F00101FD
:105D100040F8212013E0E06888B16D48217B491EDE
:105D200001F0010150F8210020F0E06040F08072A5
:105D30006748217B491E01F0010140F821202069BC
:105D400000F4803090B16248217C491E01F00101CD
:105D500050F8210020F4E02040F440325C48217CDF
:105D6000491E01F0010140F821209AE02069002835
:105D700011D05748217C491E01F0010150F8210043
:105D800020F0E06040F040725148217C491E01F053
:105D9000010140F8212084E0FFE74D482168491EB9
:105DA00050F8210020F00301012040EA46000143A1
:105DB00047482268521E40F82210606878B1444873
:105DC0006168491E50F8210020F03000102141EA9E
:105DD000461108433E496268521E41F82200E068BD
:105DE00000F48030A8B13A48217B491E01F001013E
:105DF00050F8210020F4E0204FF4803141EA864140
:105E000008433349227B521E02F0010241F822006E
:105E100016E0E068A0B12E48217B491E01F0010187
:105E200050F8210020F0E0604FF0807141EA866177
:105E300008432749227B521E02F0010241F822004A
:105E4000206900F48030A8B12148217C491E01F06E
:105E5000010150F8210020F4E0204FF4403141EAE4
:105E6000864108431A49227C521E02F0010241F881
:105E7000220016E02069A0B11548217C491E01F0DE
:105E8000010150F8210020F0E0604FF0407141EA3C
:105E9000866108430E49227C521E02F0010241F83D
:105EA000220008F0010028B10A48006840F0010013
:105EB0000849086008F0020028B10748006840F06F
:105EC00001000549086050460DB0BDE8F08F0000A4
:105ED00004B400520050005200A0005270B50446B5
:105EE00000250CB9012510E02068006820F00100B1
:105EF000216808602068806820F0020021688860BE
:105F0000204600F08DF800202065284670BD000076
:105F1000F8B504460025FFF757FB06460CB90125E6
:105F20007AE000206065206D002875D1204600F0E1
:105F3000A7F841F28831204600F074F9208A401E0B
:105F4000E16841EA00416069401E41EA0020616B5E
:105F50000843E169084321688968304A11400843D1
:105F6000216888602068C06820F4E020216A084326
:105F70002168C860208EA16B41EA00402168086159
:105F80002168E06B48612068006820F4F85160687F
:105F9000401E41EA002021680860A06D33460022BF
:105FA00020210090204606F0FFFF05468DBB2068AB
:105FB000C06820F0FF00616A491E08432168C8607C
:105FC0002068006820F04000A1680843216808604C
:105FD000D4E90A0108432168D1F8081121F0A04151
:105FE00008432168C1F808012068006840F00100FA
:105FF00021680860A069022805D12068806840F007
:10600000020021688860E068B0F1806F02D1012051
:10601000206501E0022020652846F8BDF4F8E0F88C
:1060200010B504461049206888421CD10F4800680A
:1060300020F400100D4908600846006820F4002094
:1060400008600A210A48FFF70BF905210948FFF704
:1060500007F94FF400610848FFF702F94FF40061B7
:106060000648FFF7FDF810BD00A00052D4440258C6
:10607000000002580004025800100258000C025898
:1060800010B5B6B00446142130A8FAF7E5F9B821E6
:1060900002A8FAF7E1F95D49206888427ED14FF005
:1060A00000710020CDE90210159002A801F014FF44
:1060B00008B1FBF74CFA00BF5548006840F40010E7
:1060C000534908600846006800F40010019000BFC2
:1060D00000BF00BF0846006840F400200860084682
:1060E000006800F40020019000BF00BF00BF4848D6
:1060F0000C30006840F0010045490C31086008464A
:10610000006800F00100019000BF00BF00BF08461A
:10611000006840F0020008600846006800F00200D5
:10612000019000BF00BF00BF0846006840F01000AB
:1061300008600846006800F01000019000BF00BF32
:1061400000BF0846006840F0080008600846006884
:1061500000F00800019000BF00BF02203090319095
:1061600000203290032033900920349030A9294830
:10617000FFF72CF908203090022031900020329057
:10618000032033900620349030A92248FFF71EF9EF
:106190000120309002203190002000E034E0329065
:1061A000032033900420349030A91B48FFF70EF9E8
:1061B0000420309002203190002032900320339050
:1061C0000920349030A91448FFF700F94FF400601B
:1061D00030900220319000203290032033900B2029
:1061E000349030A90D48FFF7F1F84FF4006030907B
:1061F0000220319000203290032033900920349007
:1062000030A90748FFF7E2F836B010BD00A00052F1
:10621000D4440258000002580004025800100258EA
:10622000000C0258024691650020704701460A683A
:106230000120C1F8D804002081F8CC04906940F016
:1062400000609061506D024B18435065002070470C
:10625000030000107047024610684162002070473A
:10626000F0B5034615461868446A21B944EA05406A
:106270001E68B06219E01868806A04EB10440022BE
:1062800008E0186800F5827050F8220004EB104412
:10629000501CC2B2481E9042F3D844EA0547186821
:1062A00000F582704E1E40F826700020F0BD10B53B
:1062B0000446D4F8E00409F0B7FF10BD70B50446F9
:1062C0000D4605EBC50304F1140101EB8301CA6817
:1062D0002946D4F8E00409F0A2FE70BD70B504466A
:1062E0000D4605EBC50304F5157101EB8301CA6882
:1062F0002946D4F8E00409F016FF70BD10B5044635
:10630000D4F8E00409F093FF10BD2DE9F0410446F4
:106310000D4605F08000802808D105F00F0000EB45
:10632000C00104F1140000EB810607E005F00F0046
:1063300000EBC00104F5157000EB810631462068C2
:106340000BF0CAF907463846BDE8F08170B504463F
:106350000E4606F0800080280AD106F00F0000EB00
:10636000C00104F1140000EB81050120687009E010
:1063700006F00F0000EBC00104F5157000EB81057D
:106380000020687006F00F00287000BF94F8940495
:10639000012801D1022070BD012084F8940400BFBF
:1063A000294620680AF02AFD00BF002084F89404E2
:1063B00000BF00BFEFE770B504460E4606F00F00C1
:1063C0002179884201D9012070BD06F08000802823
:1063D0000AD106F00F0000EBC00104F1140000EB3D
:1063E00081050120687009E006F00F0000EBC00194
:1063F00004F5157000EB8105002068700020A8707E
:1064000006F00F00287000BF94F89404012801D111
:106410000220D9E7012084F8940400BF29462068AF
:106420000AF0E6FE00BF002084F8940400BF00BF1D
:10643000CAE7024601F00F0000EBC00302F5157039
:1064400000EB8300406970472DE9F04705460E4692
:1064500090461F464FF0000906F0800080280AD1C0
:1064600006F00F0000EBC00105F1140000EB810401
:106470000120607009E006F00F0000EBC00105F597
:10648000157000EB81040020607006F00F00207092
:10649000C8F30A00A0602771607808B12078608393
:1064A000022F01D10020607100BF95F894040128EB
:1064B00002D10220BDE8F087012085F8940400BFD6
:1064C000214628680AF0A4FB00BF002085F8940448
:1064D00000BF4846EEE72DE9F04105460E46174657
:1064E000984606F00F0000EBC00105F5157000EBB3
:1064F0008104E760C4F8108000206061607006F0DD
:106500000F002070A879012800D1E761AA792146FF
:1065100028680AF001FF0020BDE8F08170B504464C
:106520000D4605F00F002179884201D9012070BD88
:1065300005F0800080280AD105F00F0000EBC001B3
:1065400004F1140000EB81060120707007E005EBF8
:10655000C50104F5157000EB810600207070012064
:10656000B07005F00F00307000BF94F8940401285B
:1065700001D10220DBE7012084F8940400BF3146FA
:1065800020680AF07CFE05F00F0028B9A17904F21A
:106590009C4220680AF0F4FD00BF002084F89404B7
:1065A00000BF00BFC3E72DE9F04105460E46174680
:1065B000984606F00F0000EBC00105F1140000EB57
:1065C0008104E760C4F810800020606101206070E1
:1065D00006F00F002070A879012800D1E761AA79A0
:1065E000214628680AF098FE0020BDE8F0812DE9D8
:1065F000FE4F0446D4F800B05E4620680BF04EF91A
:10660000002874D120680BF088F908B9BDE8FE8F26
:1066100040F608008059C0F30D20C4F8D404206867
:106620000BF07BF900F00200022805D120684069D8
:1066300000F002002168486120680BF06EF900F05C
:106640001000102845D12068806920F010002168D2
:106650008861DBF8209009F00F0000EBC00104F521
:10666000157000EB810AC9F3434002281AD147F69E
:10667000F07009EA000030B3C9F30A125846DAF89C
:106680000C100BF04FF9C9F30A11DAF80C000844AA
:10669000CAF80C00C9F30A11DAF814000844CAF861
:1066A000140010E0C9F3434006280CD1082204F27C
:1066B0009C4158460BF036F9C9F30A11DAF8140078
:1066C0000844CAF814002068806940F0100021686E
:1066D000886120680BF021F900F40020B0F5002F4C
:1066E0007BD1002520680BF0E8F8029072E003E30C
:1066F000029800F00100002868D0E9B220680BF091
:10670000FFF8804608F0010048B1012106F530602D
:1067100000EB451081602946204606F0A5FC08F0F4
:106720000800082809D1082106F5306000EB451063
:1067300081602946204606F065FC08F0100010280C
:1067400005D1102106F5306000EB4510816008F09E
:106750000200022824D1DBF8140000F08000802819
:1067600007D140F60400805940F4806140F60400EF
:10677000815105EBC50104F5157000EB810A9AF80B
:106780000300012806D100208AF80300E9B2204660
:1067900000F0BDFA022106F5306000EB4510816083
:1067A00008F02000202805D1202106F5306000EBFC
:1067B0004510816008F40050B0F5005F06D14FF439
:1067C000005106F5306000EB451081606D1C0298A9
:1067D00040080290029800288AD120680BF09DF8AA
:1067E00000F48020B0F5802F7DD120680BF05BF89D
:1067F000029000259AE0029800F00100002873D072
:10680000E9B220680BF063F8804608F00100F0B3AD
:1068100005F00F0101208840019040F634008159B5
:10682000019821EA000040F634018851012106F563
:10683000106000EB45108160A079012824D105EBA0
:10684000C50104F1140000EB810005EBC502C1682D
:1068500004F1140000EB82008068014405EBC502DE
:1068600004F1140000EB8200C1606DB905EBC501B5
:1068700004F1140000EB8100006928B904F29C4285
:10688000012120680AF07CFCE9B2204600E001E02A
:10689000FFF714FD08F00800082805D1082106F5C7
:1068A000106000EB4510816008F01000102805D141
:1068B000102106F5106000EB4510816008F04000E3
:1068C000402805D1402106F5106000EB451081609D
:1068D00008F0020002281DD1294658460AF0A1FFFF
:1068E00005EBC50101E025E01CE004F1140000EB1C
:1068F000810A9AF80300012806D100208AF80300D3
:10690000E9B2204600F0FAF9022106F5106000EB2A
:106910004510816008F08000802803D12946204678
:1069200006F044FC6D1C0298400802900298002872
:106930007FF461AF20680AF0F0FF00F00040B0F192
:10694000004F1CD140F60400805920F0010140F6B0
:106950000400815194F8CC04012807D1002084F868
:10696000CC0400212046FFF775FC02E0204600F031
:10697000D7FA2068406900F000402168486120682B
:106980000AF0CBFF00F40060B0F5006F0ED140F6C6
:106990000800805900F0010010B1204600F018FBFB
:1069A0002068406900F400602168486120680AF0AE
:1069B000B4FF00F00060B0F1006F19D120684069A9
:1069C00000F000602168486194F8CC0468B90120A7
:1069D00084F8CC042068406DC0F38300C4F8D00470
:1069E00001212046FFF736FC02E0204600F0F0FAD5
:1069F00020680AF092FF00F48050B0F5805F7ED1ED
:106A000040F60400805920F0010140F60400815155
:106A1000102120680AF005FF002732E04FF67F3191
:106A200006F5106000EB4710816006F5106000EB82
:106A30004710006820F4001106F5106000EB4710C5
:106A400001604FF67F3106F5306000EB4710816042
:106A500006F5306000EB4710006820F4001106F5E1
:106A6000306000EB4710016006F5306000EB471026
:106A7000006840F0006106F5306000EB47100160EF
:106A80007F1C2079B842C9D840F61C00805940F0DC
:106A9000011140F61C008151E07B70B1D6F88408EA
:106AA00040F00B01C6F8841840F64400805940F0CD
:106AB0000B0140F6440081510FE040F6140080596C
:106AC00042F22B01084340F614018851081F8059F7
:106AD00040F00B014FF401608151D6F8000820F41A
:106AE000FE60C6F80008A17904F29C4220680AF012
:106AF00047FB2068406900F48050216800E000E016
:106B0000486120680AF009FF00F40050B0F5005F0A
:106B100017D120680AF0E4F820680AF0ACFEE071B2
:106B200002F004FA0090E279206800990AF07CFFF4
:106B3000204600F0DDF92068406900F4005021682B
:106B4000486120680AF0E9FE00F00800082808D132
:106B5000204600F0ECF92068406900F00800216848
:106B6000486120680AF0D9FE00F08000802818D122
:106B7000DBF8180020F08000CBF8180001250DE0AC
:106B800005EBC50104F5157000EB8100C078012804
:106B900003D1E9B22046FFF7B8FB6D1C2079A8426B
:106BA000EED820680AF0B9FE00F48010B0F5801F1E
:106BB0002DD1012522E006F5106000EB4510D0F83C
:106BC000009005EBC50104F1140000EB8100007991
:106BD000012812D109F00040B0F1004F0DD1012180
:106BE00005EBC50204F1140000EB8200C170E8B2AD
:106BF00040F080012046FFF788FB6D1C2079A842F9
:106C0000D9D82068406900F4801021684861206864
:106C10000AF083FE00F40010B0F5001F44D10125F6
:106C200038E006F5306000EB4510D0F8009005EB39
:106C3000C50104F5157000EB81000079012828D109
:106C400009F00040B0F1004F23D194F8D40400F0D3
:106C50000100C9F3004188421BD1012105EBC502A7
:106C600004F5157000EB8200C170DBF8180040F0ED
:106C70008000CBF81800DBF8140000F0800040B969
:106C800040F60400805940F4007140F60400815140
:106C900003E06D1C2079A842C3D800BF206840697A
:106CA00000F400102168486120680AF036FE00F008
:106CB0008040B0F1804F08D12046FFF7F8FA2068F5
:106CC000406900F080402168486120680AF025FE94
:106CD00000F0040004280FD12068D0F8049009F0D7
:106CE0000400042802D12046FFF708FB2068406812
:106CF00040EA09002168486000BF87E470B5044697
:106D00000D462946D4F8E00409F002FB70BD70B5C9
:106D100004460D462946D4F8E00409F01DFB70BD79
:106D200038B504460CB9012038BD94F8950428B94B
:106D3000002084F89404204600F0A2F8032084F890
:106D4000950420680AF014FA207C8DF8000094E87D
:106D50000F0009F0D9FF20B1022084F8950401202A
:106D6000E2E7002120680AF00DFE20B1022084F83D
:106D700095040120D8E7002531E0012105EBC5028B
:106D800004F1140000EB8200417005EBC50104F131
:106D9000140000F8215005EBC50100EB810045838C
:106DA000002105EBC50204F1140000EB8200017123
:106DB00005EBC50204F1140000EB8200816005EBD5
:106DC000C50204F1140000EB8200C16005EBC502AE
:106DD00004F1140000EB82000161681CC5B2207947
:106DE000A842CADC00252AE0002105EBC50204F513
:106DF000157000EB8200417005EBC50104F51570BC
:106E000000F82150002105EBC50200EB8200017162
:106E100005EBC50204F5157000EB8200816005EBFF
:106E2000C50204F5157000EB8200C16005EBC502D8
:106E300004F5157000EB82000161681CC5B2207971
:106E4000A842D1DC207C8DF8000094E80F000AF005
:106E50009FF820B1022084F89504012064E7002007
:106E60006074012084F89504207B012802D120461B
:106E7000FFF7DCF920680AF079F8002054E70000F9
:106E800010B5B0B00446B82102A8F9F7E5FA1649E2
:106E90002068884225D14FF480210020CDE90210DE
:106EA0004FF44010239002A801F016F808B1FAF749
:106EB0004EFB00F0D7F800BF0C48006840F00070AF
:106EC0000A4908600846006800F00070019000BFA1
:106ED00000BF002205214D20FEF72EFC4D20FEF7BD
:106EE00017FC30B010BD000000000440D844025828
:106EF00070B504460125E07908B9002506E0E0797F
:106F0000022801D1012501E0FAF721FB2946D4F836
:106F1000E00409F0CAFAD4F8E00409F071FA70BD8F
:106F200010B50446D4F8E00409F0A0FA10BD10B57D
:106F30000446D4F8E00409F0A4FA10BD70B5044684
:106F40000D4600BF94F89404012801D1022070BDC1
:106F5000012084F8940400BF6574294620680AF073
:106F600045FD00BF002084F8940400BF00BFEEE799
:106F700010B5044604F29C41D4F8E00409F0ACFAE0
:106F800010BD70B50446256800BF94F8940401282C
:106F900001D1022070BD012084F8940400BFE8688C
:106FA00000F0400030B1607B012803D1A86B40F4B1
:106FB0008030A86320680AF005FC206809F0C4FF4F
:106FC00000BF002084F8940400BF00BFE2E7000087
:106FD00010B50446D4F8E00409F0DBFA2068D0F8D4
:106FE000000E40F001002168C1F8000EE07A28B1DF
:106FF0000348006840F006000149086010BD000029
:1070000010ED00E070B5044615480068C0F380003C
:1070100048B91348006800F00700A04201D00120E1
:1070200070BD0020FCE70E48006820F007002043F8
:107030000B490860FEF7C8FA054607E0FEF7C4FAF8
:10704000401BB0F57A7F01D90120E9E704480838F0
:107050000068C0F340300028F0D00020E0E70000D6
:107060000C4802580348006840F0807001490860ED
:10707000704700000C48025810B501F057FF054951
:107080000968C1F30211044A515C01F01F01C840B4
:1070900010BD0000204402580452010870B501469A
:1070A000844D2D6805F00303824D2D68C5F305104E
:1070B000804D2D1D2D6805F001047E4D0C352D6889
:1070C000C5F3CC0515FB04F501EE105AB8EE411AD4
:1070D000F0EE410A00286FD023B1012B4ED0022BD5
:1070E0006BD16BE0734D283D2D68C5F340153DB362
:1070F000704D283D2D68C5F3C1066F4D25FA06F287
:1071000001EE102AF8EE411A01EE100AB8EE411A0B
:1071100081EE812A9FED691AC0EE811A654D08350E
:107120002D68C5F3080501EE105AB8EE411A31EE8C
:10713000811AF7EE001A31EE211A22EE010A1CE044
:1071400001EE100AB8EE411ADFED5D1A81EE812AD8
:107150009FED5A1AC0EE811A564D08352D68C5F3B9
:10716000080501EE105AB8EE411A31EE811AF7EE19
:10717000001A31EE211A22EE010A5BE001EE100A3C
:10718000B8EE411ADFED4F1A81EE812A9FED4B1ABE
:10719000C0EE811A474D08352D68C5F3080501EE8C
:1071A000105AB8EE411A31EE811AF7EE001A31EE9C
:1071B000211A22EE010A3DE077E01DE001EE100AFF
:1071C000B8EE411A9FED402AC2EE011A9FED3B1A1C
:1071D00080EE812A374D08352D68C5F3080501EE8C
:1071E000105AB8EE411A32EE011AB7EE002A31EE0B
:1071F000021A21EE810A1DE001EE100AB8EE411AD2
:10720000DFED2F1A81EE812A9FED2C1AC0EE811A34
:10721000284D08352D68C5F3080501EE105AB8EE63
:10722000411A31EE811AF7EE001A31EE211A22EEE0
:10723000010A00BF00BF1F4D08352D68C5F3462564
:1072400001EE105AB8EE411AF7EE001A31EE211A8B
:10725000C0EE011ABCEEE11A81ED001A154D083599
:107260002D68C5F3064501EE105AB8EE411AF7EE47
:10727000001A31EE211AC0EE011ABCEEE11A81EDBE
:10728000011A0C4D08352D68C5F3066501EE105A3C
:10729000B8EE411AF7EE001A31EE211AC0EE011ACB
:1072A000BCEEE11A81ED021A03E000250D604D608D
:1072B0008D6070BD284402580090D0030000004645
:1072C0000024744C0024744A001BB74B70B501466F
:1072D000844D2D6805F00303824D2D68C5F30530FC
:1072E000804D2D1D2D68C5F300147E4D14352D687D
:1072F000C5F3CC0515FB04F501EE105AB8EE411AA2
:10730000F0EE410A00286FD023B1012B4ED0022BA2
:107310006BD16BE0734D283D2D68C5F340153DB32F
:10732000704D283D2D68C5F3C1066F4D25FA06F254
:1073300001EE102AF8EE411A01EE100AB8EE411AD9
:1073400081EE812A9FED691AC0EE811A654D1035D4
:107350002D68C5F3080501EE105AB8EE411A31EE5A
:10736000811AF7EE001A31EE211A22EE010A1CE012
:1073700001EE100AB8EE411ADFED5D1A81EE812AA6
:107380009FED5A1AC0EE811A564D10352D68C5F37F
:10739000080501EE105AB8EE411A31EE811AF7EEE7
:1073A000001A31EE211A22EE010A5BE001EE100A0A
:1073B000B8EE411ADFED4F1A81EE812A9FED4B1A8C
:1073C000C0EE811A474D10352D68C5F3080501EE52
:1073D000105AB8EE411A31EE811AF7EE001A31EE6A
:1073E000211A22EE010A3DE077E01DE001EE100ACD
:1073F000B8EE411A9FED402AC2EE011A9FED3B1AEA
:1074000080EE812A374D10352D68C5F3080501EE51
:10741000105AB8EE411A32EE011AB7EE002A31EED8
:10742000021A21EE810A1DE001EE100AB8EE411A9F
:10743000DFED301A81EE812A9FED2C1AC0EE811A01
:10744000284D10352D68C5F3080501EE105AB8EE29
:10745000411A31EE811AF7EE001A31EE211A22EEAE
:10746000010A00BF00BF1F4D10352D68C5F346252A
:1074700001EE105AB8EE411AF7EE001A31EE211A59
:10748000C0EE011ABCEEE11A81ED001A154D10355F
:107490002D68C5F3064501EE105AB8EE411AF7EE15
:1074A000001A31EE211AC0EE011ABCEEE11A81ED8C
:1074B000011A0C4D10352D68C5F3066501EE105A02
:1074C000B8EE411AF7EE001A31EE211AC0EE011A99
:1074D000BCEEE11A81ED021A03E000250D604D605B
:1074E0008D6070BD284402580090D0030000004613
:1074F0000024744C0024744A001BB74B70B501463D
:10750000844D2D6805F00303824D2D68C5F30550A9
:10751000804D2D1D2D68C5F300247E4D1C352D6832
:10752000C5F3CC0515FB04F501EE105AB8EE411A6F
:10753000F0EE410A00286FD023B1012B4ED0022B70
:107540006BD16BE0734D283D2D68C5F340153DB3FD
:10755000704D283D2D68C5F3C1066F4D25FA06F222
:1075600001EE102AF8EE411A01EE100AB8EE411AA7
:1075700081EE812A9FED691AC0EE811A654D18359A
:107580002D68C5F3080501EE105AB8EE411A31EE28
:10759000811AF7EE001A31EE211A22EE010A1CE0E0
:1075A00001EE100AB8EE411ADFED5D1A81EE812A74
:1075B0009FED5A1AC0EE811A564D18352D68C5F345
:1075C000080501EE105AB8EE411A31EE811AF7EEB5
:1075D000001A31EE211A22EE010A5BE001EE100AD8
:1075E000B8EE411ADFED4F1A81EE812A9FED4B1A5A
:1075F000C0EE811A474D18352D68C5F3080501EE18
:10760000105AB8EE411A31EE811AF7EE001A31EE37
:10761000211A22EE010A3DE077E01DE001EE100A9A
:10762000B8EE411A9FED402AC2EE011A9FED3B1AB7
:1076300080EE812A374D18352D68C5F3080501EE17
:10764000105AB8EE411A32EE011AB7EE002A31EEA6
:10765000021A21EE810A1DE001EE100AB8EE411A6D
:10766000DFED301A81EE812A9FED2C1AC0EE811ACF
:10767000284D18352D68C5F3080501EE105AB8EEEF
:10768000411A31EE811AF7EE001A31EE211A22EE7C
:10769000010A00BF00BF1F4D18352D68C5F34625F0
:1076A00001EE105AB8EE411AF7EE001A31EE211A27
:1076B000C0EE011ABCEEE11A81ED001A154D183525
:1076C0002D68C5F3064501EE105AB8EE411AF7EEE3
:1076D000001A31EE211AC0EE011ABCEEE11A81ED5A
:1076E000011A0C4D18352D68C5F3066501EE105AC8
:1076F000B8EE411AF7EE001A31EE211AC0EE011A67
:10770000BCEEE11A81ED021A03E000250D604D6028
:107710008D6070BD284402580090D00300000046E0
:107720000024744C0024744A001BB74B2DE9F0432D
:1077300089B006460F464FF4807186EA010038434F
:1077400070D1F748006800F00709B9F1050F65D25C
:10775000DFE809F0031221623000F1485038006878
:1077600000F00070B0F1007F04D106A8FFF796FC8E
:10777000079C00E0002453E0E9485038006800F01E
:107780000060B0F1006F04D103A8FFF79FFD039CD8
:1077900000E0002444E0E2485038006800F0005067
:1077A000B0F1005F04D16846FFF7A8FE009C00E03E
:1077B000002435E0DA48001F006800F04055D84842
:1077C0005038006800F00400042809D145B9D448B5
:1077D00050380068C0F3C101D24820FA01F41AE021
:1077E000CF485038006800F48070B0F5807F04D135
:1077F000B5F1805F01D1CC4C0DE0C948503800682C
:1078000000F40030B0F5003F04D1B5F1005F01D1C4
:10781000C64C00E0002403E0C54C01E0002400BF9A
:107820004BE3FFE74FF4806186EA010038437BD1E8
:10783000BB480830006800F46009B9F5800F2CD00F
:1078400006DCB9F1000F0AD0B9F5001F69D115E0C7
:10785000B9F5C00F63D0B9F5000F62D12CE0B04884
:107860005038006800F00070B0F1007F04D106A825
:10787000FFF714FC079C00E0002454E0A8485038AF
:10788000006800F00060B0F1006F04D103A8FFF7BA
:107890001DFD039C00E0002445E0A148503800682D
:1078A00000F00050B0F1005F04D16846FFF726FEFB
:1078B000009C00E0002436E09948001F006800F0BA
:1078C000405597485038006800F00400042809D15A
:1078D00045B9934850380068C0F3C101914820FA77
:1078E00001F41BE08E485038006800F48070B0F559
:1078F000807F04D1B5F1805F01D18B4C0EE08848C8
:107900005038006800F40030B0F5003F05D1B5F103
:10791000005F02D1854C01E006E0002403E0844CC6
:1079200001E0002400BFC8E24FF4006186EA0100D4
:1079300038437BD17A480830006800F0E069B9F13B
:10794000007F2CD006DCB9F1000F0AD0B9F1807F9E
:1079500069D115E0B9F1407F63D0B9F1806F62D190
:107960002CE06F485038006800F00070B0F1007FE4
:1079700004D106A8FFF792FB079C00E0002454E026
:1079800067485038006800F00060B0F1006F04D123
:1079900003A8FFF79BFC039C00E0002445E060483F
:1079A0005038006800F00050B0F1005F04D1684624
:1079B000FFF7A4FD009C00E0002436E05848001FBB
:1079C000006800F0405556485038006800F0040048
:1079D000042809D145B9524850380068C0F3C101A4
:1079E000504820FA01F41BE04D485038006800F47C
:1079F0008070B0F5807F04D1B5F1805F01D14A4C31
:107A00000EE047485038006800F40030B0F5003F01
:107A100005D1B5F1005F02D1444C01E006E000243D
:107A200003E0434C01E0002400BF46E24FF48051E4
:107A300086EA0100384372D13948006800F4E04812
:107A4000B8F5005F2CD006DCB8F1000F0AD0B8F50D
:107A5000805F75D115E0B8F5405F6FD0B8F5804F05
:107A60006ED12CE02E485038006800F00070B0F164
:107A7000007F04D106A8FFF711FB079C00E000245B
:107A800060E027485038006800F00060B0F1006FF7
:107A900004D103A8FFF71AFC039C00E0002451E086
:107AA0001F485038006800F00050B0F1005F04D16A
:107AB0006846FFF723FD009C00E0002442E01848E0
:107AC000001F006800F0405515485038006800F06D
:107AD0000400042809D145B9114850380068C0F3A2
:107AE000C101104820FA01F427E00D485038006821
:107AF00000F48070B0F5807F04D1B5F1805F01D1D2
:107B0000094C1AE006485038006800F40030B0F51F
:107B1000003F11D1B5F1005F0ED1044C0DE012E031
:107B2000504402580090D00300093D0000366E0119
:107B30000080BB0004E001E0002403E0E14C01E030
:107B4000002400BFB9E14FF4005186EA0100384338
:107B500067D1DD48006800F4E028B8F5403F33D035
:107B600009DCB8F1000F0DD0B8F5803F0ED0B8F5A4
:107B7000003F53D119E0B8F5802F37D0B8F5A02FCA
:107B80004CD13FE001F0F8F9044649E0CE485038C6
:107B9000006800F00060B0F1006F04D103A8FFF7A7
:107BA00095FB049C00E000243AE0C7485038006888
:107BB00000F00050B0F1005F04D16846FFF79EFC72
:107BC000019C00E000242BE0BF485038006800F022
:107BD0000400042808D1BC4850380068C0F3C10133
:107BE000BA4820FA01F400E0002419E0B648503801
:107BF000006800F48070B0F5807F01D1B44C00E0E3
:107C000000240DE0B0485038006800F40030B0F5B2
:107C1000003F01D1AF4C00E0002401E0002400BF90
:107C20004BE14FF4002186EA0100384361D1A648B8
:107C30000830006800F44038B8F1000F06D0B8F5FD
:107C4000803F12D0B8F5003F50D11DE09E4850381B
:107C5000006800F00060B0F1006F04D103A8FFF7E6
:107C600035FB039C00E0002442E097485038006850
:107C700000F00050B0F1005F04D16846FFF73EFC11
:107C8000029C00E0002433E08F48001F006800F0F1
:107C900040558D485038006800F00400042809D190
:107CA00045B9894850380068C0F3C101874820FAB7
:107CB00001F41AE084485038006800F48070B0F590
:107CC000807F04D1B5F1805F01D1814C0DE07E4809
:107CD0005038006800F40030B0F5003F04D1B5F131
:107CE000005F01D17B4C00E0002401E0002400BFD4
:107CF000E3E04FF4803186EA010038432CD172482A
:107D0000001F006800F48038B8F1000F03D0B8F508
:107D1000803F1ED10EE06C485038006800F00070C3
:107D2000B0F1007F04D106A8FFF7B8F9079C00E086
:107D3000002410E064485038006800F00060B0F1A2
:107D4000006F04D103A8FFF7C1FA059C00E00024EE
:107D500001E0002400BFB0E04FF4804186EA01005A
:107D6000384368D158480830006800F0E048B8F15E
:107D7000405F33D009DCB8F1000F0DD0B8F1805F5F
:107D80000ED0B8F1005F53D119E0B8F1804F37D071
:107D9000B8F1A04F4CD13FE0FFF76EF9044649E03F
:107DA00049485038006800F00060B0F1006F04D11D
:107DB00003A8FFF78BFA049C00E000243AE0424855
:107DC0005038006800F00050B0F1005F04D1684600
:107DD000FFF794FB019C00E000242BE03A48503868
:107DE000006800F00400042808D1374850380068C3
:107DF000C0F3C101354820FA01F400E0002419E085
:107E000031485038006800F48070B0F5807F01D1AF
:107E10002F4C00E000240DE02B485038006800F49F
:107E20000030B0F5003F01D12A4C00E0002401E011
:107E3000002400BF41E04FF4004186EA01003843CE
:107E40003AD12148006800F04058B8F1000F06D040
:107E5000B8F1805F0FD0B8F1005F2AD11AE01A485C
:107E60005038006800F40030B0F5003F01D1194CE3
:107E700000E000241FE014485038006800F0007053
:107E8000B0F1007F04D106A8FFF708F9079C00E0D5
:107E9000002410E00C485038006800F00060B0F199
:107EA000006F04D103A8FFF711FA049C00E000243E
:107EB00001E0002400BF00E00024204609B0BDE836
:107EC000F08300000080BB00504402580090D003B3
:107ED00000093D0000366E012DE9F0410446002501
:107EE000A8464FF00062D4E900101140002013466C
:107EF00059404040014331D1606E48B1B0F5801F18
:107F00000DD0B0F5001F11D0B0F5401F16D114E010
:107F1000FE48006840F40030FC49086010E002218F
:107F200004F1080005F014FA054609E0022104F105
:107F3000280005F0BFFA054602E001E0012500BF78
:107F400000BF55B9F1482430006820F44010616E3C
:107F50000843EE492431086000E0A8464FF48072DF
:107F6000D4E900101140002013465940404001431D
:107F70002ED1A06D05281BD2DFE800F0030A1118EE
:107F80001900E248006840F40030E049086011E060
:107F9000002104F1080005F0DBF905460AE00021A4
:107FA00004F1280005F086FA054603E002E001E04E
:107FB000012500BF00BF55B9D4482430006820F027
:107FC0000700A16D0843D1492431086000E0A846AC
:107FD0004FF48062D4E9001011400020134659404C
:107FE000404001433DD1D4F8A400B0F5C00F24D0E7
:107FF00007DC68B1B0F5001F11D0B0F5800F1FD1BC
:1080000014E0B0F5000F19D0B0F5200F18D116E02C
:10801000BE48006840F40030BC49086012E000210E
:1080200004F1080005F094F905460BE0002104F185
:10803000280005F03FFA054604E003E002E001E015
:10804000012500BF00BF5DB9B0482C30006820F4A6
:108050006000D4F8A4100843AC492C31086000E05B
:10806000A8464FF40062D4E90001104000211346F5
:108070005840494008433DD1D4F8A800B0F1407FB2
:1080800024D007DC68B1B0F1807F11D0B0F1007F5F
:108090001FD114E0B0F1806F19D0B0F1A06F18D1EA
:1080A00016E09A48006840F400309849086012E0F1
:1080B000002104F1080005F04BF905460BE0002112
:1080C00004F1280005F0F6F9054604E003E002E0BB
:1080D00001E0012500BF00BF5DB98C482C3000686D
:1080E00020F0E060D4F8A810084388492C310860DB
:1080F00000E0A8464FF00073D4E9001019400020BA
:1081000059404040014328D1E06CA8B1102804D068
:10811000202809D0302810D10DE07C48006840F4B8
:1081200000307A4908600AE0022104F1080005F0F5
:108130000FF9054603E002E001E0012500BF00BFA2
:1081400055B972482030006820F03000E16C0843D7
:108150006E492031086000E0A8464FF48053D4E90E
:1081600000101940002059404040014337D1E06DD4
:10817000B0F5005F1AD004DC50B1B0F5805F1ED1BD
:108180000DE0B0F5405F18D0B0F5804F17D115E085
:108190005E48006840F400305C49086011E000214E
:1081A00004F1080005F0D4F805460AE0002104F1C6
:1081B000280005F07FF9054603E002E001E0012513
:1081C00000BF00BF55B951482430006820F4E0409A
:1081D000E16D08434D492431086000E0A8464FF4A2
:1081E0000053D4E900101940002059404040014399
:1081F00035D1206EB0F5403F1ED007DC68B1B0F538
:10820000803F0BD0B0F5003F19D10EE0B0F5802FC4
:1082100013D0B0F5A02F12D110E012E0012104F12B
:10822000080005F095F805460BE0012104F128004F
:1082300005F040F9054604E003E002E001E0012515
:1082400000BF00BF55B931482430006820F4E02059
:10825000216E08432D492431086000E0A8464FF400
:108260008042D4E9000110400021134658404940A3
:10827000084337D1D4F8AC00B0F1405F1ED007DC22
:1082800068B1B0F1805F0BD0B0F1005F19D10EE0A2
:10829000B0F1804F13D0B0F1A04F12D110E012E036
:1082A000012104F1080005F053F805460BE0012117
:1082B00004F1280005F0FEF8054604E003E002E0C2
:1082C00001E0012500BF00BF5DB910482C300068F7
:1082D00020F0E040D4F8AC1008430C492C31086081
:1082E00000E0A8464FF40043D4E900011840002103
:1082F0005840494008432AD1E06EB8B1B0F1805FE0
:1083000006D0B0F1005F12D109E000002C44025801
:10831000F948006840F40030F749086009E001219D
:1083200004F1080005F014F8054602E001E001251B
:1083300000BF00BF55B9F0482430006820F040501D
:10834000E16E0843EC492431086000E0A8464FF094
:108350008073D4E900101940002059404040014387
:1083600028D1A06CA8B1012804D0022809D0032884
:1083700010D10DE0E048006840F40030DE490860AC
:108380000AE0022104F1080004F0E2FF054603E0E0
:1083900002E001E0012500BF00BF55B9D6482030FA
:1083A000006820F00300A16C0843D3492031086025
:1083B00000E0A8464FF48003D4E9001019400020E3
:1083C0005940404001437DD1CC48006840F4807062
:1083D000CA490860FDF7F8F8064606E0FDF7F4F82C
:1083E000801B642801D9032505E0C448006800F417
:1083F00080700028F2D000BF85BBBF4844300068C1
:1084000000F44070B4F8B01001F44071884213D009
:10841000B9484430006820F44077B74844300068D9
:1084200040F48030B449443108600846006820F4C4
:108430008030086008460760D4F8B000B0F5807F4F
:1084400015D1FDF7C1F8064609E0FDF7BDF8801B20
:1084500041F28831884202D9032507E038E0A64876
:1084600044300068C0F340000028EED000BF55BB88
:1084700000BFB4F8B00000F44070B0F5407F0ED1FA
:108480009D481C38006820F47C519D4AD4F8B00007
:10849000104041EA101098491C39086007E09648DE
:1084A0001C38006820F47C5093491C3908609248BD
:1084B00044300068B4F8B010C1F30B0108438E4992
:1084C000443101E005E001E0086002E0A84600E078
:1084D000A8460122D4E9000110400021134658406B
:1084E0004940084330D1A06F18281AD005DC48B1A4
:1084F000082808D0102817D10CE0202812D02828EE
:1085000012D110E012E0012104F1080004F020FF74
:1085100005460BE0012104F1280004F0CBFF0546DD
:1085200004E003E002E001E0012500BF00BF55B90F
:1085300071482830006820F03800A16F08436E4968
:108540002831086000E0A8460223D4E90010194051
:10855000002059404040014329D1606F062816D2BF
:10856000DFE800F003040B12131412E0012104F100
:10857000080004F0EDFE05460BE0012104F128009F
:1085800004F098FF054604E003E002E001E0012565
:1085900000BF00BF55B958482830006820F00700D8
:1085A000616F084354492831086000E0A84604225E
:1085B000D4E90010114000201346594040400143C7
:1085C0002BD1D4F89000062816D2DFE800F003047F
:1085D0000B12131412E0012104F1080004F0B8FE9C
:1085E00005460BE0012104F1280004F063FF054675
:1085F00004E003E002E001E0012500BF00BF5DB937
:108600003D482C30006820F00700D4F89010084353
:1086100039492C31086000E0A8462023D4E9000144
:108620001840002158404940084337D1D4F88C0005
:10863000B0F1405F1ED007DC68B1B0F1805F0BD0B5
:10864000B0F1005F19D10EE0B0F1804F13D0B0F15E
:10865000A04F12D110E012E0002104F1080004F054
:1086600077FE05460BE0022104F1280004F022FF0A
:10867000054604E003E002E001E0012500BF00BF81
:108680005DB91D482830006820F0E040D4F88C1017
:10869000084319492831086000E0A8464023D4E97E
:1086A0000010194000205940404001433CD1D4F80B
:1086B0009800B0F5406F25D007DC68B1B0F5806F49
:1086C0000BD0B0F5006F20D10EE0B0F5805F1AD06E
:1086D000B0F5A05F19D117E019E0002104F10800FE
:1086E00004F036FE054612E0022104F1280004F0F1
:1086F000E1FE05460BE000002C44025800480258F9
:10870000FFFCFF0F03E002E001E0012500BF00BF16
:108710004DB9FE48006820F4E050D4F898100843A2
:10872000FA49086000E0A8468023D4E90010194007
:10873000002059404040014335D1D4F89C00B0F5A9
:10874000C04F1ED007DC68B1B0F5005F0BD0B0F5AC
:10875000804F19D10EE0B0F5004F13D0B0F5204F87
:1087600012D110E012E0002104F1080004F0F0FD45
:1087700005460BE0022104F1280004F09BFE0546AB
:1087800004E003E002E001E0012500BF00BF4DB9B5
:10879000DE48006820F46040D4F89C100843DB49B0
:1087A000086000E0A8460823D4E900011840002131
:1087B00058404940084317D1D4F88000B0F5805F95
:1087C00007D1022104F1280004F074FE08B14FF033
:1087D0000108CE48001F006820F44050D4F88010F3
:1087E0000843CA49091F08601023D4E90001184052
:1087F000002158404940084315D1D4F89400B0F501
:10880000807F07D1022104F1280004F053FE08B153
:108810004FF00108BD48006820F44070D4F894106F
:108820000843BA4908604FF40023D4E90001184016
:10883000002158404940084327D1D4F8A00030B166
:10884000B0F5803F0AD0B0F5003F0FD10DE0002118
:1088500004F1080004F07CFD054609E0022104F162
:10886000280004F027FE054602E001E0012500BFD4
:1088700000BF4DB9A548006820F44030D4F8A010DE
:108880000843A249086000E0A8464FF48023D4E9D9
:108890000001184000215840494008432DD1D4F828
:1088A0008400B0F5801F06D0B0F5001F0CD0B0F5E5
:1088B000401F11D10FE095482C38006840F400307B
:1088C00092492C39086009E0012104F1280004F0E4
:1088D000F1FD054602E001E0012500BF00BF5DB9E2
:1088E0008A48001F006820F44010D4F88410084320
:1088F0008649091F086000E0A8464FF48032D4E999
:10890000000110400021134658404940084325D13A
:10891000206D18B1B0F5803F10D108E07B482C38AD
:10892000006840F4003079492C39086008E00221E1
:1089300004F1080004F00CFD054601E0012500BF2C
:1089400000BF55B971480C38006820F48030216DA3
:1089500008436E490C39086000E0A8464FF0005308
:10896000D4E900101940002059404040014307D18C
:10897000022104F1280004F09DFD08B14FF0010828
:108980004FF40032D4E90001104000211346584052
:108990004940084327D1E06FA0B1B0F5807F06D0F1
:1089A000B0F5007F0CD0B0F5407F0CD109E05748FE
:1089B0002C38006840F4003054492C39086004E039
:1089C00003E002E001E0012500BF00BF55B94F48B8
:1089D000001F006820F44070E16F08434B49091FF5
:1089E000086000E0A8464FF48012D4E9001011405E
:1089F0000020134659404040014309D143480838FC
:108A0000006820F00040216F0843404908390860A1
:108A10004FF40013D4E900011840002158404940A8
:108A2000084309D139480838006820F08070A16EE9
:108A300008433649083908604FF08043D4E90010F4
:108A40001940002059404040014311D100BF2F4838
:108A50004838006820F400402C494839086008462E
:108A60000068D4F8B410084328494839086000BFAA
:108A70004FF00042D4E90001104000211346584055
:108A80004940084309D121480C38006820F0405083
:108A9000616D08431D490C3908604FF40002D4E9A8
:108AA00000101140002013465940404001430AD1B4
:108AB0001648001F006820F44000D4F888100843CE
:108AC0001249091F086001220021606810404940D6
:108AD0005040014306D104F1080004F039FC05467A
:108AE00005B1A8460222002160681040494050406C
:108AF000014307D1012104F1080004F029FC0546D7
:108B000005B1A84604230020616801E058440258DA
:108B10001940042240405140084307D1022104F18A
:108B2000080004F015FC054605B1A84608230020FE
:108B300061681940082240405140084307D1002194
:108B400004F1280004F0B6FC054605B1A846102340
:108B5000002061681940102240405140084307D16D
:108B6000012104F1280004F0A5FC054605B1A84642
:108B7000202200216068104049405040014307D145
:108B8000022104F1280004F095FC054605B1A84631
:108B9000B8F1000F02D10020BDE8F0810120FBE711
:108BA0002DE9F04104460D4614B90120BDE8F081DD
:108BB000BD48006800F00F00A8420ED2BA48006815
:108BC00020F00F002843B84908600846006800F00C
:108BD0000F00A84201D00120E8E7207800F004004F
:108BE00004280ED1B1492069096801F0700188425A
:108BF00007D9AE48006820F0700021690843AB49EE
:108C00000860207800F00800082811D1A749091D44
:108C10006069096801F07001884209D9A348001D04
:108C2000006820F0700061690843A049091D0860D0
:108C3000207800F01000102811D19C49091DA0696E
:108C4000096801F4E061884209D99848001D00686C
:108C500020F4E060A16908439449091D0860207868
:108C600000F02000202811D190490831E0690968FE
:108C700001F07001884209D98C480830006820F062
:108C80007000E1690843894908310860207800F0E4
:108C9000020002280ED18549E068096801F00F0141
:108CA000884207D98148006820F00F00E168084336
:108CB0007E490860207800F00100002850D07B48F1
:108CC000006820F47060A168084378490860606813
:108CD000022807D1754818380068C0F34040F8B939
:108CE000012063E76068032807D1704818380068DE
:108CF000C0F34060A0B9012058E76068012807D19F
:108D00006A4818380068C0F3002048B901204DE7D0
:108D1000664818380068C0F3800008B9012045E7AC
:108D200062480838006820F00700616808435F491E
:108D300008390860FCF748FC064608E0FCF744FCEC
:108D4000801B41F28831884201D903202EE7574821
:108D50000838006800F038006168B0EBC10FEDD151
:108D6000207800F0020002280ED15049E06809681E
:108D700001F00F01884207D24C48006820F00F0034
:108D8000E1680843494908604748006800F00F005F
:108D9000A8420ED94448006820F00F0028434249F9
:108DA00008600846006800F00F00A84201D00120CA
:108DB000FCE6207800F0040004280ED13B4920692D
:108DC000096801F07001884207D23848006820F035
:108DD00070002169084335490860207800F00800D8
:108DE000082811D13149091D6069096801F0700135
:108DF000884209D22D48001D006820F0700061698A
:108E000008432A49091D0860207800F01000102846
:108E100011D12649091DA069096801F4E061884261
:108E200009D22248001D006820F4E060A1690843CF
:108E30001E49091D0860207800F02000202811D16B
:108E40001A490831E069096801F07001884209D2C5
:108E500016480830006820F07000E16908431349A3
:108E60000831086000F0ACF810490968C1F303212B
:108E70000F4A515C01F01F0120FA01F70B4800680E
:108E800000F00F001146085C00F01F0027FA00F008
:108E9000084908600848076008480068FCF7D6FBE6
:108EA0008046404682E600000020005218440258E6
:108EB00004520108CC000024C8000024D40000247F
:108EC0003F220260174A126802F007024260154A08
:108ED0000832126802F470628260124A0832126824
:108EE00002F00F02C2600F4A0832126802F07002EC
:108EF00002610C4A0C32126802F070024261094AA7
:108F00000C32126802F4E0628261064A1032126882
:108F100002F07002C261044A126802F00F020A6095
:108F200070470000104402580020005210B500F0B5
:108F300047F80D490968C1F303210C4A515C01F05F
:108F40001F0120FA01F40848006800F00F001146E4
:108F5000085C00F01F0024FA00F00549086005488D
:108F600004600846006810BD184402580452010805
:108F7000CC000024C800002400B5FFF7D7FF054946
:108F80000968C1F30211044A515C01F01F01C84095
:108F900000BD00001C4402580452010800B5FFF750
:108FA000C5FF05490968C1F30221044A515C01F07B
:108FB0001F01C84000BD00001C44025804520108B3
:108FC000F0B5824E366806F0380636B1082E15D058
:108FD000102E15D0182E7DD114E07C4E103E366830
:108FE000C6F3401646B1794E103E3668C6F3C10747
:108FF000774E26FA07F000E07548E5E07548E3E0B3
:109000007548E1E0714E1836366806F003046F4E7D
:1090100018363668C6F305116C4E1C36366806F0F5
:1090200001056A4E24363668C6F3CC0616FB05F6F3
:1090300001EE106AB8EE410A002971D024B1012C6A
:1090400050D0022C6DD16DE0604E103E3668C6F3F4
:1090500040163EB35D4E103E3668C6F3C1075C4E07
:1090600026FA07F301EE103AF8EE411A01EE101A53
:10907000B8EE411A81EE812A9FED581AC0EE011A0E
:10908000524E20363668C6F3080601EE106AB8EE76
:10909000411A31EE811AF7EE001A31EE211A62EE12
:1090A000010A1EE001EE101AB8EE411ADFED4C1A6B
:1090B00081EE812A9FED491AC0EE011A434E2036F7
:1090C0003668C6F3080601EE106AB8EE411A31EEB2
:1090D000811A00E076E0F7EE001A31EE211A62EE16
:1090E000010A5BE001EE101AB8EE411A9FED3D2A2D
:1090F000C2EE011A9FED391A80EE012A334E203656
:109100003668C6F3080601EE106AB8EE411A32EE70
:10911000011AB7EE002A31EE021A61EE810A3DE033
:109120004EE01DE001EE101AB8EE411ADFED2E1AE6
:1091300081EE812A9FED291AC0EE011A234E2036B6
:109140003668C6F3080601EE106AB8EE411A31EE31
:10915000811AF7EE001A31EE211A62EE010A1DE0C3
:1091600001EE101AB8EE411A9FED1E2AC2EE011A46
:109170009FED1A1A80EE012A144E20363668C6F387
:10918000080601EE106AB8EE411A32EE011AB7EE87
:10919000002A31EE021A61EE810A00BF00BF0B4EB9
:1091A00020363668C6F34626721C01EE102AB8EE49
:1091B000411AC0EE811ABCEEE11A11EE100A00E06D
:1091C000002001E0034800BF00BFF0BD104402587A
:1091D0000090D00300093D0000366E0100000046FB
:1091E0000024744C0024744A001BB74B70B586B041
:1091F00006460C4615463EBB00BF2848006840F0B6
:109200000100264908600846006800F0010000904F
:1092100000BF00BF4FF48070019002200290032035
:10922000049000200390059001A91D48FCF7CEF89A
:109230001A48D038006820F0FE7044EA050108435F
:109240001649D039086026E000BF1448006840F095
:109250000400124908600846006800F0040000900D
:1092600000BF00BF4FF40070019002200290032065
:10927000049000200390059001A90A48FCF7A6F885
:109280000648D038006820F07E4044EAC511084303
:109290000249D039086006B070BD0000E0440258B1
:1092A00000000258000802582DE9F047044614B99E
:1092B0000120BDE8F087207800F00100002870D080
:1092C000F948006800F03808F7481830D0F80090E6
:1092D000B8F1100F06D0B8F1180F0FD109F0030044
:1092E00002280BD1F04810380068C0F34040002835
:1092F0006AD06068002867D10120DAE700BF6068A3
:10930000B0F5803F08D1E8481038006840F480305C
:10931000E549103908602EE0606868B9E248103805
:10932000006820F48030E049103908600846006881
:1093300020F4802008601EE06068B0F5A02F0DD1F9
:10934000D9481038006840F48020D74910390860A7
:109350000846006840F4803008600CE0D2481038BD
:10936000006820F48030D049103908600846006851
:1093700020F48020086000BF606898B1FCF724F9F1
:10938000054606E0FCF720F9401B642801D90320BC
:109390008FE7C54810380068C0F340400028F1D07E
:1093A00012E012E0FCF710F9054606E0FCF70CF9B4
:1093B000401B642801D903207BE7BB4810380068B4
:1093C000C0F340400028F1D100BF207800F0020037
:1093D000022879D1B448006800F03808B248183043
:1093E000D0F80090B8F1000F05D0B8F1180F35D1C2
:1093F00009F0030088BBAC4810380068C0F3800057
:1094000018B1E06808B9012053E7A7481038006890
:1094100020F01900E1680843A34910390860FCF7FF
:10942000D3F8054606E0FCF7CFF8401B022801D927
:1094300003203EE79C4810380068C0F380000028F5
:10944000F1D099480C38006820F0FE40217C40EAB9
:10945000016095490C39086045E0FFE7E06838B3E2
:1094600091481038006820F01900E16808438E49DF
:1094700010390860FCF7A8F8054606E0FCF7A4F8E8
:10948000401B022801D9032013E7874810380068E1
:10949000C0F380000028F1D083480C38006820F029
:1094A000FE40217C40EA01607F490C3908601AE0E7
:1094B0007D481038006820F001007B4910390860B1
:1094C000FCF782F8054607E00EE0FCF77DF8401B4C
:1094D000022801D90320ECE6734810380068C0F375
:1094E00080000028F1D100BF207800F01000102883
:1094F0006FD16D48006800F038086B481830D0F81C
:109500000090B8F1080F06D0B8F1180F1CD109F07F
:109510000300012818D1644810380068C0F3002007
:1095200020B1E069802801D00120C2E600BF5E487A
:10953000001F006820F07C5094F8201040EA016081
:109540005949091F086043E0E06938B356481038AC
:10955000006840F08000544910390860FCF734F886
:10956000054606E0FCF730F8401B022801D903202D
:109570009FE64D4810380068C0F300200028F1D065
:1095800000BF4948001F006820F07C5094F820106C
:1095900040EA01604449091F086019E04248103858
:1095A000006820F08000404910390860FCF70CF892
:1095B000054606E0FCF708F8401B022801D9032005
:1095C00077E6394810380068C0F300200028F1D150
:1095D00000BF207800F00800082836D16069D0B1BB
:1095E00031486430006840F001002F496431086060
:1095F000FBF7EAFF054606E0FBF7E6FF401B022803
:1096000001D9032055E6284864300068C0F34000C3
:109610000028F1D019E024486430006820F00100EF
:10962000214964310860FBF7CFFF054606E0FBF7F0
:10963000CBFF401B022801D903203AE61A486430C8
:109640000068C0F340000028F1D1207800F020002D
:10965000202838D1A069D0B113481038006840F4F0
:109660008050114910390860FBF7AEFF054606E04F
:10967000FBF7AAFF401B022801D9032019E60A487C
:1096800010380068C0F340300028F1D01BE00648D5
:109690001038006820F48050034910390860FBF747
:1096A00093FF054609E0000010440258FBF78CFFC9
:1096B000401B022801D90320FBE5D0480068C0F315
:1096C00040300028F2D1207800F0040004287DD139
:1096D000CB48006840F48070C9490860FBF774FF0C
:1096E000054606E0FBF770FF401B642801D9032004
:1096F000DFE5C348006800F480700028F2D000BFA6
:10970000A068012808D1BD487030006840F0010011
:10971000BA49703108602DE0A06868B9B748703068
:10972000006820F00100B549703108600846006803
:1097300020F0040008601DE0A06805280DD1AF48A6
:109740007030006840F00400AC4970310860084691
:10975000006840F0010008600CE0A8487030006824
:1097600020F00100A549703108600846006820F02B
:109770000400086000BFA068A0B1FBF725FF054604
:1097800008E0FBF721FF401B41F28831884201D9F4
:1097900003208EE5994870300068C0F3400000282F
:1097A000EFD013E0FBF710FF054608E0FBF70CFFD6
:1097B000401B41F28831884201D9032079E58F4866
:1097C00070300068C0F340000028EFD1606A0028C4
:1097D0007DD08A481030006800F03800182877D013
:1097E000606A022875D18548006820F0807083493E
:1097F0000860FBF7E9FE054606E0FBF7E5FE401BC7
:10980000022801D9032054E57C480068C0F3406079
:109810000028F2D100BFD4E90A1041EA00107749CC
:109820002831096840F2F3329143084373492831E3
:109830000860208E401EC0F30800616B491E4FF483
:109840007E4202EA41210843218F491ED20102EAE9
:10985000014108433C21095D491E120202EA0161EF
:10986000084366493031086000BF081F006820F0D7
:109870000100091F08606148343000684FF6F87134
:109880008843A16C40EAC1005C49343108605B4800
:109890002C30006820F00C00216C084357492C3113
:1098A00008600846006820F00200616C08435349D4
:1098B0002C3108600846006840F480300860084693
:1098C000006840F4003008600846006802E092E05A
:1098D00038E01FE040F4802008600846006840F04F
:1098E000010008604548006840F080704349086006
:1098F000FBF76AFE054606E0FBF766FE401B022802
:1099000001D90320D5E43D480068C0F34060002839
:10991000F2D070E03948006820F080703749086064
:10992000FBF752FE054606E0FBF74EFE401B022801
:1099300001D90320BDE431480068C0F3406000282D
:10994000F2D158E02D48283007682C48303006689E
:10995000606A012821D007F00301A06A81421CD16E
:10996000C7F30511E06A884217D1C6F30801206BDE
:10997000401E814211D1606B401EC6F346218842D1
:109980000BD1A06B401EC6F30641884205D1E06BA7
:10999000401EC6F30661884201D0012089E41748C1
:1099A00034300068C0F3CC07A06CB84223D0134811
:1099B0002C30006820F0010010492C310860FBF7C2
:1099C00003FE054600BFFBF7FFFD401BFBD00B4825
:1099D000343000684FF6F8718843A16C40EAC1004A
:1099E00006493431086005482C30006840F0010019
:1099F00002492C31086000205BE40000004402585A
:109A0000004802582DE9F04104460D4616461F460F
:109A100014B90120BDE8F081D4F8880028B90020ED
:109A200084F88400204601F0C1FD2420C4F8880099
:109A30002068006820F0010021680860A06A10B169
:109A4000204604F045FA204604F078FF012800D1B2
:109A5000E0E72068806840F48040216888602068E2
:109A6000806820F400402843216888604FEA465807
:109A700048EA0748206800680749084040EA0800AB
:109A8000216808602068006840F0010021680860D3
:109A9000204604F099FABDE7FFFF00FC70B50446CC
:109AA0000CB9012070BD606A00B900BF0021A1623D
:109AB0006349206888420CD062492068884208D0F7
:109AC00061492068884204D0E0680F2801D901204C
:109AD000E8E7204603F00BFE054659492068884216
:109AE00009D058492068884205D0574920688842E3
:109AF00001D0082D0DD852492068884207D051491D
:109B00002068884203D050492068884203D1102D34
:109B100001D90120C6E794F8810028B9002084F813
:109B20008000204600F092F8022084F8810020682E
:109B3000006820F00100216808602068806800F457
:109B4000F816A069B0F1806F11D16068B0F5800F90
:109B500001D1A06B28B1606848B9A06BB0F1805FFB
:109B600005D12068006840F4805021680860606872
:109B700000F48000B0F5800F0BD1E068072808D30F
:109B80002068006820F48070216D08432168086017
:109B900005E02068006820F4807021680860A16AF0
:109BA000E06908433043E16B0843E16808432168FA
:109BB0008860616A606B0843A16B0843A169084330
:109BC0002169084361690843216A084361680843C1
:109BD000E16C0843A1680843A16C0843A16D0843E8
:109BE0002168C860606878B92068806820F4C05037
:109BF00040F40060216888602068806820F4C060BC
:109C000040F48060216888602068006D20F00100C9
:109C100021680865606800F48000B0F5800F07D106
:109C20002068C06820F00040616D08432168C8606A
:109C30000020C4F88400012084F88100002031E76E
:109C40000030014000380040003C004010B5B6B084
:109C50000446142130A8F6F7FFFBB82102A8F6F756
:109C6000FBFB86492068884252D181140020CDE94F
:109C70000210199002A8FEF72FF908B1F7F767FC58
:109C800000BF7F48006840F480507D490860084666
:109C9000006800F48050019000BF00BF00BF78480A
:109CA0001038006840F0080075491039086008460F
:109CB000006800F00800019000BF00BF00BF084628
:109CC000006840F0020008600846006800F00200EA
:109CD000019000BF00BF8020309002203190002012
:109CE0003290032033900520349030A96548FBF76B
:109CF0006DFB08203090022031900020329003202C
:109D000033900520349030A95F48FBF75FFBB3E048
:109D10005E492068884255D181140020CDE90210A7
:109D2000199002A8FEF7D8F808B1F7F710FC00BFA9
:109D300053480838006840F48040514908390860A9
:109D40000846006800F48040019000BF00BF00BFDB
:109D50004B481038006840F0040049491039086049
:109D60000846006800F00400019000BF00BF00BF7B
:109D70000846006840F0020008600846006800F0ED
:109D80000200019000BF00BF0620309002203190F9
:109D900000203290032033900520349030A93C48B5
:109DA000FBF714FB4FF4005030900220319000205C
:109DB0003290032033900520349030A93248FBF7CD
:109DC00005FB59E033492068884255D14FF4804162
:109DD0000020CDE902104FF0A0402D9002A8FEF720
:109DE0007BF808B1F7F7B3FB00BF2548001D0068FA
:109DF00040F020002249091D08600846006800F074
:109E00002000019000BF00BF00BF1D48103800684F
:109E100040F001001A49103908600846006800F057
:109E20000100019000BF00BF00BF0846006840F07D
:109E3000040008600846006800F00400019000BFBC
:109E400000BF80203090022031900020329033906B
:109E50000820349030A91048FBF7B8FA4FF480502E
:109E600030900220319000203290339005203490C1
:109E700030A90748FBF7AAFA36B010BD0030014000
:109E8000F0440258000C0258000402580038004008
:109E90000008025800140058000002582DE9FF4F36
:109EA00085B004469846129E2068203004902068B1
:109EB00000F1300BE06B4009401C80B20290FBF7D0
:109EC00083FB03904746454694F88100012803D060
:109ED000022009B0BDE8F08F069820B1079810B1B4
:109EE000B8F1000F01D10120F3E700BF94F8800022
:109EF000012801D10220ECE7012084F8800000BF96
:109F0000052084F881000020C4F88400079860666A
:109F1000A4F86A80A4F868800698E065A4F86280D6
:109F2000A4F860800020206760672068C06820F483
:109F3000C0202168C860EB492068884207D0EA4900
:109F40002068884203D0E9492068884202D14FF056
:109F5000100A01E04FF0080A206840686FF30F0014
:109F600040EA0800216848602068006840F001006D
:109F7000216808606068B0F5800F05D1206800682E
:109F800040F4007021680860E0680F2869D94FEA42
:109F90009A0A61E02068406900F00200022812D1AC
:109FA0008FB107EB0A00A8420DD9E06D0068216867
:109FB0000862E06D001DE065B4F86200401EA4F880
:109FC0006200B4F862702068D0F814903DB3206845
:109FD000406900F0010070B12068006B616E08609C
:109FE000606E001D6066B4F86A00401EA4F86A0046
:109FF000B4F86A5030E00298854211DA09F4004062
:10A0000070B12068006B616E0860606E001D606654
:10A01000B4F86A00401EA4F86A00B4F86A501BE065
:10A02000FBF7D2FA0399401AB04201D3701C00B971
:10A0300096B9204603F0F0FAD4F8840040F480701A
:10A04000C4F88400012084F8810000BF002084F857
:10A05000800000BF03203CE7002F9BD1002D99D149
:10A060001EE1E06807287CD94FEA5A0A7AE02068A6
:10A07000406900F00200022811D187B107EB0A0005
:10A08000A8420CD954F85C0F01880498018020681C
:10A09000801C2060E088401EE080E7885C3C2068EF
:10A0A000D0F81490002D5DD02068406900F00100C8
:10A0B00068B1BBF8000054F8641F08802068801C59
:10A0C0002060E088401EE080E588643C4AE0029819
:10A0D000854217DA09F40040A0B1BBF8000054F83B
:10A0E000641F08802068801C2060BBF80000216885
:10A0F00008802068801C2060E088801EE080E58861
:10A10000643C2FE0012D10D109F4005068B1BBF878
:10A11000000054F8641F08802068801C2060E088DC
:10A12000401EE080E588643C1CE0FBF74DFA039993
:10A13000401AB04201D3701C00B99EB9204603F00A
:10A140006BFAD4F8840040F48070C4F884000120D5
:10A1500084F8810000BF002084F8800000BF032045
:10A16000B7E604E0002F82D1002D80D198E092E084
:10A170002068406900F00200022813D197B107EB74
:10A180000A00A8420ED9E06D0078216881F820000D
:10A19000E06D401CE065B4F86200401EA4F8620067
:10A1A000B4F862702068D0F81490002D73D0206845
:10A1B000406900F0010078B1206890F83000616ECD
:10A1C0000870606E401C6066B4F86A00401EA4F817
:10A1D0006A00B4F86A505EE0029885422ADA09F40F
:10A1E000004038B3206890F83000616E0870606EEF
:10A1F000401C6066206890F83000616E0870606EE8
:10A20000401C6066206890F83000616E0870606ED7
:10A21000401C6066206890F83000616E0870606EC7
:10A22000401C6066B4F86A00001FA4F86A00B4F825
:10A230006A5030E0042D12D209F4C04078B1206891
:10A2400090F83000616E0870606E401C6066B4F873
:10A250006A00401EA4F86A00B4F86A501BE0FBF7DD
:10A26000B3F90399401AB04201D3701C00B996B9F2
:10A27000204603F0D1F9D4F8840040F48070C4F88B
:10A280008400012084F8810000BF002084F8800051
:10A2900000BF03201DE6002F7FF46AAF002DFBD125
:10A2A00003983346002208210090204603F02CFA40
:10A2B00028B1D4F8840040F02000C4F8840020467F
:10A2C00003F0AAF9012084F8810000BF002084F87F
:10A2D000800000BFD4F8840008B10120F9E5002017
:10A2E000F7E500000030014000380040003C00402D
:10A2F000034A126882430A43014B1A607047000008
:10A3000004040058704770477047000010B50346BA
:10A31000002200BF93F83C00012801D1022010BDAB
:10A32000012083F83C0000BF22F0FF00CC6840EA27
:10A33000040222F440708C6840EA040222F4806037
:10A340004C6840EA040222F400600C6840EA04020F
:10A3500022F480500C6940EA040222F400504C6957
:10A3600040EA040222F480400C6B40EA040222F42A
:10A3700070200C8B40EA044222F08050CC6940EA05
:10A380000402124C1868A04203D0114C1868A04275
:10A3900013D122F470000C8D40EA045222F0807038
:10A3A0000C6A40EA040222F000704C6A40EA04029F
:10A3B00022F00050CC6A40EA04021868426400BFF0
:10A3C000002083F83C0000BF00BFA8E70000014068
:10A3D0000004014030B502460B4600BF92F83C0035
:10A3E000012801D1022030BD012082F83C0000BFCD
:10A3F000022082F83D001068416810688468254D8D
:10A400001068A84203D0244D1068A84203D121F45B
:10A4100070015868014321F0700118680143106809
:10A4200041601C4D1068A84223D01068B0F1804FE5
:10A430001FD01A4D1068A8421BD0194D1068A842B1
:10A4400017D0184D1068A84213D0134D1068A842B9
:10A450000FD0154D1068A8420BD0144D1068A842BB
:10A4600007D0134D1068A84203D0124D1068A842BF
:10A4700005D124F0800498680443106884600120AA
:10A4800082F83D0000BF002082F83C0000BF00BF02
:10A49000A9E7000000000140000401400004004062
:10A4A00000080040000C004000180040004001403F
:10A4B00000E0004000E4004010B504460CB9012063
:10A4C00010BD94F83D0028B9002084F83C002046D7
:10A4D00000F02AF8022084F83D00211D206803F0D6
:10A4E0004BFA012084F8480000BF84F83E000121A7
:10A4F0003F20015540200155412001554220015582
:10A500004320015500BF00BF012084F844004520CE
:10A510000155462001554720015500BF012084F810
:10A520003D000020CCE7000038B504460D49206806
:10A53000884215D100BF0C48006840F004000A4969
:10A5400008600846006800F00400009000BF00BFEB
:10A55000002205211E20FBF7EFF81E20FBF7D8F89C
:10A5600038BD000000080040E8440258014691F858
:10A570003D00012801D001207047022081F83D00F4
:10A580000868C06840F001000B68D860204B08687C
:10A59000984223D00868B0F1804F1FD01D4B086847
:10A5A00098421BD01C4B0868984217D01B4B086878
:10A5B000984213D01A4B086898420FD0194B08687C
:10A5C00098420BD0184B0868984207D0174B086880
:10A5D000984203D0164B0868984210D108688068EA
:10A5E000144B00EA0302062A0FD0B2F5803F0CD0CC
:10A5F0000868006840F001000B68186005E0086812
:10A60000006840F001000B6818600020B4E700000B
:10A61000000001400004004000080040000C004021
:10A6200000040140001800400040014000E00040EC
:10A6300000E40040070001002DE9F04104460D460A
:10A64000002700BF94F83C00012802D10220BDE899
:10A65000F081012084F83C0000BF022084F83D0016
:10A66000206886684048064026F47F462068866059
:10A670002868702826D00CDC00F00F01002966D174
:10A680000011072863D2DFE800F0555657584B37C2
:10A690004100B0F1101F52D009DCB0F5805F10D03E
:10A6A000B0F5005F1BD0B0F5801F50D146E0A0F59B
:10A6B00080102038002843D0102842D0202846D1CE
:10A6C00040E046E0D5E902136A68206803F0D9F952
:10A6D0002068866846F077062068866039E0D5E90C
:10A6E00002136A68206803F0CCF92068806840F49F
:10A6F0008040216888602CE0EA686968206803F07F
:10A700008BFB5021206803F0C7F922E0EA686968F2
:10A71000206803F094FB6021206803F0BDF918E085
:10A72000EA686968206803F077FB4021206803F03D
:10A73000B3F90EE000BF00BF00BF00BF00BF00BF05
:10A7400000BF00BF2968206803F0A6F901E00127D7
:10A7500000BF00BF012084F83D0000BF002084F846
:10A760003C0000BF384672E788FFCEFF704770B5E7
:10A7700004462068C6682068056905F002000228C2
:10A7800019D106F00200022815D1401F2168086186
:10A79000012020772068806900F0030018B120466E
:10A7A000FFF7E4FF05E0204600F046F9204600F000
:10A7B0008BFA0020207705F00400042819D106F058
:10A7C0000400042815D1C0432168086102202077C5
:10A7D0002068806900F4407018B12046FFF7C6FF7A
:10A7E00005E0204600F028F9204600F06DFA002030
:10A7F000207705F00800082819D106F0080008287D
:10A8000015D1C04321680861042020772068C06901
:10A8100000F0030018B12046FFF7A8FF05E020462E
:10A8200000F00AF9204600F04FFA0020207705F0EA
:10A830001000102819D106F01000102815D1C043BF
:10A8400021680861082020772068C06900F4407002
:10A8500018B12046FFF78AFF05E0204600F0ECF82B
:10A86000204600F031FA0020207705F0010048B1C1
:10A8700006F0010030B16FF0010021680861204648
:10A8800000F0E2FA05F08000802804D005F40050C2
:10A89000B0F5005F0AD106F08000802806D16FF481
:10A8A0000250216808612046FFF72DFD05F48070F5
:10A8B000B0F5807F0AD106F08000802806D16FF4C1
:10A8C0008070216808612046FFF71CFD05F04000FC
:10A8D000402809D106F04000402805D1C043216836
:10A8E0000861204600F0BCFA05F02000202809D1BC
:10A8F00006F02000202805D1C043216808612046C9
:10A90000FFF702FD70BD000010B586B004461421AB
:10A9100001A8F5F7A1FD4149206888421CD100BF7C
:10A920003F48006840F010003D4908600846006854
:10A9300000F01000009000BF00BF4FF400700190C5
:10A94000022002900020039004900120059001A9AC
:10A950003448FAF73BFD5EE02068B0F1804F1BD130
:10A9600000BF2F48006840F001002D4908600846EC
:10A97000006800F00100009000BF00BF05200190BA
:10A98000022002900020039004900120059001A96C
:10A990002548FAF71BFD3EE02449206888421AD179
:10A9A00000BF1F48006840F002001D4908600846CB
:10A9B000006800F00200009000BF00BF022001907C
:10A9C00002900020039004900220059001A91848ED
:10A9D000FAF7FCFC1FE01749206888421BD100BF32
:10A9E0000F48006840F002000D4908600846006802
:10A9F00000F00200009000BF00BF4FF40040019043
:10AA0000022002900020039004900220059001A9EA
:10AA10000748FAF7DBFC06B010BD0000000001405B
:10AA2000E0440258001002580000025800040040A0
:10AA3000000402580018004070472DE9F041044618
:10AA40000D461646002700BF94F83C00012802D1AD
:10AA50000220BDE8F081012084F83C0000BF0C2EEC
:10AA600051D005DC4EB1042E1ED0082E7AD133E031
:10AA7000102E60D0142EF9D175E02946206803F01D
:10AA800017F82068806940F0080021688861206814
:10AA9000806920F004002168886120688069296944
:10AAA00008432168886178E02946206803F056F859
:10AAB0002068806940F400602168886120688069AE
:10AAC00020F480602168886120688069296940EAF3
:10AAD00001202168886160E02946206803F098F829
:10AAE0002068C06940F008002168C8612068C0691A
:10AAF00020F004002168C8612068C0692969084302
:10AB00002168C86149E02946206803F0DBF8206825
:10AB1000C06940F400602168C8612068C06920F401
:10AB200080602168C8612068C069296940EA012005
:10AB30002168C86131E02946206803F0FDF82068EB
:10AB4000406D40F00800216848652068406D20F0A5
:10AB50000400216848652068406D29690843216820
:10AB600048651AE017E02946206803F01DF92068BF
:10AB7000406D40F40060216848652068406D20F415
:10AB80008060216848652068406D296940EA01209D
:10AB90002168486501E0012700BF00BF00BF002019
:10ABA00084F83C0000BF384653E710B504460CB9A2
:10ABB000012010BD94F83D0028B9002084F83C0025
:10ABC000204600F029F8022084F83D00211D20686D
:10ABD00002F0D2FE012084F8480000BF84F83E0055
:10ABE00001213F20015540200155412001554220BF
:10ABF00001554320015500BF00BF012084F84400E7
:10AC000045200155462001554720015500BF012030
:10AC100084F83D000020CCE708B5274A016891423E
:10AC20000DD100BF2549096841F00101234A116097
:10AC30001146096801F00101009100BF3BE0016885
:10AC4000B1F1804F0FD100BF1C490839096841F0AC
:10AC500001011A4A083A11601146096801F0010120
:10AC6000009100BF27E0164A016891420FD100BF52
:10AC700012490839096841F00201104A083A116086
:10AC80001146096801F00201009100BF13E00D4A6E
:10AC9000016891420FD100BF08490839096841F0A5
:10ACA0004001064A083A11601146096801F0400166
:10ACB000009100BF00BF08BD00000140F0440258F1
:10ACC00000040040001800407047000070B50446C2
:10ACD0000D4615B994F83E0015E0042D02D13F2031
:10ACE000005D10E0082D02D14020005D0BE00C2D2E
:10ACF00002D14120005D06E0102D02D14220005D0E
:10AD000001E04320005D012801D0012070BD1DB984
:10AD1000022084F83E001AE0042D03D102213F20D6
:10AD2000015514E0082D03D10221402001550EE009
:10AD30000C2D03D102214120015508E0102D03D133
:10AD400002214220015502E0022143200155012247
:10AD50002946206802F084FE2F49206888420FD0DF
:10AD60002E49206888420BD02D492068884207D0A0
:10AD70002C492068884203D02B492068884201D1A1
:10AD8000012000E0002028B12068406C40F4004021
:10AD90002168486420492068884223D02068B0F1A7
:10ADA000804F1FD02149206888421BD0204920684D
:10ADB000884217D01F492068884213D0174920685D
:10ADC00088420FD01C49206888420BD01449206863
:10ADD000884207D019492068884203D01849206862
:10ADE000884210D120688068164900EA0106062EC4
:10ADF0000FD0B6F5803F0CD02068006840F001000D
:10AE00002168086005E02068006840F001002168C2
:10AE1000086000207AE700000000014000040140C3
:10AE2000004001400044014000480140000400404F
:10AE300000080040000C00400018004000E0004006
:10AE400000E400400700010010B5044603492068F3
:10AE5000884201D1FAF7BEFB10BD000000E00040BF
:10AE60007047014600BF91F88400012801D10220FB
:10AE70007047012081F8840000BF2420C1F88800B9
:10AE8000086802680868006820F001000B68186014
:10AE900022F0005200204866086802602020C1F8B5
:10AEA000880000BF002081F8840000BF00BFDFE7FA
:10AEB0002DE9F04104460E461746D4F88C002028B0
:10AEC00025D106B117B90120BDE8F0810120E06667
:10AED000002020673A463146204604F043F80546F4
:10AEE0009DB9E06E01280FD110202168086200BFD3
:10AEF00000BF216851E8001F41F01000226842E8BD
:10AF000000010029F5D100E001252846DCE70220F8
:10AF1000DAE7000038B505460C461649286888422D
:10AF200026D1002000901448048022461349801C3A
:10AF3000F5F779FA08F04AFE1148006868B1002375
:10AF40006A460D490E48006809F094FC012804D0B7
:10AF50000C480068401C0B490860009838B14FF05D
:10AF6000805009490860BFF34F8FBFF36F8F00BF58
:10AF700038BD0000007800409804002498030024A5
:10AF80009C000024A000002404ED00E0704770B590
:10AF900004460D4600BF94F88400012801D1022028
:10AFA00070BD012084F8840000BF2420C4F888000C
:10AFB000206806682068006820F0010021680860A9
:10AFC0002068806820F060602843216888602046FF
:10AFD00002F052FF206806602020C4F8880000BFFD
:10AFE000002084F8840000BF00BFD9E770B5044694
:10AFF0000D4600BF94F88400012801D1022070BDE5
:10B00000012084F8840000BF2420C4F88800206850
:10B0100006682068006820F0010021680860206848
:10B02000806820F06040284321688860204602F054
:10B0300023FF206806602020C4F8880000BF00209D
:10B0400084F8840000BF00BFD9E770477047000054
:10B0500010B504460749206888420AD106480068AE
:10B06000401C05490860D4F88C00202801D108F064
:10B07000ADFD10BD00780040A40000242DE9F0478C
:10B0800004462068C569206806682068876840F61D
:10B090000F0005EA0009B9F1000F0FD105F02000FB
:10B0A00060B106F0200010B907F0805030B1606F39
:10B0B00010B12046616F8847BDE8F087B9F1000FF5
:10B0C0007ED0F848384018B9F74830400028F7D00B
:10B0D00005F0010058B106F4807040B101202168EC
:10B0E0000862D4F8900040F00100C4F8900005F028
:10B0F000020058B107F0010040B102202168086247
:10B10000D4F8900040F00400C4F8900005F004006A
:10B1100058B107F0010040B1042021680862D4F85A
:10B12000900040F00200C4F8900005F0080070B1F3
:10B1300006F0200010B9DB48384040B108202168F3
:10B140000862D4F8900040F00800C4F8900005F4BC
:10B15000006060B106F0806048B14FF40060216883
:10B160000862D4F8900040F02000C4F89000D4F8B1
:10B170009000002852D005F0200050B106F02000C9
:10B1800010B907F0805020B1606F10B12046616F98
:10B190008847D4F890A02068806800F040004028DC
:10B1A00002D00AF0280070B3204603F057F8206858
:10B1B000806800F04000402826D100BF00BF00E0BA
:10B1C0002DE02168083151E8001F21F0400021687E
:10B1D000083141E80002002AF1D100BFD4F8800014
:10B1E00068B1B248D4F880100865D4F88000F7F749
:10B1F0007FFD98B1D4F88000016D88470EE02046AD
:10B20000FFF726FF0AE003E02046FFF721FF05E0F5
:10B210002046FFF71DFF0020C4F890004CE7E06EC9
:10B2200001287DD105F01000002879D006F010002B
:10B230000028FAD01020216808622068806800F099
:10B24000400040286DD1D4F88000006898498842B9
:10B250006BD0D4F88000006895491831884264D0DA
:10B26000D4F8800000689249303188425DD0D4F82B
:10B27000800000688E494831884256D0D4F880005A
:10B2800000688B49603188424FD0D4F88000006854
:10B2900087497831884248D0D4F8800000688449D2
:10B2A0009031884241D0D4F8800000688049A831AC
:10B2B00088423AD0D4F8800000687E49884234D071
:10B2C000D4F8800000687B49183188422DD0D4F82A
:10B2D0008000006877493031884226D0D4F8800059
:10B2E00000687449483188421FD0D4F88000006853
:10B2F00070496031884218D0D4F8800000686D49E8
:10B300007831884211D0D4F88000006869499031C2
:10B3100088420AD0D4F8800000686649A83102E06B
:10B32000CAE07BE001E0884204D1D4F880000068E4
:10B33000406803E0D4F88000006840681FFA80F895
:10B34000B8F1000F58D0B4F85C00404554DDA4F8C3
:10B350005E80D4F88000C069B0F5807F40D000BF27
:10B3600000BF216851E8001F21F48070226842E884
:10B3700000010029F5D100BF00BF00BF21680831DE
:10B3800051E8001F21F001002168083141E8000266
:10B39000002AF3D100BF00BF00BF2168083151E887
:10B3A000001F21F040002168083141E80002002A16
:10B3B000F3D100BF2020C4F88C000020E06600BF5D
:10B3C00000BF216851E8001F21F01000226842E808
:10B3D00000010029F5D100BFD4F88000F7F71AFA70
:10B3E00002202067B4F85C00B4F85E20801A81B2B5
:10B3F0002046FFF78FFD10E0B4F85C0040450CD10B
:10B40000D4F88000C069B0F5807F06D102202067A3
:10B41000B4F85C102046FFF77DFD4DE634F85C0F74
:10B420006188401A1FFA80F860885C3CC8B3B8F1A4
:10B43000000F36D000BF00BF216851E8001F21F483
:10B440009070226842E800010029F5D100BF00BFDA
:10B4500000BF2168083151E8001F124AD24301EAB7
:10B4600002002168083141E80002002AF1D100BF42
:10B470002020C4F88C000020E066606700BF00BF99
:10B48000216851E8001F21F01000226842E8000105
:10B490000029F5D100BF0220206741462046FFF772
:10B4A00039FD09E60100001020010004B3E00008A6
:10B4B000100002401004024005F4801050B107F45F
:10B4C000800038B14FF48010216808622046FFF7F1
:10B4D000BDFDF1E505F0800058B106F0800010B91F
:10B4E00007F4000028B1A06F10B12046A16F884773
:10B4F000E2E505F0400030B106F0400018B120460A
:10B5000002F0E2FED8E505F4000030B106F080401C
:10B5100018B12046FFF799FDCEE505F0807030B1F7
:10B5200006F0004018B12046FFF730FDC4E500BF2B
:10B53000C2E510B504460CB9012010BDA06900B1E8
:10B5400000E000BFD4F8880028B9002084F8840007
:10B55000204600F02BF82420C4F8880020680068FA
:10B5600020F0010021680860A06A10B1204602F0B6
:10B57000AFFC204603F0E2F9012800D1DDE72068A6
:10B58000406820F49040216848602068806820F07E
:10B590002A00216888602068006840F00100216866
:10B5A0000860204602F010FDC7E7000010B5B6B0F5
:10B5B0000446142130A8F4F74FFFB82102A8F4F78D
:10B5C0004BFFDD49206888427BD102210020CDE974
:10B5D00002101F9002A8FCF77FFC08B1F5F7B7FF37
:10B5E00000BFD648006840F08040D4490860084653
:10B5F000006800F08040019000BF00BF00BFCF484E
:10B600000838006840F01000CC4908390860084646
:10B61000006800F01000019000BF00BF4FF4C07040
:10B6200030900220319000203290339007203490E7
:10B6300030A9C348F9F7CAFEC248C34908604F2081
:10B6400048600021C0488160C1604FF480610161A1
:10B65000002141618161C16101624162F8F790FAA4
:10B6600008B1F5F774FF00BFB748C4F880008463E1
:10B6700000BFB4481830B5490860502048604021E8
:10B68000B24881600021C1604FF4806101610021F6
:10B6900041618161C16101624162F8F771FA08B1EB
:10B6A000F5F755FF00BFA948E067846300BF00229B
:10B6B00005215220FAF740F85220FAF729F839E12B
:10B6C000FFE7A3492068884241D101210020CDE94C
:10B6D0000210209002A8FCF7FFFB08B1F5F737FF36
:10B6E00000BF96480830006840F0100093490831C8
:10B6F00008600846006800F01000019000BF00BF1D
:10B7000000BF8E480838006840F001008B490839B6
:10B7100008600846006800F00100019000BF00BF0B
:10B720004FF4C0603090022031900020329033906E
:10B730000720349030A98748F9F748FE00220521F8
:10B740002520F9F7F9FF2520F9F7E2FFF2E0824919
:10B75000206888423ED102210020CDE902101F90CE
:10B7600002A8FCF7B9FB08B1F5F7F1FE00BF73487A
:10B77000006840F40030714908600846006800F431
:10B780000030019000BF00BF00BF6C48083800685F
:10B7900040F008006949083908600846006800F070
:10B7A0000800019000BF00BF70203090022031904F
:10B7B0000020329033900720349030A96748F9F781
:10B7C00005FE002205212620F9F7B6FF2620F9F70D
:10B7D0009FFFAFE06249206888425AD102210020D1
:10B7E000CDE902101F9002A8FCF776FB08B1F5F72F
:10B7F000AEFE00BF5148006840F480204F49086009
:10B800000846006800F48020019000BF00BF00BF20
:10B810004A480838006840F0020048490839086082
:10B820000846006800F00200019000BF00BF00BFA2
:10B830000846006840F0080008600846006800F00C
:10B840000800019000BF00BF4FF4804030900220FC
:10B8500031900020329033900720349030A9414835
:10B86000F9F7B4FD4FF44070309002203190002081
:10B87000329033900720349030A93848F9F7A6FD6C
:10B88000002205212720F9F757FF2720F9F740FF6D
:10B8900050E03549206888424CD101210020CDE993
:10B8A0000210209002A8FCF717FB08B1F5F74FFE35
:10B8B00000BF22480830006840F080001F4908316E
:10B8C00008600846006800F08000019000BF00BFDB
:10B8D00000BF1A480838006840F0100017490839BE
:10B8E00008600846006800F01000019000BF00BF2B
:10B8F00004203090022031900020329033900420B8
:10B90000349030A90E48F9F761FD082030900220EC
:10B9100031900020329033900B20349030A90848A9
:10B92000F9F754FD002205219C20F9F705FF9C2022
:10B93000F9F7EEFE36B010BD00780040E84402583A
:10B940000010025828000240CC2C0024442D002472
:10B95000001001400000025800440040000C025852
:10B960000048004000040258001C014070B5044625
:10B970000D461646D4F88C00202821D105B10EB909
:10B98000012070BD0020E0660E492068884211D079
:10B990002068406800F4000060B100BF00BF21686B
:10B9A00051E8001F41F08060226842E80001002950
:10B9B000F5D100BF32462946204603F037FBE0E7C9
:10B9C0000220DEE7000C005810B504461A488442F5
:10B9D0000ED1052219A11B48F4F757FD10B901201B
:10B9E00019490870052217491348FFF7BFFF22E0E5
:10B9F000164884420ED1052210A11548F4F745FDE2
:10BA000010B9012013490870052211490F48FFF7AA
:10BA1000ADFF10E0104884420DD1052207A10F4868
:10BA2000F4F733FD10B901200D49087005220B49C8
:10BA30000948FFF79BFF10BD7C2A002474657374CE
:10BA40000A0000001400002419000024E829002442
:10BA50002000002425000024382C00242600002487
:10BA60002B0000247047000070B504460E461546B2
:10BA7000D4F8880020283FD106B10DB9012070BD4F
:10BA800044F8506FA580E580002020642120A06349
:10BA9000E06A503CE0B11948E16FC8631848E16FB3
:10BAA00008641848E16FC8640020E16F08652368E6
:10BAB00003F128022B46216DE06FF8F7EBFA38B15D
:10BAC0001020C4F890002020C4F888000120D6E798
:10BAD00040202168086200BF00BF2168083151E89A
:10BAE000001F41F080002168083141E80002002A6F
:10BAF000F3D100BF0020C2E70220C0E7F9E100084F
:10BB00004DE20008C7E000087047704700BFFEE73D
:10BB10002DED028B98B04FF4FA7007F0DAF90C2192
:10BB20009B48FFF7D3F806219AA0F5F725FA02E023
:10BB3000642007F0CEF9F5F778F80028F8D1974A95
:10BB400097499848F5F780F89748F4F7DDFF082102
:10BB500096A0F5F711FA984903C9CDE9160196495F
:10BB6000083103C9CDE914014FF4FA7007F0B1F9B7
:10BB700016A801F076FB322007F0ABF914A801F00B
:10BB800070FB322007F0A5F90024F5EE008A00BF13
:10BB9000824A83498348F5F757F8814A81498248A8
:10BBA000F4F7C6FF854B1A1F111F7F48F5F780FE7B
:10BBB0007D4807F0FDF8B0EE408A814880ED008AAC
:10BBC000601C0446322813D300249FED7E0B8DEDBC
:10BBD000020BB7EEC80A8DED000B7CA2402104A831
:10BBE00006F098F80546A9B204A8F5F7C5F900BF14
:10BBF000794890ED000A794880ED000A784890ED88
:10BC0000000A754880ED000A644890ED000ADFEDF7
:10BC1000750A30EEC00A724880ED000A90ED000A05
:10BC2000DFED710A20EE200AD0ED000A6A4890ED9F
:10BC3000001A70EE810A694890ED001A70EE810AD0
:10BC40009FED6A1A01EE200A6548D0ED000A6248AD
:10BC500090ED001A70EEC10AB2EE041A01EE200A4D
:10BC6000634880ED000A90ED000ADFED620AB4EE51
:10BC7000E00AF1EE10FA03DD9FED5E0A80ED000AA6
:10BC80005B4890ED000AB5EEC00AF1EE10FA03D25F
:10BC90009FED590A80ED000A554890ED000ABCEE70
:10BCA000C00A10EE100A80B2394909680864534886
:10BCB0000078002845D052480078002841D15148EA
:10BCC0000078D8B100204F4908704F48007820B95B
:10BCD000B5EE000AF0EE408A10E04B4800780128EB
:10BCE00004D1B0EE040AF0EE408A07E0464800783E
:10BCF000022803D19FED450AF0EE408AB0EE680AB3
:10BD000016A801F0CDFA28B941480068401C404906
:10BD1000086004E03F480068401C3E4908609FED11
:10BD20003E0A14A801F0BCFA28B939480068401C42
:10BD30003749086027E037480068401C35490860EB
:10BD400021E09FED2D0A16A801F0D6FA28B9304857
:10BD50000068401C2E49086004E02E480068401C22
:10BD60002C4908609FED240A14A801F0C5FA28B9EF
:10BD700027480068401C2649086004E02548006800
:10BD8000401C24490860012007F0A3F800E70000E8
:10BD900004290024424F4F540D0A000034000024AF
:10BDA0006C0200246002002478020024494D555F93
:10BDB0004F4B0D0A0000000058510108900200246A
:10BDC00054000024000000803D0A1240252E3266F7
:10BDD0002C252E32660D0A00400000244400002469
:10BDE0003C000024000020420000C84200004842FD
:10BDF000380000240000FA43000000005000002436
:10BE000051000024E5010024E40100246666864018
:10BE1000480000244C000024EC51904030B50B4603
:10BE2000002100BF16E00A24B4EB107F05D93024AE
:10BE300004EB107403F8114005E0412404EB107486
:10BE40000A3C03F81140000100254C00641C1D55FC
:10BE50004C1CE1B29142E6DB30BD024602F16000CB
:10BE600000EB8103186800F0F840704701468868CD
:10BE7000C0F3C00070470146886800F001007047B9
:10BE80000146886800F00100704701468868C0F3E9
:10BE90000070704701468868C0F380007047014613
:10BEA0008868C0F380007047826822F0E0720A431D
:10BEB0008260704710B5034603F1600404EB810013
:10BEC000074CA34205D1046824F0004414430460E5
:10BED00004E0046824F000441443046010BD000032
:10BEE0000060025800B58DB000200A900B900C90B5
:10BEF000242101A8F4F7B0FA2848294908604FF432
:10BF00001010486000212648816001210161042150
:10BF1000416100210176012141760221C1610021A8
:10BF200080F820108162C162032101630021C16396
:10BF3000016480F8441001218164F6F735FA08B1F4
:10BF4000F5F705FB00200A900AA91548F5F738FD1A
:10BF500008B1F5F7FCFA134801900620029004207E
:10BF6000039040F2FF70049004200590002006909A
:10BF70008DF8250001A90A48F5F7D4FD08B1F5F7B9
:10BF8000E6FA094801900C20029001A90448F5F74F
:10BF9000C9FD08B1F5F7DBFA0DB000BD0020024085
:10BFA000F40900241000C0100000B84F08B500BF0D
:10BFB0001248006840F00100104908600846006817
:10BFC00000F00100009000BF00BF002205210B20FF
:10BFD000F9F7B2FB0B20F9F79BFB002205210C209F
:10BFE000F9F7AAFB0C20F9F793FB002205210D209D
:10BFF000F9F7A2FB0D20F9F78BFB08BDD8440258D6
:10C0000010B51C481C4908600020886000211A48AF
:10C01000C160017441748174142141610121816105
:10C020000321C16102210162012141628162C16279
:10C03000016300214163012181630021C16320214B
:10C04000016404214164002181640421C164002150
:10C0500001650421416500218165C16520210166DA
:10C060000021416604218166F8F728FE08B1F5F742
:10C070006EFA10BD00A00040DC0A002410B51D4877
:10C080001D4908600020886000211B48C1600174C0
:10C090004174817414214161012181610321C161D5
:10C0A00002210162012141628162C162016340F2A9
:10C0B00006414163012181630021C16320210164A4
:10C0C00004214164002181640421C16400210165CF
:10C0D0000421416500218165C1652021016600219F
:10C0E000416604218166F8F7E9FD08B1F5F72FFAFA
:10C0F00010BD000000A400407C0B002410B51B48BC
:10C100001B4908600020886000211948C160017443
:10C11000417481741821416101218161C161016211
:10C1200041628162C162016340F6120141630121F3
:10C1300081630021C1632021016404214164002145
:10C1400081640421C164002101650421416500214D
:10C150008165C16520210166002141660421816657
:10C16000F8F7ACFD08B1F5F7F2F910BD00D40040C6
:10C170001C0C002400B5ABB0002029902A900121AE
:10C1800029A806F0CBFE29490860002027902890B6
:10C19000012127A806F0C2FE25490860254B0FCBD8
:10C1A000CDE92523CDE92301002123A806F0A2FE35
:10C1B000214908601C221F4910311CA8F4F733F9EB
:10C1C00000211CA806F0D6FE1C4908601C22194953
:10C1D0002C3115A8F4F727F9002115A806F0CAFE9E
:10C1E000174908601C22134948310EA8F4F71BF9BF
:10C1F00000210EA806F0BEFE124908601C220D495F
:10C20000643107A8F4F70FF9002107A806F0B2FE81
:10C210000D4908601C22074980316846F4F703F98C
:10C220000021684606F0A6FE2BB000BDC000002429
:10C23000C400002468510108BC000024AC000024A4
:10C24000B0000024B4000024B800002400B587B07A
:10C25000142102A8F4F700F900BF9248006840F0EA
:10C260001000904908600846006800F01000019036
:10C2700000BF00BF00BF0846006840F0040008602F
:10C280000846006800F00400019000BF00BF00BF36
:10C290000846006840F0800008600846006800F02A
:10C2A0008000019000BF00BF00BF0846006840F05A
:10C2B000010008600846006800F00100019000BF1E
:10C2C00000BF00BF0846006840F002000860084652
:10C2D000006800F00200019000BF00BF00BF0846E8
:10C2E000006840F0080008600846006800F0080098
:10C2F000019000BF00BF012244F229016A48F9F70A
:10C300005DF9012251036848F9F758F900224FF40A
:10C3100000416548F9F752F9012251036348F9F7E2
:10C320004DF900224FF400416048F9F747F9002227
:10C330004FF440615E48F9F741F9012211035C486E
:10C34000F9F73CF900224FF480615A48F9F736F9C1
:10C350004FF4C0400290012003900020049005900B
:10C3600002A95148F9F732F84FF400400290012039
:10C37000039000200490059002A94B48F9F726F895
:10C380004FF400500290012003900020049005908B
:10C3900002A94648F9F71AF8012250214248F9F754
:10C3A0000DF95020029001200390002004900320FA
:10C3B000059002A93C48F9F709F8292002900120CC
:10C3C0000390002004900320059002A93648F8F756
:10C3D000FDFF4FF4A05002904FF48810039000200E
:10C3E000049002A93148F8F7F1FF4FF400400290A1
:10C3F0000120039000200490059002A92B48F8F733
:10C40000E5FF4FF44060029001200390002004906B
:10C41000059002A92648F8F7D9FF4FF48050029002
:10C420000120039004900320059002A92048F8F70A
:10C43000CDFF4FF480600290012003900020049013
:10C44000059002A91B48F8F7C1FF4FF4C0500290B5
:10C450000220039000200490032005900A200690FB
:10C4600002A91548F8F7B2FF4FF48070029002203D
:10C470000390002004900590069002A90E48F8F75A
:10C48000A5FF4FF40040029000200390049002A901
:10C490000948F8F79BFF00214FF00060FDF728FFE7
:10C4A00007B000BDE04402580008025800100258CE
:10C4B00000040258000C02580000025830B587B042
:10C4C000182101A8F3F7C8FF224D002403E0002043
:10C4D00005F8010B641C5C2CF9D31F481D4908604A
:10C4E0000846F9F7FBFC1D481A4908600820486017
:10C4F000002118488160C16017210161012141615B
:10C50000002181610121C161002101620321416299
:10C510004FF0804181620021C162016308214163C3
:10C5200000218163C163F9F7F3FC08B1F5F70FF857
:10C530000120019003904FF00110049041F28832E5
:10C5400001A90448F9F74AF908B1F5F700F807B06E
:10C5500030BD00002C2600240050005200A00052E4
:10C5600010B51648164908604FF480004860411124
:10C57000134881600721C1604FF000710161002103
:10C5800041614FF0806181618900C16100210162D8
:10C5900041628162C1624FF0804141630021816349
:10C5A000C163016441648164C16401654165816561
:10C5B000FDF774FA08B1F4F7CAFF10BD003001406E
:10C5C0008826002410B51648164908604FF48000EC
:10C5D00048600021134881600721C1604FF000715D
:10C5E000016149104161890081610901C161002136
:10C5F000016241628162C1624FF08041416300216A
:10C600008163C163016441648164C1640165416502
:10C610008165FDF743FA08B1F4F799FF10BD0000FA
:10C62000003800401027002410B51648164908604D
:10C630004FF4800048604111134881600721C160B8
:10C64000002101614FF080714161890081618900A1
:10C65000C1610021016241628162C1624FF080418B
:10C66000416300218163C163016441648164C164E9
:10C67000016541658165FDF711FA08B1F4F767FFBF
:10C6800010BD0000001400589827002400B58BB09E
:10C690000020089009900A901C2101A8F3F7DCFE05
:10C6A0001748184908601720486000211548816024
:10C6B00040F2CF71C160002101618161FEF775FA1E
:10C6C00008B1F4F744FF002008900A9008A90D482B
:10C6D000FDF780FE08B1F4F73AFF602001900020DA
:10C6E000029003900590042201A90648FEF7A5F9DF
:10C6F00008B1F4F72CFF0348FEF706F90BB000BDB4
:10C70000001800409C29002400B597B00020149028
:10C71000159016901C210DA8F3F79EFE3421684653
:10C72000F3F79AFE2748284908601820486000213E
:10C730002548816042F21071C160002101614161B0
:10C740008161FEF732FA08B1F4F701FF002014907E
:10C750001590169014A91C48FDF73CFE08B1F4F79B
:10C76000F6FE60200D9041F288300E9000200F9070
:10C77000109011901290139000220DA91248FEF70C
:10C780005CF908B1F4F7E3FE0020009001900290FC
:10C79000039004904FF400500590002006900890FC
:10C7A0004FF00070099000200A900C9069460648EE
:10C7B000FDF7ACFD08B1F4F7CAFE0348FEF7A4F894
:10C7C00017B000BD000001406C28002400B58BB0FC
:10C7D0000020089009900A901C2101A8F3F73CFE64
:10C7E0004FF080401C4908601820486000211A481A
:10C7F000816042F21071C160002101618161FEF728
:10C80000D4F908B1F4F7A3FE002008900A9008A913
:10C810001148FDF7DFFD08B1F4F799FE60200190A3
:10C8200041F288300290002003900590002201A977
:10C830000948FEF702F908B1F4F789FE082201A9B8
:10C840000548FEF7FAF808B1F4F781FE0248FEF752
:10C850005BF80BB000BD0000B828002400B58BB019
:10C860000020089009900A901C2101A8F3F7F4FD1C
:10C87000184819490860172048600021164881604F
:10C8800042F20F71C1600021016180218161FEF7D8
:10C890008CF908B1F4F75BFE002008900A9008A913
:10C8A0000D48FDF797FD08B1F4F751FE60200190A7
:10C8B00000200290039005900C2201A90648FEF783
:10C8C000BCF808B1F4F743FE0348FEF71DF80BB0BF
:10C8D00000BD0000000400400429002400B587B01A
:10C8E0000020039004900590069000900190029023
:10C8F00014481549086017204860002112488160DB
:10C9000042F20F71C160002101618161FDF7D4FD28
:10C9100008B1F4F71CFE4FF48050039003A90A48B5
:10C92000FDF78AFE08B1F4F712FE00200090029095
:10C9300069460548FDF74EFD08B1F4F708FE07B05B
:10C9400000BD0000000800405029002410B5184820
:10C95000184908604FF4E1304860002115488160B3
:10C96000C16001610C21416100218161C1610162ED
:10C97000416200200F4988620846FEF7DAFD08B1DF
:10C98000F4F7E5FD00210B48FEF730FB08B1F4F7A2
:10C99000DEFD00210748FEF7FAFA08B1F4F7D7FDEB
:10C9A0000448FEF75EFA08B1F4F7D1FD10BD0000AF
:10C9B00000780040E829002410B51848184908609C
:10C9C0004FF461204860002115488160C160016119
:10C9D0000C21416100218161C1610162416200203D
:10C9E0000F4988620846FEF7A4FD08B1F4F7AFFDD1
:10C9F00000210B48FEF7FAFA08B1F4F7A8FD002170
:10CA00000748FEF7C4FA08B1F4F7A1FD0448FEF7A1
:10CA100028FA08B1F4F79BFD10BD0000001C01408E
:10CA2000382C002410B51848184908604FF46120CC
:10CA30004860002115488160C16001610C2141619D
:10CA400000218161C1610162416200200F49886259
:10CA50000846FEF76EFD08B1F4F779FD00210B489A
:10CA6000FEF7C4FA08B1F4F772FD00210748FEF79B
:10CA70008EFA08B1F4F76BFD0448FEF7F2F908B13D
:10CA8000F4F765FD10BD0000001001407C2A002471
:10CA900010B51948194908604FF461204860002119
:10CAA00016488160C16001610C21416100218161F2
:10CAB000C1610162416200201049886200231A4668
:10CAC00019460E48FCF79EFF08B1F4F740FD00211F
:10CAD0000A48FEF78BFA08B1F4F739FD0021074840
:10CAE000FEF755FA08B1F4F732FD0448FEF7B9F93C
:10CAF00008B1F4F72CFD10BD00440040102B0024B9
:10CB000010B51948194908604FF4612048600021A8
:10CB100016488160C16001610C2141610021816181
:10CB2000C1610162416200201049886200231A46F7
:10CB300019460E48FCF766FF08B1F4F708FD00211E
:10CB40000A48FEF753FA08B1F4F701FD002107483F
:10CB5000FEF71DFA08B1F4F7FAFC0448FEF781F974
:10CB600008B1F4F7F4FC10BD00480040A42B0024E9
:10CB700010B501220E490F4803F00EFA08B1F4F780
:10CB8000E6FC0D490B4803F045FD08B1F4F7DFFC66
:10CB90000A49084802F0EEFD08B1F4F7D8FC054850
:10CBA00003F03AFE08B1F4F7D2FCFAF75BFA10BDD5
:10CBB000FC010024046C0024E8000024E8010024A7
:10CBC00000B52DED068B0246B0EE403BB0EE414A7B
:10CBD000F0EE615AF0EE424AB0EE625AF5EEC05AFB
:10CBE000F1EE10FA09D1F5EEC04AF1EE10FA04D1D7
:10CBF000B5EEC05AF1EE10FA7ED065EEA50A44EE0D
:10CC0000A40A45EE050AB0EE600A06F009F9F0EE56
:10CC1000402A25EEA20AF0EE405A24EEA20AF0EED7
:10CC2000404A25EE220AB0EE405A92ED010AD2EDBA
:10CC3000030A20EE200AD2ED000A92ED021AF0EE6D
:10CC4000408A40EEC18A92ED000AD2ED010A20EE40
:10CC5000200AD2ED020A92ED031AF0EE409A40EE5D
:10CC6000819AD2ED000A92ED001AB6EE000A10EE9B
:10CC7000810AD2ED030A92ED031AB0EE409A00EE5B
:10CC8000819A24EE890AF0EE407A45EE697A25EE23
:10CC9000280AB0EE40AA05EEC9AA25EEA90AB0EE10
:10CCA000408A04EEE88A7C4890ED000AB5EEC00A9E
:10CCB000F1EE10FA40DD90ED000A60EE270A7748A9
:10CCC00090ED000A9FED761A00EE810A80ED000AD1
:10CCD000714890ED000A60EE0A0A724890ED000A71
:10CCE0009FED6F1A00EE810A80ED000A6A4890ED10
:10CCF000000A60EE080A00E046E06B4890ED000A8A
:10CD00009FED671A00EE810A80ED000A634890EDFE
:10CD1000000A33EE000AB0EE403A624890ED000A95
:10CD200033EE800AF0EE403A5F4890ED000A34EEB0
:10CD3000000AB0EE404A0EE09FED5C0A574880EDD5
:10CD4000000A9FED5A0A574880ED000A9FED570AE6
:10CD5000554880ED000A5648D0ED000AB0EE430A6F
:10CD600000EEA70AB0EE403AD0ED000AB0EE630A3A
:10CD700000EE8A0AF0EE403AD0ED000AB0EE440A26
:10CD800000EE880AB0EE404A9FED4A0A23EE000A00
:10CD9000B0EE403A9FED470A23EE800AF0EE403AAB
:10CDA0009FED440A24EE000AB0EE404A92ED006A7C
:10CDB000D2ED016A92ED027AB1EE660A20EE030A24
:10CDC00007EE630AD2ED030A00EEC40AD2ED000AB0
:10CDD00030EE200A82ED000A26EE030A07EE040A6E
:10CDE000D2ED030A00EEE30AD2ED010A30EE200A8A
:10CDF00082ED010A26EE230A06EEC40AD2ED030AEA
:10CE000000EE830AD2ED020A30EE200A82ED020A19
:10CE100026EE040A06EEA30A07EE430AD2ED030A41
:10CE200030EE200A82ED030AD2ED000A60EEA00A7D
:10CE300092ED011AD2ED011A41EE210A92ED021A89
:10CE4000D2ED021A41EE210A92ED031AD2ED031A35
:10CE500041EE210AB0EE600A05F0E2FFF0EE402A52
:10CE600092ED000A20EE220A82ED000A92ED010AFC
:10CE700020EE220A82ED010A92ED020A20EE220A39
:10CE800082ED020A92ED030A20EE220A82ED030AE5
:10CE9000BDEC068B00BD0000040000240800002447
:10CEA0006F12833A0C0000241000002400000000E0
:10CEB000000000246F12033A00BFFEE700BFFEE748
:10CEC000F0B505460020002415B1022D00D809B99F
:10CED000012064E000260E604E608E60CE600E6120
:10CEE000022D08D12E4E366806F001060EB92D4CE3
:10CEF00001E04FF4007400234FE0294E361D56F830
:10CF0000232002F001063EB102F0020604F00207FF
:10CF1000BE4201D15E1C0E6002F010063EB102F06E
:10CF2000200604F02007BE4201D15E1C4E6002F4D0
:10CF300080763EB102F4007604F40077BE4201D15F
:10CF40005E1C8E6002F480368EB102F4802604F4FA
:10CF50008027BE420BD102F4003626B95E1C46F48F
:10CF60008036CE6003E05E1C46F08076CE6002F034
:10CF700080768EB102F0806604F08067BE420BD1ED
:10CF800002F0007626B95E1C46F480360E6103E09E
:10CF90005E1C46F080760E615B1C022BADD3F0BDAB
:10CFA00000B40052220204042DE9F04104460E466A
:10CFB00017469846069D12E0681C80B1F8F704FBFE
:10CFC000A0EB0800A84200D84DB94FF400702065CE
:10CFD000606D40F0010060650120BDE8F0812068CF
:10CFE000006A304008B1012000E00020B842E3D1DF
:10CFF0000020F2E710B50248F9F7F9FA10BD000079
:10D00000E08000242DE9F04704460D4626683746A7
:10D01000D6F8408007F5306000EB4510D0F8089056
:10D02000104880450BD909F40040B0F5004F06D1F7
:10D030004FF4004107F5306000EB45108160204659
:10D04000F9F796FF0748804508D9A079012805D14E
:10D0500004F29C420121206804F092F80020BDE80F
:10D06000F08700000A30544F2DE9F04705460C4682
:10D07000D5F800904E46D9F840A006F5306000EB98
:10D080004410D0F80880A879012855D108F008008C
:10D0900008280FD1434882450BD908F40040B0F569
:10D0A000004F7BD14FF4004106F5306000EB441097
:10D0B000816073E008F02000202806D1202106F5C9
:10D0C000306000EB4410816068E008F02800002820
:10D0D00064D1344882450CD908F40040B0F5004FC3
:10D0E00007D14FF4004106F5306000EB4410816039
:10D0F00054E004EBC40105F5157000EB810706F55B
:10D10000306000EB4410396A0069C0F31200081A5D
:10D11000786164B9386930B905F29C420121286808
:10D1200004F02EF803E07969F8680844F860E1B289
:10D130002846F9F7D3F831E01B4882451BD108F4A3
:10D140000040B0F5004F07D14FF4004106F53060C4
:10D1500000EB4410816021E008F02000202805D178
:10D16000202106F5306000EB44108160E1B22846D2
:10D17000F9F7B4F812E06CB904EBC40105F51570C9
:10D1800000EB8100006928B905F29C420021286863
:10D1900003F0F6FFE1B22846F9F7A0F80020BDE859
:10D1A000F08700000A30544F0A31544F2DE9F84FF0
:10D1B00007460E46D7F80090C84606EBC60107F1B1
:10D1C000140000EB8104D4E90410884202D9012044
:10D1D000BDE8F88FD4E90401451AA068A84200D23E
:10D1E000A568E81C4FEA900A17E0D4E90401451A43
:10D1F000A068A84200D2A568E81C4FEA900AB87956
:10D20000ABB2F2B200904846E16804F081FCE068FD
:10D210002844E06060692844606108F5106000EB14
:10D220004610806980B2504506D3D4E90410884284
:10D2300002D220690028D8D1D4E9040188420ED84E
:10D2400006F00F01012000FA01FB40F6340050F80F
:10D25000080020EA0B0040F6340141F808000020E5
:10D26000B6E710B5044600220121204600F001F87F
:10D2700010BDF8B504460E4615468DF80060E8B2BC
:10D280008DF80100280A8DF80200207800F58067EB
:10D29000394603236A46606805F06EFDF8BD00005C
:10D2A00070B52DED028B0446B0EE408A9FED0F1A4B
:10D2B000DFED0F0AB0EE480A05F018FDB0EE408A27
:10D2C000DFED0A0A88EE200ADFED0A0A20EE200AC6
:10D2D000BDEEC00A10EE100A05B22A46052120460E
:10D2E000FFF7C7FFBDEC028B70BD0000DB0FC9402C
:10D2F0000000000000FF7F4770B52DED028B044653
:10D30000B0EE408A9FED0F1ADFED0F0AB0EE480A2B
:10D3100005F0ECFCB0EE408ADFED0A0A88EE200A48
:10D32000DFED0A0A20EE200ABDEEC00A10EE100A58
:10D3300005B22A4604212046FFF79BFFBDEC028B75
:10D3400070BD000000007A4400007AC400FEFF4671
:10D350002DE9F04104460E4600275548006800F0CC
:10D360000300032802D10120BDE8F081504828388D
:10D37000006820F080604E4928390860F8F724F9E9
:10D38000054606E0F8F720F9401B022801D90320E2
:10D39000EAE7474828380068C0F3C0600028F1D1A8
:10D3A00000BF4348006820F47C30216840EA013027
:10D3B0003F490860A088401EC0F30800A168491ECC
:10D3C0004FF47E4202EA41210843A189491ED2015D
:10D3D00002EA01410843217C491E120202EA01616E
:10D3E000084333491031086000BF3148001D006810
:10D3F00020F0C000616908432D49091D08600846F6
:10D40000006820F02000A16908432949091D08602F
:10D410000846006820F010000860254814300068B5
:10D420004FF6F8718843E16940EAC10020491431A0
:10D4300008601F48001D006840F010001C49091DCD
:10D4400008602EB90846006840F40020086012E029
:10D45000012E08D11648001D006840F480101449C0
:10D46000091D086007E01248001D006840F4001024
:10D470000F49091D08600E482838006840F0806098
:10D480000B4928390860F8F79FF8054606E0F8F7D9
:10D490009BF8401B022801D9032065E7044828387F
:10D4A0000068C0F3C0600028F1D038465CE7000097
:10D4B000284402582DE9F04104460E4600275548FD
:10D4C000006800F00300032802D10120BDE8F081CC
:10D4D00050482838006820F080504E4928390860AC
:10D4E000F8F772F8054606E0F8F76EF8401B0228D8
:10D4F00001D90320EAE7474828380068C0F34070A4
:10D500000028F1D100BF4348006820F07C702188DA
:10D5100040EA01503F490860A088401EC0F308005F
:10D52000A168491E4FF47E4202EA41210843A189C5
:10D53000491ED20102EA01410843217C491E120220
:10D5400002EA0161084333491831086000BF3148DD
:10D55000001D006820F44060616908432D49091DE1
:10D5600008600846006820F40070A1690843294952
:10D57000091D08600846006820F48070086025488E
:10D580001C3000684FF6F8718843E16940EAC10039
:10D5900020491C3108601F48001D006840F480705D
:10D5A0001C49091D08602EB90846006840F4800037
:10D5B000086012E0012E08D11648001D006840F4F2
:10D5C00000001449091D086007E01248001D0068AA
:10D5D00040F080700F49091D08600E482838006827
:10D5E00040F080500B4928390860F7F7EDFF0546F9
:10D5F00006E0F7F7E9FF401B022801D9032065E7A1
:10D60000044828380068C0F340700028F1D038463C
:10D610005CE7000028440258026851690268926978
:10D6200042F0080203689A610268926942F01002AF
:10D6300003689A610268126822F0010203681A60A6
:10D640000268126940F26F339A4303681A610268F4
:10D65000926822F4404203689A6090F88120042A7C
:10D660000ED001F020025AB1D0F8842042F080029E
:10D67000C0F884200268926942F0200203689A612F
:10D6800090F88120032A0ED001F040025AB1D0F860
:10D69000842042F00402C0F884200268926942F0BB
:10D6A000400203689A6101F400725AB1D0F88420F4
:10D6B00042F00102C0F884200268926942F40072CC
:10D6C00003689A6101F480725AB1D0F8842042F064
:10D6D0000802C0F884200268926942F480720368EC
:10D6E0009A610022A0F86220A0F86A20704710B565
:10D6F00001460124C86B04EB5013C868421CD01DBE
:10D70000C20802FB03F010BD2DE9F04106460D46AC
:10D7100017461C46DDF818800BE0F7F755FFA0EB25
:10D720000800A04201D3601C00B914B90320BDE871
:10D73000F081306840692840A84201D1012000E012
:10D740000020B842E9D00020F1E730B501460A4692
:10D750001378521C147843EA042030BDFFF708FA0E
:10D7600000BF012005F0B5FBFBE700BF012005F07D
:10D77000B0FBFBE710B500BF502080F31188BFF36A
:10D780004F8FBFF36F8F00BF07F092FA18B14FF0C1
:10D7900080500449086000BF002080F3118800BF5A
:10D7A00010BD000004ED00E000B59DB04C210AA8BA
:10D7B000F2F752FE202102A8F2F74EFE0220F9F7FE
:10D7C00021FC00BF002001902A48006820F440405E
:10D7D000284908600846006800F44040019000BFF6
:10D7E00000BF00BF2348006800F40050B0F5005FA0
:10D7F000F8D123200A904FF480300B9001200D9037
:10D8000040200E90012010900220139002211491CC
:10D8100015912821169101211791042118910221B7
:10D8200019910C211A9100211B911C910AA8FBF758
:10D830003BFD08B1F3F78BFE3F20029003200390DD
:10D8400000200490082005904020069007900001D9
:10D85000089040200990032102A8FBF7A1F908B124
:10D86000F3F775FE4FF4802200210846FBF7BEFC5B
:10D870001DB000BD184802582F48006840F47000E1
:10D880002D4908602D48006800F00F00072806D2D7
:10D890002A48006820F00F00C01D28490860284869
:10D8A000006840F00100264908600020244910313A
:10D8B00008602348006823490840214908601F4840
:10D8C000006800F00F00072806D91C48006820F007
:10D8D0000F00C01D1949086000201949183108605F
:10D8E000091D0860091D086017481549283108609E
:10D8F0001648091D08601648091D08600020091D0A
:10D9000008601348091D08600020091D08601048C0
:10D91000091D08600020091D08600948006820F4FE
:10D92000802007490860002005496031086043F203
:10D93000D20008490860704788ED00E000200052DE
:10D94000004402587FEDF6EA000202020000FF01E7
:10D95000800201010040005210B50248FCF707FFA9
:10D9600010BD00002028002410B50248FCF7FFFE7F
:10D9700010BD00005029002410B502682E4B9842BB
:10D980000ED0B0F1804F0BD02C4B984208D02C4BCE
:10D99000984205D02B4B984202D02B4B984203D192
:10D9A00022F070024B681A43234B98421DD0B0F10D
:10D9B000804F1AD0214B984217D0214B984214D057
:10D9C000204B984211D0204B98420ED01F4B9842CA
:10D9D0000BD01F4B984208D01E4B984205D01E4BCF
:10D9E000984202D01D4B984203D122F44072CB687A
:10D9F0001A4322F080034C6943EA04028B68C36235
:10DA00000B6883620C4B98420BD00F4B984208D0A6
:10DA10000E4B984205D00E4B984202D00D4B9842C7
:10DA200001D10B690363036843F00403036001231E
:10DA30004361026010BD000000000140000400408E
:10DA400000080040000C004000040140004001407C
:10DA5000004401400048014000E0004000E4004074
:10DA600030B501F01F05012404FA05F3046A9C4354
:10DA70000462046A01F01F0502FA05F52C430462F2
:10DA800030BD30B50C46816821F47F4142EA032560
:10DA900025432943816030BD0A468168034B194004
:10DAA00042F0070319438160704700008FFFCFFFEA
:10DAB00030B5026A056A25F001050562436884698C
:10DAC000204D2C4024F003040D682C4322F0020268
:10DAD0008D682A431C4DA84200D10FE01B4DA8427F
:10DAE00000D10BE01A4DA84200D107E0194DA84221
:10DAF00000D103E0184DA84206D100BF22F0080271
:10DB0000CD682A4322F004020F4DA8420BD00F4DDE
:10DB1000A84208D00E4DA84205D00E4DA84202D012
:10DB20000D4DA84207D123F4807323F400734D698F
:10DB30002B438D692B43436084614D6845630262CA
:10DB400030BD00008FFFFEFF0000014000040140D7
:10DB500000400140004401400048014030B5026AE5
:10DB6000056A25F01005056243688469224D2C4042
:10DB700024F440740D6844EA052422F020028D68E4
:10DB800042EA05121D4DA84200D10FE01C4DA842EB
:10DB900000D10BE01B4DA84200D100BF1A4DA84296
:10DBA00000D100BF194DA84207D106E022F0800243
:10DBB000CD6842EA051222F04002104DA8420BD077
:10DBC0000F4DA84208D00F4DA84205D00E4DA842D7
:10DBD00002D00E4DA84209D123F4806323F40063E0
:10DBE0004D6943EA85038D6943EA85034360846197
:10DBF0004D688563026230BDFF8FFFFE000001406B
:10DC00000004014000400140004401400048014040
:10DC100030B5026A056A25F4807505624368C469F7
:10DC2000224D2C4024F003040D682C4322F4007292
:10DC30008D6842EA05221E4DA84200D10FE01D4D1D
:10DC4000A84200D10BE01C4DA84200D100BF1B4DE3
:10DC5000A84200D100BF1A4DA84207D106E022F425
:10DC60000062CD6842EA052222F48062104DA8428B
:10DC70000BD0104DA84208D00F4DA84205D00F4D33
:10DC8000A84202D00E4DA84209D123F4805323F4B8
:10DC900000534D6943EA05138D6943EA0513436058
:10DCA000C4614D68C563026230BD00008FFFFEFF96
:10DCB00000000140000401400040014000440140D8
:10DCC0000048014030B5036A056A25F480550562B5
:10DCD0004468C269124D2A4022F440720D6842EA3B
:10DCE000052223F400538D6843EA05330D4DA84205
:10DCF0000BD00D4DA84208D00C4DA84205D00C4DBC
:10DD0000A84202D00B4DA84204D124F480444D69AE
:10DD100044EA85144460C2614D680564036230BD05
:10DD2000FF8FFFFE00000140000401400040014061
:10DD3000004401400048014030B5026A056A25F4FC
:10DD4000803505624368446D114D2C400D682C43AD
:10DD500022F400320D8942EA05420E4DA8420BD052
:10DD60000D4DA84208D00D4DA84205D00C4DA8423B
:10DD700002D00C4DA84204D123F480334D6943EA0C
:10DD80000523436044654D688565026230BD00002F
:10DD90008FFFFEFF000001400004014000400140F1
:10DDA000004401400048014030B5026A056A25F48C
:10DDB000801505624368446D114D2C400D6844EA9E
:10DDC000052422F400120D8942EA05520D4DA842A5
:10DDD0000BD00D4DA84208D00C4DA84205D00C4DDB
:10DDE000A84202D00B4DA84204D123F480234D69F0
:10DDF00043EA8523436044654D68C565026230BDD2
:10DE0000FF8FFFFE00000140000401400040014080
:10DE1000004401400048014030B50B461446026AF8
:10DE2000056A25F001050562816921F0F00141EAEA
:10DE3000041122F00A021A438161026230BD30B53A
:10DE40000B461446026A056A25F0100505628169D1
:10DE500021F4704141EA043122F0A00242EA0312A7
:10DE60008161026230BD000010B50248FDF706F97D
:10DE700010BD0000E829002470B5456E2DB90125BC
:10DE8000A0F86A50A0F868501CE010231024056820
:10DE9000AD68C5F342610568AD686A0F0A4DAD5CB7
:10DEA00015FB04F5094EB65C95FBF6F5A0F86A5033
:10DEB000054D6D5C15FB03F5044E765C95FBF6F5A0
:10DEC000A0F8685070BD00009052010898520108F7
:10DED00090F8281001F00801082907D10168496865
:10DEE00021F40041826B11430268516090F82810C0
:10DEF00001F0010139B10168496821F40031C26AB9
:10DF000011430268516090F8281001F002010229C3
:10DF100007D10168496821F48031026B114302681E
:10DF2000516090F8281001F00401042907D101681C
:10DF3000496821F48021426B11430268516090F8D6
:10DF4000281001F01001102907D10168896821F417
:10DF50008051C26B11430268916090F8281001F063
:10DF60002001202907D10168896821F40051026C41
:10DF700011430268916090F8281001F04001402997
:10DF800013D10168496821F48011426C1143026881
:10DF90005160416CB1F5801F07D10168496821F4D7
:10DFA000C001826C11430268516090F8281001F0A2
:10DFB0008001802907D10168496821F40021C26CE1
:10DFC000114302685160704738B504460020C4F818
:10DFD0009000F7F7F9FA05462068006800F008009D
:10DFE000082821D16FF07E402B4600224FF400110B
:10DFF0000090204601F0C8F8B0B100BF00BF216812
:10E0000051E8001F21F08000226842E80001002949
:10E01000F5D100BF2020C4F8880000BF002084F89C
:10E02000840000BF032038BD2068006800F00400B1
:10E03000042830D16FF07E402B4600224FF480013F
:10E040000090204601F0A0F828B300BF00BF21686F
:10E0500051E8001F21F49070226842E80001002975
:10E06000F5D100BF00BF00BF2168083151E8001F93
:10E0700021F001002168083141E80002002AF3D1B3
:10E0800000BF2020C4F88C0000BF002084F884006A
:10E0900000BF0320C7E72020C4F88800C4F88C0024
:10E0A0000020E066206700BF84F8840000BF00BF46
:10E0B000B9E770B50446A56B0020A5F85E002846B8
:10E0C000FCF7C6FF70BD2DE9F0410546AC6BD4F8F6
:10E0D0008860D4F88C702068806800F08000802808
:10E0E00007D1212E05D10020A4F85600204600F0CB
:10E0F00003F92068806800F04000402807D1222FF3
:10E1000005D10020A4F85E00204600F0A7F8D4F85E
:10E11000900040F01000C4F890002046FCF798FFF3
:10E12000BDE8F08170B50546AC6BE869B0F5807F5D
:10E1300040D00020A4F85E0000BF00BF216851E875
:10E14000001F21F48070226842E800010029F5D107
:10E1500000BF00BF00BF2168083151E8001F21F057
:10E1600001002168083141E80002002AF3D100BF14
:10E1700000BF00BF2168083151E8001F21F04000B6
:10E180002168083141E80002002AF3D100BF2020B5
:10E19000C4F88C00E06E01280CD100BF00BF2168DC
:10E1A00051E8001F21F01000226842E80001002918
:10E1B000F5D100BF00202067E06E012805D1B4F83A
:10E1C0005C102046FCF7A6FE02E02046FDF7FCFBB3
:10E1D00070BD70B50546AC6B01202067E06E01286C
:10E1E00006D1B4F85C0041082046FCF793FE02E03B
:10E1F0002046FDF737FC70BD70B50546AC6BE8698D
:10E20000B0F5807F1ED00020A4F8560000BF00BFEC
:10E210002168083151E8001F21F080002168083191
:10E2200041E80002002AF3D100BF00BF00BF21680F
:10E2300051E8001F41F04000226842E80001002937
:10E24000F5D102E02046FDF75FFC70BD70B50446D5
:10E25000A56B2846FDF759FC70BD000000BF00BF4C
:10E26000026852E8002F22F49071036843E800121C
:10E27000002AF5D100BF00BF00BF0268083252E893
:10E28000002F104B02EA03010268083242E8001333
:10E29000002BF2D100BFC16E01290CD100BF00BF1D
:10E2A000026852E8002F22F01001036843E80012D0
:10E2B000002AF5D100BF2021C0F88C100021C166D2
:10E2C00041677047FEFFFFEF10B5044600BF00BF77
:10E2D000216851E8001F21F04000226842E8000157
:10E2E0000029F5D100BF2020C4F888000020A067D5
:10E2F0002046FDF709FC10BD00BF00BF026852E8D0
:10E30000002F22F0C001036843E80012002AF5D173
:10E3100000BF00BF00BF0268083252E8002F22F49D
:10E3200000010268083242E80013002BF3D100BF5D
:10E330002021C0F8881070472DE9F0410446B4F858
:10E340006070D4F88C0022286ED12068406A86B2B2
:10E35000A56D06EA07002880A06D801CA065B4F8B2
:10E360005E00401EA4F85E00B4F85E00002861D193
:10E3700000BF00BF216851E8001F21F4907022689F
:10E3800042E800010029F5D100BF00BF00BF2168AD
:10E39000083151E8001F21F001002168083141E8EF
:10E3A0000002002AF3D100BF2020C4F88C00002016
:10E3B0006067206720492068884211D02068406843
:10E3C00000F4000060B100BF00BF216851E8001FE9
:10E3D00021F08060226842E800010029F5D100BFE9
:10E3E000E06E01281CD10020E06600BF00BF21685C
:10E3F00051E8001F21F01000226842E800010029C6
:10E40000F5D100BF2068C069C0F3001010B1102022
:10E4100021680862B4F85C102046FCF77BFD09E037
:10E420002046FDF7D1FA05E02068806940F0080039
:10E4300021688861BDE8F081000C00582DE9F84F93
:10E440000446B4F860B02068C56920680068009090
:10E450002068D0F808A0D4F88C0022287ED1B4F827
:10E460006890AEE02068406A1FFA80F8A76D08EA5D
:10E470000B003880A06D801CA065B4F85E00401EC3
:10E48000A4F85E002068C56905F00700B0B305F088
:10E49000010060B1009800F4807040B10120216853
:10E4A0000862D4F8900040F00100C4F8900005F034
:10E4B000020058B10AF0010040B102202168086250
:10E4C000D4F8900040F00400C4F8900005F0040077
:10E4D00058B10AF0010040B1042021680862D4F864
:10E4E000900040F00200C4F89000D4F8900028B1E9
:10E4F0002046FCF7ADFD0020C4F89000B4F85E00A3
:10E5000000285ED100BF00BF216851E8001F21F440
:10E510008070226842E800010029F5D100BF00BFE9
:10E5200000BF2168083151E8001F414A01EA02009A
:10E530002168083141E80002002AF2D100BF202002
:10E54000C4F88C000020606720673A492068884240
:10E5500013D02068406800F4000000E05FE060B184
:10E5600000BF00BF216851E8001F21F080602268D1
:10E5700042E800010029F5D100BFE06E01281CD15E
:10E580000020E06600BF00BF216851E8001F21F0B5
:10E590001000226842E800010029F5D100BF206880
:10E5A000C069C0F3001010B1102021680862B4F8EF
:10E5B0005C102046FCF7AEFC02E02046FDF704FAB2
:10E5C00007E0B9F1000F04D005F0200000287FF427
:10E5D00049AF00BFB4F85E6006B3B4F86800B0425B
:10E5E00023DD00BF00BF2168083151E8001F21F082
:10E5F00080502168083141E80002002AF3D100BFB1
:10E600000D48606700BF00BF216851E8001F41F05E
:10E610002000226842E800010029F5D105E02068C9
:10E62000806940F0080021688861BDE8F88F00002B
:10E63000FEFFFFEF000C005839E3000870B50446F8
:10E64000B4F86060D4F88C0022286FD12068406A4A
:10E6500085B2F0B22840A16D0870A06D401CA06585
:10E66000B4F85E00401EA4F85E00B4F85E00002816
:10E6700062D100BF00BF216851E8001F21F49070F3
:10E68000226842E800010029F5D100BF00BF00BFA9
:10E690002168083151E8001F21F00100216808318C
:10E6A00041E80002002AF3D100BF2020C4F88C000A
:10E6B00000206067206721492068884211D02068C7
:10E6C000406800F4000060B100BF00BF216851E85D
:10E6D000001F21F08060226842E800010029F5D186
:10E6E00000BFE06E01281CD10020E06600BF00BF23
:10E6F000216851E8001F21F01000226842E8000163
:10E700000029F5D100BF2068C069C0F3001010B126
:10E71000102021680862B4F85C102046FCF7FAFB70
:10E720000AE02046FDF750F906E0FFE7206880691F
:10E7300040F008002168886170BD0000000C00589E
:10E740002DE9F05F0446B4F860A02068C569206830
:10E75000D0F800B02068D0F80890D4F88C002228B7
:10E760007ED1B4F86880ADE02068406A87B20AF0D4
:10E77000FF003840A16D0870A06D401CA065B4F882
:10E780005E00401EA4F85E002068C56905F0070021
:10E79000A8B305F0010058B10BF4807040B101201E
:10E7A00021680862D4F8900040F00100C4F890009D
:10E7B00005F0020058B109F0010040B102202168C3
:10E7C0000862D4F8900040F00400C4F8900005F00E
:10E7D000040058B109F0010040B10420216808622A
:10E7E000D4F8900040F00200C4F89000D4F89000F3
:10E7F00028B12046FCF72CFC0020C4F89000B4F8A7
:10E800005E0000285ED100BF00BF216851E8001FF4
:10E8100021F48070226842E800010029F5D100BF90
:10E8200000BF00BF2168083151E8001F404A01EADB
:10E8300002002168083141E80002002AF2D100BF3D
:10E840002020C4F88C0000206067206739492068C8
:10E85000884213D02068406800F4000070B100E0E6
:10E860005EE000BF00BF216851E8001F21F080601A
:10E87000226842E800010029F5D100BFE06E0128BE
:10E880001CD10020E06600BF00BF216851E8001FD6
:10E8900021F01000226842E800010029F5D100BFF4
:10E8A0002068C069C0F3001010B110202168086210
:10E8B000B4F85C102046FCF72DFB02E02046FDF783
:10E8C00083F807E0B8F1000F04D005F0200000281D
:10E8D0007FF44AAF00BFB4F85E6006B3B4F86800D6
:10E8E000B04223DD00BF00BF2168083151E8001F9E
:10E8F00021F080502168083141E80002002AF3D15C
:10E9000000BF0D48606700BF00BF216851E8001FCD
:10E9100041F02000226842E800010029F5D105E01D
:10E920002068806940F0080021688861BDE8F09F98
:10E93000FEFFFFEF000C00583DE600082DE9F04F08
:10E9400089B0054600200890F8492868884200D11F
:10E9500000E000BF2969A868084369690843E969BC
:10E9600040EA010828680068F149084040EA0800C8
:10E97000296808602868406820F44050E968084326
:10E9800029684860D5F81880E8492868884202D08C
:10E99000286A40EA080828688068E649084040EA92
:10E9A0000800296888602868C06A20F00F00696A3A
:10E9B00008432968C86200BFDF492868884220D11F
:10E9C000DE48006800F03800182811D005DC48B196
:10E9D000082809D0102811D108E020280AD02828BA
:10E9E0000CD109E001240BE0042409E0082407E02D
:10E9F000102405E0202403E0402401E0802400BF2F
:10EA000042E1CF492868884219D1CC48006800F01B
:10EA10000700062810D2DFE800F0030507090B0DF8
:10EA200000240BE0042409E0082407E0102405E09A
:10EA3000202403E0402401E0802400BF24E1C149F8
:10EA40002868884219D1BD48006800F007000628F0
:10EA500010D2DFE800F0030507090B0D00240BE0DE
:10EA6000042409E0082407E0102405E0202403E042
:10EA7000402401E0802400BF06E1B34928688842B1
:10EA800019D1AE48006800F00700062810D2DFE870
:10EA900000F0030507090B0D00240BE0042409E036
:10EAA000082407E0102405E0202403E0402401E0CE
:10EAB000802400BFE8E0A5492868884219D19F4812
:10EAC000006800F00700062810D2DFE800F0030518
:10EAD00007090B0D00240BE0042409E0082407E0DB
:10EAE000102405E0202403E0402401E0802400BF3E
:10EAF000CAE097492868884220D19048006800F011
:10EB00003800182811D005DC48B1082809D0102891
:10EB100011D108E020280AD028280CD109E00124CE
:10EB20000BE0042409E0082407E0102405E0202479
:10EB300003E0402401E0802400BFA5E08549286867
:10EB4000884219D17D48006800F00700062810D2DD
:10EB5000DFE800F0030507090B0D00240BE0042497
:10EB600009E0082407E0102405E0202403E0402405
:10EB700001E0802400BF87E077492868884219D1E6
:10EB80006E48006800F00700062810D2DFE800F0A9
:10EB9000030507090B0D00240BE0042409E00824F9
:10EBA00007E0102405E0202403E0402401E0802455
:10EBB00000BF69E069492868884220D15F48006841
:10EBC00000F03800182811D005DC48B1082809D019
:10EBD000102811D108E020280AD028280CD109E0FB
:10EBE00001240BE0042409E0082407E0102405E0D8
:10EBF000202403E0402401E0802400BF44E0584981
:10EC00002868884220D14D48006800F03800182854
:10EC100011D005DC48B1082809D0102811D108E02E
:10EC200020280AD028280CD109E001240BE0042474
:10EC300009E0082407E0102405E0202403E0402434
:10EC400001E0802400BF1FE03849286888421AD1BB
:10EC50003A48001D006800F00700062810D2DFE8DF
:10EC600000F0030507090B0D02240BE0042409E062
:10EC7000082407E0102405E0202403E0402401E0FC
:10EC8000802400BF00E0802400BF28492868884213
:10EC90004BD1102C1AD006DC022C09D0042C0BD03E
:10ECA000082C29D10DE0202C21D0402C24D120E0AB
:10ECB000F8F7E2F9064623E005A8F8F707FB069EF9
:10ECC0001EE002A8F8F71AFC039E19E01B4854380E
:10ECD0000068C0F3401040B1184854380068C0F3D1
:10ECE000C101204820FA01F600E01E4E08E01E4E49
:10ECF00006E04FF4004603E000260120089000BF24
:10ED000000BF002E10D01949686A31F81000B6FB18
:10ED1000F0F9686800EB4000484503D868680003D4
:10ED2000484525D20120089007E153E0000C005827
:10ED3000F369FFCFFFF4FF11001001405444025863
:10ED40000044004000480040004C0040005000409B
:10ED50000014014000780040007C00400018014091
:10ED6000001C01400090D00300093D0078520108CA
:10ED70007849686A31F810C0624600233046194667
:10ED8000F1F720FB4FF4807C00220346A3FB0C0B21
:10ED900001FB0CB103FB02136968490884461CEBB4
:10EDA000010143EB0200CDE90010D5F804C0624632
:10EDB000002308460199F1F705FB0746B7F5407FA8
:10EDC00005D3B7F5801F02D22868C760B5E00120DF
:10EDD0000890B2E0E869B0F5004F5BD1082C1AD07A
:10EDE00005DC5CB1012C0DD0042C2DD10EE0102CD3
:10EDF00016D0202C23D0402C26D122E0FAF7BCF8E4
:10EE0000064625E0FAF7CAF8064621E005A8F8F715
:10EE10005DFA069E1CE002A8F8F770FB039E17E05F
:10EE20004D480068C0F3401038B14B480068C0F34B
:10EE3000C1014A4820FA01F600E0484E08E0484E79
:10EE400006E04FF4004603E000260120089000BFD2
:10EE500000BF7EB33F49686A31F81000B6FBF0F09E
:10EE60004000696800EB5100B0FBF1F7102F0ED3A2
:10EE7000B7F5803F0BD24FF6F07007EA000AC7F3F0
:10EE800042004AEA000A2868C0F80CA055E00120B8
:10EE9000089052E0082C1BD005DC64B1012C0ED088
:10EEA000042C2ED10FE0102C17D0202C24D0402C75
:10EEB00027D123E041E0FAF75FF8064625E0FAF7AC
:10EEC0006DF8064621E005A8F8F700FA069E1CE05A
:10EED00002A8F8F713FB039E17E01F480068C0F371
:10EEE000401038B11C480068C0F3C1011B4820FA2B
:10EEF00001F600E0194E08E0194E06E04FF4004616
:10EF000003E000260120089000BF00BFAEB1114908
:10EF1000686A31F81000B6FBF0F0696800EB510048
:10EF2000B0FBF1F7102F06D3B7F5803F03D2B8B28C
:10EF30002968C86001E0012008900120A5F86A0056
:10EF4000A5F8680000206867A867089809B0BDE8C0
:10EF5000F08F000078520108004402580090D0035E
:10EF600000093D0070B504460E46154644F8586F3A
:10EF7000A5800020A06322206063A06A583CF8B1FD
:10EF80002748241DE16FC8632648E16F08642648BE
:10EF9000E16FC8640020E16F086554F8043C03F198
:10EFA0002401626DE06F241F2B46F5F773F838B12A
:10EFB0001020C4F890002020C4F88C00012070BDFF
:10EFC000206960B100BF00BF216851E8001F41F413
:10EFD0008070226842E800010029F5D100BF00BF1F
:10EFE00000BF2168083151E8001F41F0010021688D
:10EFF000083141E80002002AF3D100BF00BF00BF82
:10F000002168083151E8001F41F0400021680831B3
:10F0100041E80002002AF3D100BF0020CFE7000042
:10F0200025E10008D3E10008C7E0000830B5034639
:10F030009965A3F85C20A3F85E200020586700BF04
:10F040009868B0F5805F0AD1186920B940F2FF10C6
:10F05000A3F8600020E0FF20A3F860001CE098689F
:10F0600048B9186918B9FF20A3F8600014E07F20A0
:10F07000A3F8600010E09868B0F1805F09D11869CA
:10F0800018B97F20A3F8600006E03F20A3F86000D5
:10F0900002E00020A3F8600000BF0020C3F8900049
:10F0A0002220C3F88C0000BF00BF1C68083454E85D
:10F0B000004F44F001001C68083444E80005002DAE
:10F0C000F3D100BF586EB0F1005F2CD1B3F86800E7
:10F0D000904228DC9868B0F5805F04D1186910B9B7
:10F0E0002548586701E025485867186960B100BF96
:10F0F00000BF1C6854E8004F44F480701D6845E868
:10F100000004002CF5D100BF00BF00BF1C6808340C
:10F1100054E8004F44F080501C68083444E800056F
:10F12000002DF3D126E09868B0F5805F04D118690E
:10F1300010B91348586701E012485867186960B160
:10F1400000BF00BF1C6854E8004F44F490701D6875
:10F1500045E80004002CF5D10CE000BF00BF1C689E
:10F1600054E8004F44F020001D6845E80004002CDE
:10F17000F5D100BF002030BD3DE4000841E70008A4
:10F1800039E300083DE600082DE9F04104460D464C
:10F1900017469846069E41E0701C00283ED0F6F7C0
:10F1A00013FAA0EB0800B04200D816B90320BDE85E
:10F1B000F0812068006800F0040070B3802D2DD02D
:10F1C000402D2BD02068C069C0F3C00078B1082062
:10F1D000216808622046FFF741F80820C4F8900033
:10F1E00000BF002084F8840000BF0120DFE7206812
:10F1F000C069C0F3C02080B14FF40060216808628C
:10F200002046FFF72BF82020C4F8900000BF002014
:10F2100084F8840000BF0320C9E7FFE72068C069C5
:10F220002840A84201D1012000E00020B842B3D01C
:10F230000020BCE710B50248FBF720FF10BD00001E
:10F24000382C002410B50248FBF718FF10BD000051
:10F250007C2A002410B50248FBF710FF10BD000007
:10F26000102B002410B50248FBF708FF10BD00006A
:10F27000A42B00242DE9F04104460D46D4F8C872B1
:10F2800004F53070D4F8D41250F8210010B90320DE
:10F29000BDE8F08104F53070D4F8D41250F8216044
:10F2A00005F00F0000EB800104F1140000EB810079
:10F2B000406838B305F00F0000EB800104F1140042
:10F2C00000EB8100416805F00F0000EBC00207F180
:10F2D000140000EB82008068B1FBF0F200FB12101A
:10F2E00080B9002105F00F0000EB800204F114004A
:10F2F00000EB8200416000231A462946204601F0B7
:10F3000056F917E00020C6F8140204F53170D4F85D
:10F31000D41250F82100006960B1D6F8080204F553
:10F320003171D4F8D42251F822102A460B6906F51F
:10F33000047198470020ABE770B504460E4604F50B
:10F340003070D4F8D41250F82150D4F8D41250F8B8
:10F35000210008B9032070BD3146204600F07AFF35
:10F36000C5F80C02D5F8040204F53171D4F8D43292
:10F3700051F82310CA6805F5037190470020EAE7A9
:10F3800070B504460D4630480178204600F034FE42
:10F3900000212D48007800F00F0000EB800204F1FE
:10F3A000140000EB8200018228480178204600F01A
:10F3B00023FE00212548007800F00F0000EB8002BA
:10F3C00004F5AA7000EB82000182214801782046F2
:10F3D00000F012FE00211E48007800F00F0000EB44
:10F3E000800204F1140000EB8200018218480078CA
:10F3F00000F00F0000EB800204F1140000EB82002B
:10F40000418204F53070D4F8D41250F82100C8B10C
:10F4100004F53171D4F8D42251F82210486880479D
:10F4200004F53071D4F8D42251F8220001F0E8FB41
:10F43000002104F53070D4F8D42240F822100020C6
:10F44000C4F8BC02002070BD6301002464010024E4
:10F450006501002470B5044604F53070D4F8D41268
:10F4600050F821500DB9032070BD04F53170D4F867
:10F47000D41250F8210098B195F80002FF280FD05F
:10F4800095F8012295F8000204F53171D4F8D462A0
:10F4900051F826108B6829469847FF2085F800020E
:10F4A0000020E1E701460A2008800148704700007B
:10F4B000DC0000242DE9F041044682210D4800F0D3
:10F4C0002FFC054601210B4800F02AFC064681214D
:10F4D000084800F025FC07460DB11020A8710EB1B8
:10F4E0004020B0800FB14020B880432020800148E8
:10F4F000BDE8F081200100242DE9F041044682217D
:10F500000E4800F00DFC054601210C4800F008FCF7
:10F5100006468121094800F003FC07460DB1102082
:10F52000A87116B14FF40070B08017B14FF400709D
:10F53000B880432020800148BDE8F08120010024EC
:10F540002DE9F041044682210D4800F0E9FB054613
:10F5500001210B4800F0E4FB06468121084800F039
:10F56000DFFB07460DB11020A8710EB14020B0801E
:10F570000FB14020B880432020800148BDE8F081D1
:10F580002001002470B504460E464FF4077001F0C8
:10F5900039FB054645B9002104F53070D4F8D42272
:10F5A00040F82210022070BD4FF407712846F0F792
:10F5B00053FF04F53070D4F8D41240F82150D4F839
:10F5C000D41250F82100C4F8BC02207C98BB4FF440
:10F5D0000073022250480178204600F0E1FE01212C
:10F5E0004D48007800F00F0000EB800204F1140099
:10F5F00000EB820001824B0202224848017820463B
:10F6000000F0CEFE01214548007800F00F0000EB2D
:10F61000800204F5AA7000EB8200018210214048AC
:10F62000007800F00F0000EB800204F1140000EB02
:10F630008200418232E0FFE740230222364801780F
:10F64000204600F0ADFE01213348007800F00F00A5
:10F6500000EB800204F1140000EB820001824023E1
:10F6600002222E480178204600F09AFE01212B4804
:10F67000007800F00F0000EB800204F5AA7000EBA8
:10F680008200018210212648007800F00F0000EB74
:10F69000800204F1140000EB82004182082303225F
:10F6A0001F480178204600F07BFE01211C480078AD
:10F6B00000F00F0000EB800204F1140000EB820068
:10F6C00001820020C5F8040204F53171D4F8D42277
:10F6D00051F82210086880470020C5F81402C5F8C8
:10F6E0001802D5F8040208B902205CE7207C48B96A
:10F6F0004FF40073094801782046D5F8042200F041
:10F7000067FE07E04023054801782046D5F804222B
:10F7100000F05EFE002046E763010024640100243F
:10F720006501002470B5044604F53070D4F8D41295
:10F7300050F82150D4F8D41250F8210008B9032011
:10F7400070BD207C48B94FF4007309480178204609
:10F75000D5F8042200F03CFE07E04023044801787D
:10F760002046D5F8042200F033FE0020E8E7000030
:10F7700064010024024609B90320704702F5317084
:10F78000D2F8D43240F823100020F6E710B5024634
:10F7900002F53070D2F8D44250F824300BB903206F
:10F7A00010BDC3F804120020FAE730B503460C463A
:10F7B00003F53070D3F8D45250F8251009B903205E
:10F7C00030BDC1F80842C1F810220020F8E72DE949
:10F7D000FC4105460C4605F53070D5F8D41250F8BA
:10F7E0002160002001900090804616B90320BDE8FA
:10F7F000FC81207800F0600000283DD020287CD1DA
:10F80000E08868B3207800F08000B8B1E2886078C2
:10F8100005F53171D5F8D4C251F82C108B683146FA
:10F820009847E088072801D9072000E0E0880746CC
:10F830003A463146284600F011F91CE0607886F817
:10F840000002E088402801D2E08800E0402086F8ED
:10F85000010296F801223146284600F0DEF80AE05F
:10F86000607805F53171D5F8D42251F822100022C4
:10F870008B682146984747E0607830B1012832D044
:10F880000A2813D00B282FD121E095F89C020328D9
:10F8900005D102226946284600F0E0F805E021463D
:10F8A000284600F0AEF84FF0030824E095F89C02DB
:10F8B000032805D1012201A9284600F0CFF805E070
:10F8C0002146284600F09DF84FF0030813E095F814
:10F8D0009C02032805D02146284600F092F84FF0FC
:10F8E000030808E009E006E02146284600F089F810
:10F8F0004FF0030800BF00BF06E02146284600F095
:10F9000080F84FF0030800BF00BF40466FE70000DB
:10F9100070B5054605F53070D5F8D41250F8214081
:10F9200001260CB9032070BDD4F81402C8B9012017
:10F93000C4F814020C48007800F00F0000EB8002BD
:10F9400005F1140000EB8200D4F810124160064863
:10F9500001782846D4F81032D4F8082200F027FEA7
:10F9600000263046DFE700006301002470B504463E
:10F970000D460026D4F8B802294642682046904732
:10F9800000B10326304670BD70B504460D4694F8AC
:10F990009C02012804D0022803D003280CD101E0E6
:10F9A00000BF00BF6888012805D10020C4F8A40268
:10F9B000204600F064F804E02946204600F021F8D3
:10F9C00000BF00BF70BD0246002070470246002005
:10F9D000704770B506460C4615462B462246002158
:10F9E000304600F0F5FC002070BD70B506460C46B0
:10F9F00015462B4622460021304600F0D8FD002057
:10FA000070BD70B504460D468021204600F09FFD74
:10FA10000021204600F09BFD70BD70B504460E46E7
:10FA200015460320C4F894024FF4AC700551001D34
:10FA300005512B4632460021204600F0C9FC00202B
:10FA400070BD10B504460520C4F8940200231A4680
:10FA50001946204600F0BCFC002010BD70B50446DD
:10FA60000E4615460220C4F89402A561E5612B46B6
:10FA700032460021204600F09AFD002070BD10B5EE
:10FA800004460420C4F8940200231A46194620466E
:10FA900000F08DFD002010BD70B504460D46E888CD
:10FAA000012804D029462046FFF7ABFF1EE094F85A
:10FAB0009C02012804D0022803D0032810D109E0B9
:10FAC00000BF0020A060012204F108012046FFF7DA
:10FAD000C5FF0AE00122211D2046FFF7BFFF04E019
:10FAE00029462046FFF78DFF00BF00BF70BDF8B567
:10FAF00004460E4600200090002700257088001262
:10FB0000062874D006DC01281BD0022821D0032847
:10FB10006ED132E007286CD00F28F9D1D4F8B402A6
:10FB2000C06938B1207CD4F8B412CA6969469047DC
:10FB3000074605E031462046FFF763FF681CC5B263
:10FB4000CBE0207CD4F8B4120A6869469047074697
:10FB5000C3E0207C40B9D4F8B802816A684688477F
:10FB600007460220787007E0D4F8B802C16A6846F8
:10FB70008847074602207870AFE0B07806287AD22E
:10FB8000DFE800F00316293F5265D4F8B40240685C
:10FB900038B1207CD4F8B4124A68694690470746C9
:10FBA00005E031462046FFF72CFF681CC5B269E02E
:10FBB000D4F8B402806838B1207CD4F8B4128A68D2
:10FBC00069469047074605E031462046FFF719FF92
:10FBD000681CC5B256E0D4F8B402C06850B1207CAD
:10FBE000D4F8B412CA6869469047074608E04BE06B
:10FBF0006CE059E031462046FFF703FF681CC5B2B0
:10FC000040E0D4F8B402006938B1207CD4F8B412D2
:10FC10000A6969469047074605E031462046FFF7E6
:10FC2000F0FE681CC5B22DE0D4F8B402406938B1CA
:10FC3000207CD4F8B4124A6969469047074605E02B
:10FC400031462046FFF7DDFE681CC5B21AE0D4F845
:10FC5000B402806940B1207CD4F8B4128A69694644
:10FC60009047074606E006E031462046FFF7C9FE0A
:10FC7000681CC5B206E031462046FFF7C2FE681C8C
:10FC8000C5B200BF00BF28E0207C30B9D4F8B8026C
:10FC9000416B68468847074605E031462046FFF736
:10FCA000B0FE681CC5B218E0207C40B9D4F8B80298
:10FCB000016B6846884707460720787005E03146A3
:10FCC0002046FFF79EFE681CC5B206E0314620467E
:10FCD000FFF797FE681CC5B200BF00BF05B1F8BDB5
:10FCE000F088C0B1BDF8000080B1F088BDF8001008
:10FCF000884202DDBDF8000000E0F0880090BDF809
:10FD0000002039462046FFF7A9FE07E0314620468D
:10FD1000FFF777FE02E02046FFF7B1FE00BFDEE707
:10FD20002DE9F84105460F462C462E464FF00008B7
:10FD300070883178884218DD307800900FE069468D
:10FD4000204600F020F804466078052807D1A04638
:10FD500098F80200B84200D106E04FF00008708821
:10FD6000BDF800108842EADC00BF4046BDE8F881DB
:10FD7000014600200A4602E0431CD8B2521C137808
:10FD8000002BF9D1704710B5024610460B88047855
:10FD900023440B800378981810BD70B504460D46B7
:10FDA00094F89C02012804D0022803D003281AD119
:10FDB00001E000BF00BFE888022804D029462046A1
:10FDC000FFF71FFE14E00120E060D4F8A40218B190
:10FDD000E06840F00200E060022204F10C012046DD
:10FDE000FFF73CFE04E029462046FFF70AFE00BF6D
:10FDF00000BF70BD2DE9F04107460D469046002436
:10FE00000FB9BDE8F0813E463046FFF7B1FF022151
:10FE100001EB4000B0F5007F01D9080204E0304654
:10FE2000FFF7A6FF4000801CA8F8000098F800002B
:10FE30002855601CC4B203202855601CC4B208E0D9
:10FE400030782855761C601CC4B200202855601CF0
:10FE5000C4B230780028F3D100BFD2E701460020B9
:10FE600031B1012906D0022906D0032908D105E0C5
:10FE7000002007E0032005E0012003E0032001E06B
:10FE8000032000BF00BF704770B505460C462DB972
:10FE90002246064906A0FFF7ADFF04E022460349CB
:10FEA00003A0FFF7A7FF014870BD0000E07E00241B
:10FEB00043444320436F6E66696700000246122088
:10FEC00008800148704700001C02002470B50546F8
:10FED0000C462DB92246064906A0FFF78BFF04E029
:10FEE0002246034903A0FFF785FF014870BD0000CB
:10FEF000E07E002443444320496E7465726661636A
:10FF00006500000002460420088001487047000098
:10FF10003C02002470B505460C462246024903A067
:10FF2000FFF768FF004870BDE07E002453544D6920
:10FF300063726F656C656374726F6E6963730000E2
:10FF400070B505460C462DB92246064906A0FFF7B6
:10FF500051FF04E02246034903A0FFF74BFF01488D
:10FF600070BD0000E07E002453544D3332205669AA
:10FF7000727475616C20436F6D506F727400000075
:10FF800070B505460C461A202080F1F7FFFC0148A9
:10FF900070BD0000400200242DE9F04104460D46EA
:10FFA000164614B90320BDE8F0810020C4F8B80259
:10FFB000C4F8C402C4F8D0020DB1C4F8B452012090
:10FFC00084F89C022670204600F04EF90746384619
:10FFD000E9E72DE9F04104460D46002600272946B1
:10FFE000D4F8C802F6F7E7F906463046FFF736FFC1
:10FFF00007463846BDE8F0812DE9F04104460D463C
:020000040801F1
:10000000002600272946D4F8C802F6F79FF90646CD
:100010003046FFF723FF07463846BDE8F0812DE95B
:10002000F04704460F469146002F56D104F11405BF
:10003000D4F89402022846D1D5E9020188420FD9AA
:10004000D5E90201401AA86049462046AA68FFF790
:10005000CCFC00231A461946204600F0B9F932E0DC
:10006000D5E90210884217D1E9686868884213D33D
:100070006868D4F8981288420ED2002211462046B1
:10008000FFF7B3FC0020C4F8980200231A46194673
:10009000204600F09DF916E094F89C0203280BD14D
:1000A000D4F8B802C06838B10020C4F8D402D4F83B
:1000B000B802C168204688478021204600F047FAF0
:1000C0002046FFF7BEFC94F8A00250B3204600F093
:1000D000C5FA002084F8A00223E047F08001204602
:1000E000FFF771FC0646FF2E1BD0D6B994F89C0290
:1000F000032816D104F52E7050F82600406980B10F
:10010000C4F8D46204F52E7050F8260039464269CE
:10011000204690478046B8F1000F02D04046BDE827
:10012000F0870020FBE72DE9F04705460F46904693
:100130004FF00009002F51D105F5AA76D5F89402A9
:1001400003286FD1D6E90201884210D9D6E902010D
:10015000401AB060D6E90201884201D2B06800E0DE
:10016000F068024641462846FFF733FC5AE095F80E
:10017000AA0200F01F0020B1012804D0022812D1E9
:1001800009E0002411E040F2AE20415D2846FFF76F
:100190001DFC044609E040F2AE20415D2846FFF711
:1001A00012FC044601E0002400BF00BF94B995F89A
:1001B0009C0203280ED105F52E7050F8240000692A
:1001C00040B1C5F8D44205F52E7050F824000169FD
:1001D000284688472846FFF752FC23E007F07F01B6
:1001E0002846FFF7F0FB0446FF2C1BD0D4B995F846
:1001F0009C02032810D105F52E7050F82400806968
:1002000050B1C5F8D44205F52E7050F82400394697
:100210008269284690478146B9F1000F02D04846CE
:10022000BDE8F0870020FBE701460020704770B56D
:1002300004460025012084F89C02D4F8B80238B1A5
:100240002179D4F8B80242682046904700B10325CE
:10025000284670BD70B504460D462946D4F8C8023C
:10026000F6F7E7F870BD000010B5044620780128C5
:100270002CD11748C0F8E044C4F8C8021548144906
:1002800008600920087102211148C17100218171A3
:100290000221417200218172C17201738173C173A5
:1002A0000174F6F73DFD08B1F1F751F94FF4007113
:1002B0000748F5F7D0FF802200210548F5F7D0FF69
:1002C0004FF4BA7201210248F5F7CAFF002010BDB1
:1002D000E08000240000044010B50246D2F8C83285
:1002E00001F08000802809D101F07F0000EBC004FC
:1002F00003F1140000EB8400807810BD01F07F0052
:1003000000EBC00403F5157000EB84008078F4E77F
:1003100070B504460D4604F52E70D4F8D41250F88A
:10032000210008B9032070BD94F89C02032811D164
:1003300004F52E70D4F8D41250F82100006A48B1A8
:1003400004F52E70D4F8D41250F821002946026A20
:10035000204690470020E6E770B504460D4604F5B8
:100360002E70D4F8D41250F8210008B9032070BDC3
:1003700094F89C02032811D104F52E70D4F8D412FD
:1003800050F82100406A48B104F52E70D4F8D41218
:1003900050F821002946426A204690470020E6E7AF
:1003A0002DE9F04704460F4615461E464FF000085B
:1003B000C1462B4632463946D4F8C802F6F744F80F
:1003C00080464046FFF74AFD81464846BDE8F08733
:1003D0002DE9F04704460D4616461F464FF000082B
:1003E000C1463B4632462946D4F8C802F6F773F8B0
:1003F00080464046FFF732FD81464846BDE8F0871B
:1004000070B504460025012084F89C020020C4F841
:1004100094026060C4F8A40284F8A002D4F8B80280
:1004200058B1D4F8B802406838B12179D4F8B8028C
:1004300042682046904700B1032540230022114620
:100440002046FFF7ADFF01214FF4B2700153402168
:10045000001F01514023002280212046FFF7A0FF0A
:100460000121A18440212162284670BD014691F8F6
:100470009C02042803D191F89D0281F89C0200207F
:10048000704710B5044694F89C0203280BD1D4F8A9
:10049000B80240B1D4F8B802C06920B1D4F8B802AB
:1004A000C16920468847002010BD02461174002013
:1004B00070472DE9F04104460D46002600272946E5
:1004C000D4F8C802F6F73AFD06463046FFF7C6FCF8
:1004D00007463846BDE8F08170B504460D4629460A
:1004E00004F2AA2000F07BF80120C4F894024FF433
:1004F0002C70005BC4F8980294F8AA0200F01F0068
:1005000020B1012809D0022815D10DE004F2AA215A
:10051000204600F087F9064616E004F2AA2120469C
:1005200000F017FB06460FE004F2AA21204600F077
:10053000D0F9064608E094F8AA0200F080012046AF
:1005400000F005F8064600BF00BF304670BD2DE93B
:10055000F04104460D46002600272946D4F8C8027B
:10056000F5F7DCFF06463046FFF778FC07463846CD
:10057000BDE8F08170B5044600250026D4F8C80215
:10058000F6F7FFFC05462846FFF768FC06463046AE
:1005900070BD014691F89C02042803D091F89C029A
:1005A00081F89D02042081F89C02002070472DE90B
:1005B000F04704460D4616461F464FF00008C14658
:1005C0003B4632462946D4F8C802F5F7ECFF804690
:1005D0004046FFF743FC81464846BDE8F08770B5CA
:1005E00005460E46344620782870641C20786870D2
:1005F000641C2046FDF7A9F86880641C641C204632
:10060000FDF7A3F8A880641C641C2046FDF79DF844
:10061000E88070BD38B504460D46002000900DB945
:10062000032038BDC4F8B85204F52E70D4F8D412A3
:1006300050F82100C06A50B104F52E70D4F8D422CD
:1006400050F82200C16A68468847C4F8D002D4F83E
:10065000D802401CC4F8D8020020E2E7014600207E
:10066000704770B504460D46A88810BBE88800BBEB
:10067000688880281DD2A87800F07F0694F89C0234
:10068000032804D129462046FFF7BBF915E084F87A
:100690009E6231462046FFF70CFF2046FFF7EFF938
:1006A0001EB1022084F89C0207E0012084F89C021D
:1006B00003E029462046FFF7A4F970BD70B5044653
:1006C0000D460026D4F8B80230B1D4F8B802294655
:1006D0000268204690470646304670BD70B5044615
:1006E0000E460025B0783D4908700846007801287C
:1006F00005D931462046FFF784F9032070BD94F8F0
:100700009C02022802D0032859D11FE03348007808
:10071000C0B1324800786060304801782046FFF769
:10072000CDFF05463DB131462046FFF76AF902206C
:1007300084F89C0209E02046FFF7A1F9032084F821
:100740009C0202E02046FFF79AF943E02348007834
:1007500070B9022084F89C022048007860601F482D
:1007600001782046FFF702F92046FFF788F925E0D7
:100770001A490978606888421DD021792046FFF720
:10078000F5F8164800786060144801782046FFF7B5
:1007900095FF05465DB131462046FFF732F92179D4
:1007A0002046FFF7E3F8022084F89C0206E020468A
:1007B000FFF765F902E02046FFF761F90AE03146EC
:1007C0002046FFF71EF9054801782046FFF7CEF8CE
:1007D000032500BF00BF284690E700006601002403
:1007E00070B505460C466088012805D1C5F8A402FD
:1007F0002846FFF744F90EE06088022807D1A08858
:10080000001285F8A0022846FFF739F903E02146D7
:100810002846FFF7F6F870BD10B504462046FFF7EE
:10082000A9FE10BD70B504460D460026287800F0DC
:10083000600088B1202802D0402842D100E000BFEB
:1008400004F52E70D4F8D41250F82100294682689D
:1008500020469047064639E068780A282AD2DFE821
:1008600000F01A24291F290A0529150F29462046B8
:10087000FFF73DF923E029462046FFF7F2FE1EE090
:1008800029462046FFF72AFF064618E0294620465B
:10089000FFF702F913E029462046FFF77EFA0EE043
:1008A00029462046FFF79CFF09E029462046FFF72E
:1008B0006BF804E029462046FFF7A3F800BF00BF0D
:1008C00004E029462046FFF79CF800BF00BF3046F1
:1008D00070BD2DE9F04705460F464FF000093C7901
:1008E000387800F06000F8B1202802D040287DD18F
:1008F00000E000BF21462846FFF765F80646FF2EB8
:1009000011D086B9C5F8D46205F52E7050F82600CE
:10091000806840B105F52E7050F82600394682688F
:1009200028469047814610E1787800287AD001283F
:100930002FD003286ED195F89C02022802D00328FC
:1009400020D110E054B1802C08D021462846FFF772
:10095000FEFD80212846FFF7FAFD03E039462846D0
:10096000FFF74FF813E0788840B93CB1802C05D0F0
:10097000F88818B921462846FFF7E9FD2846FFF711
:100980007EF804E039462846FFF73BF800BF00BF79
:10099000D4E095F89C02022802D003283BD110E055
:1009A00054B1802C08D021462846FFF7D0FD802185
:1009B0002846FFF7CCFD03E039462846FFF721F82B
:1009C0002EE0788820BB04F07F0018B1214628462D
:1009D000FFF7FFFA2846FFF752F821462846FEF7B0
:1009E000F2FF0646FF2E13D096B900E0A8E0C5F846
:1009F000D46205F52E7050F82600806840B105F5E8
:100A00002E7050F826003946826828469047814665
:100A100006E007E08DE039462846FEF7F2FF00BF0A
:100A200000BF8BE095F89C02022802D0032879D100
:100A300026E034B1802C04D039462846FEF7E1FF89
:100A400075E004F08000802808D104F07F0000EBFE
:100A5000800105F1140000EB810007E004F07F0045
:100A600000EB800105F5AA7000EB810080460020B4
:100A7000C8F80000022241462846FEF7EFFF56E084
:100A800004F0800080280ED104F00F0000EB8001FC
:100A900005F1140000EB8100008A98B93946284618
:100AA000FEF7AFFF43E004F00F0000EB800105F517
:100AB000AA7000EB8100008A20B939462846FEF76B
:100AC000A0FF34E004F08000802808D104F07F000B
:100AD00000EB800105F1140000EB810007E004F059
:100AE0007F0000EB800105F5AA7000EB81008046D5
:100AF0000CB1802C03D10020C8F800000CE0214686
:100B00002846FFF7E9FB20B10120C8F8000003E008
:100B100008E00020C8F80000022241462846FEF7FF
:100B20009DFF04E039462846FEF76BFF00BF00BF7B
:100B300004E039462846FEF764FF00BF00BF04E02A
:100B400039462846FEF75DFF00BF00BF4846BDE8B6
:100B5000F0872DE9F04105460E460027307800F079
:100B6000600030B1202802D0402840D100E000BF12
:100B700000BF95F89C02012804D0022803D0032866
:100B80002ED101E000BF00BF3079012823D8317990
:100B90002846FEF71BFF0446FF2C14D09CB905F530
:100BA0002E7050F82400806858B1C5F8D44205F57D
:100BB0002E7050F824003146826828469047074638
:100BC00002E0032700E00327F08840B93FB9284638
:100BD000FEF755FF03E031462846FEF712FF04E01A
:100BE00031462846FEF70DFF00BF00BF04E0314646
:100BF0002846FEF706FF00BF00BF3846BDE8F0817B
:100C0000704700000146014870470000C485002479
:100C100070B504460B4622461978587801282CD125
:100C200040F61C0080581D7805F00F060125B540E0
:100C3000ADB2284340F61C05A85002F5106000EB49
:100C40004110006800F40040F0BB1889C0F30A00AE
:100C50001D7940EA854040EA815040F0805040F4E0
:100C6000004002F5106505EB41152D68284302F59B
:100C7000106505EB411528602DE040F61C008058FA
:100C80001D7805F00F060125B540144E06EA05450E
:100C9000284340F61C05A85002F5306000EB4110D7
:100CA000006800F4004078B91889C0F30A001D7983
:100CB00040EA854040F0805040F4004002F5306545
:100CC00005EB41152D6800E005E0284302F530658D
:100CD00005EB41152860002070BD00000000FFFFFB
:100CE00001460A464FF410608058C30ADB024FF4F5
:100CF0001060835040F60400805840F4807340F642
:100D000004008350002070470FB470B504469DF86E
:100D10001900012818D1A06B20F48030A063E0688E
:100D20001F490840E060E06820F44010E0609DF852
:100D30002000012803D1E06840F48010E0602046E4
:100D400000F032F8054613E0E06840F04000E06053
:100D5000204600F029F805469DF81D0020B9A06B3B
:100D600040F48030A06303E0A06B20F48030A063E7
:100D70009DF8160001280ED1E06D80B2E065E06DAF
:100D800008490843E065A06840F00600A060A0683C
:100D900040F02000A060284670BC5DF814FB000005
:100DA000BFFFBDFF0000EE0308B501460020009024
:100DB00000BF0098401C00900098B0F1706F01D9FE
:100DC000032008BD086900F000400028F1D0002091
:100DD0000090086940F00100086100BF0098401CC5
:100DE00000900098B0F1706F01D90320E9E708691D
:100DF00000F001000028F1D100BFE2E770B5044621
:100E00000B46224619785878012848D102F510601F
:100E100000EB4110006800F00040B0F1004F17D126
:100E200002F5106000EB4110006840F0006502F52B
:100E3000106000EB4110056002F5106000EB4110FE
:100E4000006840F0804502F5106000EB411005603D
:100E500040F63C0080581D7805F00F060125B5408E
:100E6000ADB2A84340F63C05A85040F61C0080589F
:100E70001D7805F00F060125B540ADB2A84340F638
:100E80001C05A85002F5106000EB411000682B4DC6
:100E9000284002F5106505EB411528604BE002F58E
:100EA000306000EB4110006800F00040B0F1004FEE
:100EB00017D102F5306000EB4110006840F000658A
:100EC00002F5306000EB4110056002F5306000EB88
:100ED0004110006840F0804502F5306000EB4110A1
:100EE000056040F63C0080581D7805F00F0601258E
:100EF000B540134E06EA0545A84340F63C05A85008
:100F000040F61C008558187800F00F060120B0400C
:100F10000B4E06EA0040854340F61C00855002F562
:100F2000306000EB41100068064D284002F5306546
:100F300005EB41152860002070BD0000007833ECFF
:100F40000000FFFF0078F3EF01460A46D2F8000EDA
:100F500020F00300C2F8000E40F60400805820F094
:100F6000020340F6040083500020704701460A4601
:100F7000D2F8000E20F00300C2F8000E40F6040084
:100F8000805840F0020340F6040083500020704770
:100F90000FB4F0B5054600272E46002405E00021D9
:100FA00005F5827040F82410641C0F2CF7D39DF8CF
:100FB0002200A0B940F60400805940F0020140F63A
:100FC00004008151A86B20F40010A863286840F049
:100FD00040002860286840F08000286003E0A86B8B
:100FE00040F40010A8630020C6F8000E9DF81D0014
:100FF00001280CD19DF81B0020B90021284600F0E3
:101000000AFD08E00121284600F005FD03E0032168
:10101000284600F000FD1021284600F002FC00B137
:101020000127284600F0D5FB00B1012700214FF42D
:1010300001608151001D815140F61C008151002446
:101040002EE006F5106000EB4410006800F0004050
:10105000B0F1004F10D13CB94FF0006106F51060BF
:1010600000EB441001600DE04FF0904106F5106078
:1010700000EB4410016005E0002106F5106000EB74
:1010800044100160002106F5106000EB441001617E
:101090004FF67F3106F5106000EB44108160641C50
:1010A0009DF81800A042CCD800242EE006F5306050
:1010B00000EB4410006800F00040B0F1004F10D188
:1010C0003CB94FF0006106F5306000EB4410016060
:1010D0000DE04FF0904106F5306000EB44100160E8
:1010E00005E0002106F5306000EB441001600021AE
:1010F00006F5306000EB441001614FF67F3106F5D4
:10110000306000EB44108160641C9DF81800A04220
:10111000CCD84FF40160805920F480714FF4016005
:1011200081510020A8616FF0804068619DF81A002D
:1011300018B9A86940F01000A861A8690A490843D5
:10114000A8619DF81E0018B1A86940F00800A861C8
:101150009DF82200012803D1A86904490843A86129
:101160003846F0BC5DF814FB00383C8004000040B9
:101170000146886820F00100886000207047000068
:1011800070B503460C4619461D6C1848854209D9AE
:101190004FF43060405800F00040B0F1004F01D1F2
:1011A000002070BD0026C1F8106BD1F8100B40F480
:1011B0000026C1F8106BD1F8100B40F01806C1F8EA
:1011C000106BD1F8100B40F0C046C1F8106B012C29
:1011D00009D1C1F8142B4FF43060405840F08026FC
:1011E0004FF4306046500020DBE700000A30544FD7
:1011F00030B504460B4622461978587801281ED18E
:1012000002F5106000EB4110006820F4001502F5B3
:10121000106000EB411005601879032802D018799E
:1012200002282AD102F5106000EB4110006840F05E
:10123000805502F5106000EB411005601DE002F5DD
:10124000306000EB4110006820F4001502F53060BA
:1012500000EB411005601879032802D018790228A4
:101260000BD102F5306000EB4110006840F0805572
:1012700002F5306000EB41100560002030BD30B554
:1012800004460B46224619785878012821D102F5E8
:10129000106000EB4110006800F0004060B959B1E7
:1012A00002F5106000EB4110006820F0804502F567
:1012B000106000EB4110056002F5106000EB41107A
:1012C000006840F4001502F5106000EB4110056065
:1012D00020E002F5306000EB4110006800F00040B3
:1012E00060B959B102F5306000EB4110006820F0A0
:1012F000804502F5306000EB4110056002F530607A
:1013000000EB4110006840F4001502F5306000EB7E
:1013100041100560002030BD2DE9F84381460E469E
:1013200090464D463478707801287DD1306920BBD5
:1013300005F5106000EB44100069E649084005F52A
:10134000106101EB4411086105F5106000EB4410D9
:10135000006940F4002105F5106000EB44100161C4
:1013600005F5106000EB44100069C10CC90405F5D7
:10137000106000EB441001616FE005F5106000EBB8
:1013800044100069C10CC90405F5106000EB44105D
:10139000016105F5106000EB44100069CD4908407B
:1013A00005F5106101EB4411086194B9B168306929
:1013B000884201D9B068306105F5106000EB441037
:1013C000006940F4002105F5106000EB4410016154
:1013D00035E0B16830690844401EB0FBF1F087B2D7
:1013E00005F5106000EB44100069BA49C94301EAF1
:1013F000C741084305F5106101EB441108613079DC
:1014000001281CD105F5106000EB4410006920F0A4
:10141000C04105F5106000EB4410016105F5106056
:1014200000EB4410006900E099E04FF0C04101EA90
:101430004771084305F5106101EB4411086105F59A
:10144000106000EB441000693169C1F312010843D8
:1014500005F5106101EB44110861B8F1010F36D1B7
:10146000F06928B105F5106000EB4410F1694161A5
:10147000307901281ED140F60800405900F48070F0
:1014800060B905F5106000EB4410006840F00051B1
:1014900005F5106000EB441001600BE005F51060ED
:1014A00000EB4410006840F0805105F5106000EB3F
:1014B0004410016005F5106000EB4410006840F036
:1014C000044105F5106000EB44100160FEE005F5F5
:1014D000106000EB4410006840F0044105F5106016
:1014E00000EB44100160307901280FD030690028EA
:1014F000ECD040F634004059317801F00F02012160
:101500009140084340F634014851DFE040F60800BE
:10151000405900F4807060B905F5106000EB44108C
:10152000006840F0005105F5106000EB44100160C8
:101530000BE005F5106000EB4410006840F08051AE
:1015400005F5106000EB44100160CDF80080308A92
:1015500083B232784846F16800F0DAFAB6E005F571
:10156000306000EB44100069C10CC90405F530601F
:1015700000EB4410016105F5306000EB4410006998
:101580005449084005F5306101EB4411086104BB82
:10159000306908B1B0683061B068306205F530601C
:1015A00000EB44100069316AC1F31201084305F5EC
:1015B000306101EB4411086105F5306000EB441027
:1015C000006940F4002105F5306000EB4410016132
:1015D00043E03069D0B905F5306000EB4410006994
:1015E000B168C1F31201084305F5306101EB441104
:1015F000086105F5306000EB4410006940F40021FB
:1016000005F5306000EB4410016126E0B1683069F7
:101610000844401EB0FBF1F087B2B06878433062F6
:1016200005F5306000EB441000692A49C94301EA1E
:10163000C741084305F5306101EB4411086105F528
:10164000306000EB44100069316AC1F312010843B5
:1016500005F5306101EB44110861B8F1010F07D1C4
:10166000F06828B105F5306000EB4410F168416185
:10167000307901281ED140F60800405900F48070EE
:1016800060B905F5306000EB4410006840F000518F
:1016900005F5306000EB441001600BE005F53060AB
:1016A00000EB4410006840F0805105F5306000EB1D
:1016B0004410016005F5306000EB4410006840F014
:1016C000044105F5306000EB441001600020BDE8E6
:1016D000F8830000FFFF07E078B50346002400947C
:1016E00000201A464C78012C35D10C7802F5106593
:1016F00005EB4414246804F00044B4F1004F60D1B9
:101700000C7805EB4414246844F000660C7805EB73
:10171000441426600C7805EB4414246844F0804699
:101720000C7805EB4414266000BF009C641C0094F8
:1017300042F21075009CAC4201D901200AE00C78FD
:1017400002F5106505EB4414246804F00044B4F17C
:10175000004FEAD035E00C7802F5306505EB441413
:10176000246804F00044B4F1004F2AD10C7805EB52
:101770004414246844F000660C7805EB4414266099
:101780000C7805EB4414246844F080460C7805EB93
:101790004414266000BF009C641C009442F2107543
:1017A000009CAC4201D901200AE00C7802F53065BA
:1017B00005EB4414246804F00044B4F1004FEAD06F
:1017C00000BF78BD0146886840F0010088600020B5
:1017D000704708B501460020009000BF0098401CEB
:1017E00000900098B0F1706F01D9032008BD08691E
:1017F00000F000400028F1D0002000901020086187
:1018000000BF0098401C00900098B0F1706F01D9A3
:101810000320EBE7086900F010001028F1D0002049
:10182000E4E708B502460020009000BF0098401C85
:1018300000900098B0F1706F01D9032008BD1069C5
:1018400000F000400028F1D000200090202040EA65
:101850008110106100BF0098401C00900098B0F10A
:10186000706F01D90320E9E7106900F020002028FB
:10187000F1D00020E2E710B501460B4640F608041F
:10188000E45804F006020AB9002006E0022A01D05A
:10189000062A01D1022000E00F2010BD0146486950
:1018A00000F00100704701460B4640F61800C25890
:1018B000001DC058024090B2704701460B4640F6EA
:1018C0001800C258001DC0580240100C704770B577
:1018D000024613464FF40166F45840F63406F558B4
:1018E00001F00F0625FA06F606F0010644EAC614D2
:1018F00003F5106606EB4116B66806EA040070BDF3
:1019000010B50246134603F5306404EB4114A06899
:1019100040F61404E458204010BD014648698A6925
:10192000104070472DE9F04104460D4627462846F1
:101930004FEA920C02F0030300210AE04FF48058B2
:1019400058F80780C0F80080401C401C401C401C18
:10195000491C6145F2D39BB100214FF4805858F8DF
:10196000076000BF4FEAC10826FA08F880F8008037
:10197000491C401CA3F101081FFA88F3002BF1D188
:10198000BDE8F08170B504460E460025E06820F001
:10199000C040E060012E10D1E06840F00050E060EF
:1019A00000BF0A20F2F766FD0A352046FFF776FFF2
:1019B000012815D0C82DF4D312E07EB9E06840F0BC
:1019C0008040E06000BF0A20F2F754FD0A3520464F
:1019D000FFF764FF20B1C82DF5D301E0012070BDF1
:1019E000C82D01D10120FAE70020F8E710B5024622
:1019F0000B461146D1F8000820F4FE60C1F800083B
:101A0000D1F800084FF4FE6404EA03142043C1F83F
:101A10000008002010BD02461346D3F80008084312
:101A2000C3F800080020704730B503461446022C66
:101A300049D12D48814204D32C48814201D20F2242
:101A400045E02A48814204D32948814201D20E222E
:101A50003DE02748814204D32648814201D20D222D
:101A600035E02448814204D32348814201D20C222C
:101A70002DE02148814204D32048814201D20B222B
:101A800025E01E48814204D31D48814201D20A222A
:101A90001DE01B48814204D31A48814201D2092229
:101AA00015E01848814204D31748814201D2082228
:101AB0000DE01548814204D31448814201D2072227
:101AC00005E0062203E00CB9092200E00922D868EB
:101AD00020F47050D860D8684FF4705505EA82251C
:101AE0002843D860002030BDC0ACD800C0E1E4007D
:101AF0000024F40080730601A0491A01002D310171
:101B000040A44C0100366E0120ABA6010048E8015C
:101B10002DE9F04304460D461E46DDF81CC0A046E4
:101B20002946BCF1000F12D1F01C870800230CE0FD
:101B3000D1F8009008F5805000EB0230C0F800901A
:101B4000491C491C491C491C5B1CBB42F0D30020AA
:101B5000BDE8F083A2B002F0E5F847A2802102A818
:101B600000F0D8F80446A1B202A802F0F3F802E0AF
:101B7000012001F0AEF94C48D0F888002128F7D0B8
:101B800000BF4FF0FF3249494948006802F0F0FEBB
:101B90000128F6D145480088FF2805D80021434890
:101BA0000288801C815403E00021404880F8011124
:101BB0003E4DAD1CA91E0988481E10E03B49891CFA
:101BC000095C0D2904D03949891C095C0A2904D112
:101BD00000223649891C0A5400E002E0401E002819
:101BE000ECDA00BF33A12846EEF741FC20B132A168
:101BF0002846EEF73CFC88B9304890ED000AB7EE75
:101C0000C00A8DED000B2EA2802102A800F082F800
:101C10000446A1B202A802F09DF823E02CA12846B8
:101C2000EEF725FC20B12CA12846EEF720FC50B998
:101C30002B4A802102A800F06DF80446A1B202A848
:101C400002F088F80EE01948008800280ADD2B46CB
:101C500024A2802102A800F05DF80446A1B202A8E7
:101C600002F078F802E0012001F033F90E48D0F8D4
:101C700088002128F7D084E70D0A3D3D3D205541DD
:101C8000525437205245414459203D3D3D0D0A43B1
:101C90006F6D6D616E64733A2043414C2C20484552
:101CA0004C500D0A00000000E82900249402002492
:101CB0009C00002443414C0063616C0054000024EC
:101CC000414E474C453A252E32660D0A0000000071
:101CD00048454C500000000068656C700000000032
:101CE000A0520108554E4B4E4F574E3A20272573B0
:101CF000272E20547970652048454C5020666F721D
:101D000020636F6D6D616E64732E0D0A000000001C
:101D100000BFFEE70FB41CB50246002007AC002947
:101D20000BD0491ECDE90021054B6A462146069895
:101D300000F0EEFA009A002111701CBC5DF814FB53
:101D40003F2A01084100080218BF04200A0E18BFEC
:101D500040F001004FF07F4232EA010108BF40F03D
:101D60000200012808BF05207047000002480068F3
:101D7000C0F30220704700000CED00E010B5002811
:101D800004DB0A07130E054A135406E00A07140E73
:101D9000034A00F00F031B1FD45410BD00E400E001
:101DA00018ED00E010B54FF00E402DED028BB0EEB7
:101DB000408A18EE104A00EB4400B0F1506F4AD848
:101DC0004FF0FC40B0EB440F22D2B0EEC80ADFED7A
:101DD000360A30EEC00ADFED350A60EE208A18EED2
:101DE000900A01F0D3FE01EE100A14F0004F1DBF5F
:101DF000DFED2F0A9FED2F0AB1EE411ADFED2E0A1B
:101E000008BF9FED2E0ADFED2E1A21EE218A05E094
:101E1000DFED2C0A68EE088AB0EE600A9FED2A1A00
:101E2000DFED2A1A30EE080A48EE811A9FED281AD3
:101E300008EEA11ADFED271A48EE811A9FED261A47
:101E400008EEA11A68EE281ABDEC028B01EE810A99
:101E500030EE200A10BD4FF0E440B0EB440F0CD937
:101E600018EE100AFFF76EFF042808BF00F070F9A3
:101E7000B0EE480ABDEC028B10BD4FF07F40B0EBD6
:101E8000440F07D2B0EE480ABDEC028BBDE810400B
:101E900000F050B9012000F073F9BDEC028BBDE8F1
:101EA000104000F04DB900000000803F0000003FEE
:101EB0000000C9BF22AAFDB90000C93F22AAFD390E
:101EC000000000C00000000024FE1C3DC78AD83C72
:101ED0001E67383D1B93993DAFAA2A3E10EE100AAB
:101EE00010B510EE901A4FF0684202EB40032DED52
:101EF000028BB3F1654F3CBF02EB4102B2F1654F7B
:101F00007CD200BFC0F3C753C1F3C7529A1A1B2A31
:101F100009DD10F0004F14BF9FED6E0A9FED6E0AB1
:101F2000BDEC028B10BD12F11A0F1BDA11F0004F3D
:101F300009D010F0004F0CBF9FED680A9FED680AB2
:101F4000BDEC028B10BD80EE208A18EE100AFFF760
:101F5000F9FE042808BF00F0FBF8B0EE480ABDEC1B
:101F6000028B10BD4200B2EB410F37D910F0004F89
:101F700019BFDFED5C1A9FED5C1ADFED5C1A9FED77
:101F80005C1AB0EE602A0A46F1EE400A80F0004189
:101F9000B0EE420A10460A1A5200B2F1807F34D2E3
:101FA000484010F0004FDFED532A9FED533A1DBF1C
:101FB0009FED522A71EEE21A31EE431A9FED502A3C
:101FC00004BF71EEA21A31EE031AF0EE402A42EE7F
:101FD000602A40EE020A82EEA02A18E011F0004FBB
:101FE00004BF9FED481AF0EE411AD4D010F0004F14
:101FF0001CBFDFED451A9FED451A00E026E004BF47
:10200000DFED431A9FED431AC5E780EE202A22EE4A
:10201000020ADFED410ADFED412ABDEC028B40EE02
:10202000202ADFED3F0A40EE220ADFED3E2A40EE95
:10203000202ADFED3D0A40EE220A22EE000A00EEE1
:10204000201A31EE020A30EE210A10BD4FF07F4215
:10205000B2EB400F28BFB2EB410F05D2BDEC028BB3
:10206000BDE8104000F069B840EA01035B0008BF1A
:1020700041F0FF410BD0B2EB400F08BFB2EB410F74
:1020800008D120F0804000EE100A21F0804100EEDF
:10209000901A37E7B2EB400F12BF5FEA410240F0FF
:1020A000FF4001F000413FF42DAF4A0092EA4003A7
:1020B0003FF528AF002AACBF9FED1C1A9FED1C1AFC
:1020C00020EE010A60EE810A10EE100A10EE901A5E
:1020D00018E70000DB0FC9BFDB0FC93FDB0F49402A
:1020E000DB0F49C00000C9BF22AAFDB90000C93FEB
:1020F00022AAFD390060ED3EC30ACE37000000BFC2
:102100000000003F00000000000049C022AA7DBA84
:102110000000494022AA7D3A2DAD65BD8FB8D53D5E
:102120000FB511BE61C84C3EA8AAAABE0000804FE0
:102130000000802F30EE000A704730EE200A704712
:10214000DFED020A80EEA00A7047000000000000E8
:102150009FED020A20EE000A704700000000001008
:1021600002E008C8121F08C1002AFAD17047704760
:10217000002001E001C1121F002AFBD170470000BE
:1021800001490860704700005C0200242DE9FF5FF0
:1021900082B00021DDE90430020DDDF840B00343D8
:1021A00018D044F61050A2F2FF3242431514119891
:1021B00001281FD0A5EB0B00401C5FEA000A4FF07E
:1021C00000064E4FDFF83891B046504615D5CAF19B
:1021D000000413E0119801244AA3012801D16FEAF9
:1021E0000B010298119AC0E90031C0E9024206B021
:1021F000BDE8F09FCBF10000DFE704460021404A34
:10220000491842EB0450CDE9001012E0E00707D076
:1022100032463B4640464946EEF720FA804689461C
:1022200032463B4610461946EEF718FA06460F4668
:102230006410002CEAD1DDE90401DDE90023BAF1E4
:10224000000F06DAEEF70AFA42464B46EEF706FAB8
:1022500005E0EEF775FA42464B46EEF771FA044692
:102260000E460022284BEEF7F3FA03D84FF0FF306A
:10227000014607E00022254B20463146EEF747F99C
:10228000EEF7CDFA102409E0002C0ADB0A22002325
:10229000EEF798F8039B30321A55641E50EA01029B
:1022A000F2D1641C039AC4F111031444119A012A57
:1022B00003D0012208430DD10AE0084304D00020D6
:1022C0004FF0110B119072E7A3EB0B056D1E0DE0A3
:1022D0005B4504DD4FF0000205F1010504E003DA7F
:1022E0004FF00002A5F10105002AECD002981199E7
:1022F000C0E90231C0E9004579E700000000144060
:102300000000F03F300000000000F0430000E03F1C
:102310002DE9FF4F95B09B468946064600250FE202
:10232000252877D100242746F84A0121059400E0AA
:10233000044316F8013F203B01FA03F01042F7D1A5
:1023400030782A2811D06FF02F033078A0F13002B6
:10235000092A16D8059A44F0020402EB820203EB24
:1023600042021044761C0590EFE759F8042B0592C1
:10237000002A03DA504244F40054059044F0020469
:10238000761C30782E2816D116F8010F44F004047C
:102390002A280DD06FF02F023078A0F13003092BDE
:1023A00009D807EB870302EB4303C718761CF3E752
:1023B00059F8047B761C30786C280FD006DC4C284A
:1023C00017D068280DD06A2814D104E0742810D0E2
:1023D0007A280FD10DE044F400140AE044F480148C
:1023E00001E044F440147278824202D104F5801472
:1023F000761C761C307866280BD013DC582877D0F2
:1024000009DC002875D04528F6D04628F4D04728A6
:102410001AD19DE118E0632835D0642879D0652869
:1024200012D195E1702873D008DC6728F1D06928B3
:102430006FD06E280DD06F2806D1B5E073282CD050
:10244000752875D0782874D05A46179990476D1C16
:1024500075E1C4F30250022809D003280DD0D9F841
:10246000001004280DD00D6009F1040967E1D9F8C6
:102470000010EA17C1E90052F6E7D9F800100D8004
:10248000F2E70D70F0E719F8041B8DF8001000203A
:102490008DF80100EA46012003E059F804AB4FF043
:1024A000FF3061074FF0000102D40DE008F1010197
:1024B0008846B9420FDA8045F8DB1AF8081000297F
:1024C000F4D108E008F1010188468142FADB1AF8EC
:1024D00008100029F6D105985B46A0EB08072146B5
:1024E0003846179A00F094FA284400EB080507E0F4
:1024F0004DE029E10DE01AF8010B5A461799904773
:10250000B8F10108F7D25B4621463846179A13E125
:1025100042E00A220092C4F302524FF0000A022A5B
:1025200008D059F804CB032A4FEAEC710AD00DE029
:1025300029E02AE009F1070121F00702F2E802C1CF
:10254000914609E00FFA8CFC4FEAEC71042A03D1A2
:102550004FFA8CFC4FEAEC71002907DA0A46002199
:10256000DCF1000C61EB02012D2202E0220504D512
:102570002B228DF80420012203E0E20701D0202263
:10258000F7E7904659E00A2102E010220DE0102101
:102590004FF0000A00910BE010224FF0000A44F0C7
:1025A00004040827009203E008224FF0000A00927A
:1025B000C4F30252022A05D059F804CB0021032AA1
:1025C00008D009E009F1070121F00702F2E802C191
:1025D000914605E01FFA8CFC042A01D10CF0FF0C97
:1025E0004FF00008220728D5702806D0009B83F002
:1025F000100353EA0A0305D00EE040228DF80420B0
:10260000012208E05CEA010206D030228DF80420A5
:102610008DF8050002229046009B83F0080353EAE0
:102620000A030AD15CEA010201D1620705D5302212
:102630008DF804204FF001087F1E582804D034A0E4
:1026400003900EA802900DE036A0F9E753466046CD
:10265000009AEDF7B7FE84460398825C0298401E0C
:10266000029002705CEA0100F0D1029806A9081AF3
:1026700000F1200A600702D524F4803400E001272D
:10268000574502DDA7EB0A0000E0002000EB0A013D
:10269000009005984144401A0590E00306D45B463B
:1026A0002146179A059800F0B3F90544002706E083
:1026B00001A85A46C05D179990476D1C7F1C47457D
:1026C000F6DBE0030CD55B462146179A059800F02F
:1026D0009FF9054404E030205A46179990476D1C35
:1026E0000099481E00900029F5DC08E00298029944
:1026F0005A460078491C0291179990476D1CBAF10F
:102700000001AAF1010AF1DC65E1000009280100DD
:102710003031323334353637383961626364656657
:102720000000000030313233343536373839414219
:10273000434445460000000000F058F90544761C6B
:10274000307800287FF4ECAD19B02846BDE8F08F52
:10275000620700D4062709F1070222F0070CFCE803
:102760000223E14603F000485FEA080C02D00FF2B2
:10277000702C0DE05FEA045C02D50FF2682C07E0D4
:102780005FEAC47C02D00FF2602C01E0AFF2700C63
:102790004FF0FF3823F00043CDF850C065280CD02F
:1027A00006DC452809D046281DD047283DD13DE00C
:1027B000662818D067287ED138E00021112F01DB70
:1027C000112000E0781CCDE9000106A90EA8FFF752
:1027D000DDFCDDE90F010E9A03910021009207F163
:1027E000010A04914DE04FF000400097CDE901103F
:1027F00006A90EA8FFF7CAFCDDE90F0203920E9BA3
:1028000011990022DDF80CA00093049211B9791CF3
:1028100000EB010AB7EB0A0004D4C0F1FF3007F166
:10282000010A0490AAEB0700019044E0012F00DAAE
:1028300001270021112F01DD112000E03846CDE9EC
:10284000000106A90EA8FFF7A1FCDDE90F010E9A11
:102850000391002104910092BA4621070CD40399F8
:10286000514500DA8A46BAF1010F05DD009AAAF156
:102870000101515C302908D0B84202DA10F1040F8E
:1028800006DA0121CDE9011015E0AAF10101E9E71D
:10289000002805DC049901440491AAEB000102E040
:1028A000411C514500DD8A460499401A401C0190A4
:1028B0004FF000400290200704D40198504501DBFE
:1028C000CDF8048000208DF84F0002980DF14F07DD
:1028D000B0F1004F25D02B200E9002984FF0020847
:1028E00000280CDA404202902D200E9007E00A21C9
:1028F0000298EDF7D7FD3031029007F8011DB8F1CD
:102900000001A8F10108F2DC02980028EFD1791E3D
:102910000E980870307800F0200040F0450007F86D
:10292000020D12A8C01B00F107081498007800B12E
:10293000012000EB0A01019801EBE0710598414488
:10294000401A401E0590E00306D45B462146179AC4
:10295000059800F05DF805441498007818B15A46BF
:10296000179990476D1CE00324D55B462146179AC2
:10297000059800F04DF805441CE00498002807DB9A
:10298000DDE90301884203DD0098405C179901E00E
:10299000179930205A469047049805F10105401CCC
:1029A00004900198401E019004D12E205A46179998
:1029B00090476D1CBAF10001AAF1010ADDDC05E0C7
:1029C00017F8010B5A46179990476D1CB8F1000192
:1029D000A8F10108F4DC5B462146179A0598ABE69E
:1029E0002D0000002B000000200000002DE9F04128
:1029F000044600251E461746880404D405E03946DF
:102A00002020B0476D1C641EF9D52846BDE8F08132
:102A10002DE9F041044600251E469046C80301D525
:102A2000302700E02027880404D505E041463846D9
:102A3000B0476D1C641EF9D52846BDE8F0814A6890
:102A4000002A06D00A68531C0B6010704868401EAC
:102A50004860704770B500250024EEF793F8802099
:102A6000EEF7D0F95520EEF7CDF95520EEF7CAF97B
:102A70000546EEF77DF89620EEF7B2F8EEF782F80D
:102A80008020EEF7BFF95520EEF7BCF95520EEF7A0
:102A9000B9F90546EEF76CF89620EEF7A1F8EEF7D7
:102AA00071F8B6217E20EEF7BDF9EEF761F85020FF
:102AB000EEF789F8EEF766F88020EEF7A3F95520D7
:102AC000EEF7A0F95520EEF79DF90546EEF750F820
:102AD0009620EEF785F8EEF755F88020EEF792F99C
:102AE0005520EEF78FF95520EEF78CF90546EEF7F5
:102AF0003FF89620EEF774F81E2D01D0FF2070BD30
:102B0000002434E0EEF73EF804EB44021A4B1A447A
:102B1000517804EB4402985CEEF784F9EEF728F85C
:102B20009620EEF75DF8EEF72DF804EB4401124A1B
:102B3000515C41F08000EEF765F95520EEF762F93F
:102B40005520EEF75FF90546EEF712F89620EEF7FE
:102B500047F804EB4400084908444078A84204D0F0
:102B600004EB440008448078C9E7601CC4B2062C1A
:102B7000C8DB0020C3E700006000002438B5002453
:102B800000200090EEF714F869460020EEF72DF9CA
:102B9000EEF704F89620EEF723F8EEF709F8694609
:102BA0000020EEF722F9EDF7F9FF9620EEF718F87E
:102BB000EDF7FEFFB6211420EEF734F9EDF7EEFF46
:102BC0005020EEF700F8EDF7F3FF69460020EEF72E
:102BD0000CF9EDF7E3FF9620EEF702F8EDF7E8FFCA
:102BE00069460020EEF701F9EDF7D8FF9620EDF7E2
:102BF000F7FF9DF800000F2801D0FF2038BD00240A
:102C00002FE0EDF7D5FF04EB4402184B1A4451783E
:102C100004EB4402985CEEF705F9EDF7BFFF962050
:102C2000EDF7DEFFEDF7C4FF04EB44010F4A505C03
:102C30006946EEF7DAF8EDF7B1FF9620EDF7D0FF31
:102C400004EB44000949084440789DF8001088428C
:102C500005D004EB4400054908448078CEE7601CA9
:102C6000C4B2062CCDDB0020C8E7000072000024AF
:102C700010B500F01FF80C48F2F7CDFA0B48F2F748
:102C8000CAFA0B48F2F7C7FA002201210648F1F709
:102C900005FC002201210548F1F700FC002201217A
:102CA0000348F1F7FBFB10BDDC0A00247C0B002479
:102CB0001C0C002400B589B0002001900290039004
:102CC0000120049000200590069001A90648F1F724
:102CD000B8FC08B1EEF73BFC012211460248F1F7BF
:102CE0007AFC09B000BD0000DC0A0024F0EE401AB6
:102CF000F4EEE01AF1EE10FA02D2B0EE600A70477C
:102D0000F4EEC11AF1EE10FA02DDB0EE410AF6E778
:102D1000B0EE610AF3E7000010B50249024800F086
:102D200019F810BD84000024DC0A002410B5024903
:102D3000024800F00FF810BD8C0000247C0B00242A
:102D400010B50249024800F005F810BD94000024B7
:102D50001C0C002430B58BB005460C46234601AA56
:102D600040212846F1F7C4FC10B100200BB030BD63
:102D70000498C0F30740F9E7F0B589B006460C4661
:102D800017461D4600940020019002900395049080
:102D900005900690079008903A4669463046F1F74C
:102DA000D1FB10B1012009B0F0BD0020FBE700000D
:102DB00010B52DED028B044694ED010AD4ED030A03
:102DC00020EE200AD4ED000A94ED021A00EEC10AAA
:102DD000F0EE000A20EE200AB0EE408A94ED000AE0
:102DE000D4ED010A20EE200AD4ED020A94ED031A74
:102DF00000EE810AF0EE000A20EE200AF0EE408A92
:102E0000F0EE680AB0EE480AFFF768F8DFED030A53
:102E100020EE200ABDEC028B10BD0000E12E6542C1
:102E2000F0EE400AF6EE001A60EEA11AB0EE611A5A
:102E3000B0EE600A10EE100A0749A1EB600000EE48
:102E4000100A21EE002AF7EE081A42EE401A61EE4F
:102E5000801AB0EE610A7047DF59375FF2F7C6FBA0
:102E6000FAF7A2FCF9F7F2F9F9F7A0F8F9F73AF84E
:102E7000F9F70CFCF9F774FBF9F7D6FBF9F7A2FBAD
:102E8000F9F7ECFCF9F7CEFDF9F702FEF9F738FE99
:102E9000F9F75CFDF9F790FDF9F7B2F8F9F7EEF8FC
:102EA000F9F72CF9F9F730FCF9F790FCF9F706FB84
:102EB000F9F714FDFFF7DCFEF9F75CF900F015F8FF
:102EC00000BFFEE701460020842901D0CA1C10443F
:102ED000704770B5044625460DB1294600E0012132
:102EE000084601F0CFF8002070BD10B501F046F99A
:102EF000002010BDF8B504460D46A06840B1E0685A
:102F000030B10020009094E80F0001F022FBF8BDE2
:102F10000022D4E9000101F0EFFAF8E7F8B5044621
:102F20000D46606880B1012D08D103200090002279
:102F300011460120636801F00CFBF8BD29462846C4
:102F4000626801F0A7FAF8E7012D0ED103220021F3
:102F5000012001F0D1FA06462EB100231A46194687
:102F6000304601F0B3FB3046E7E72946284601F03A
:102F700063FAE2E77FB504460D46606998B1A0693F
:102F800088B1B4F90800FFF79DFF0646D4E90510A3
:102F9000CDE9006102902B462269D4E9001001F0CE
:102FA00013FE039013E0B4F90800FFF78BFF064609
:102FB00003A8CDE90060238A9AB22B46D4E9001019
:102FC00001F0D0FD012802D0002004B070BD0398AC
:102FD000FBE700002DE9F04105460E461C48076856
:102FE0001C480068001D00F0C5FE50B91948006873
:102FF00090F82C1001208840174909688143164831
:103000000160681C38B936B112480168091D1348BF
:1030100000F006FF1AE07C190E4800684460BC42CC
:1030200007D20C480168091D0D48006800F0DEFE5B
:103030000CE008480168091D0A48006800F0D6FE47
:1030400009480068844201D207480460BDE8F08165
:10305000A801002494010024AC010024D86A0024B3
:103060009C01002498010024C401002410B50446EA
:1030700000F0E2FE24480068401C23490860234811
:10308000006840B9214804600846006801280DD155
:1030900000F0FCF90AE01E48006838B91B480068D7
:1030A000C06AE16A884201D818480460194800687B
:1030B000401C1849086008460068606494F82C10A9
:1030C0000120884014490968084313490860E16AEF
:1030D00001EB8101114A02EB8100211D00F0A0FEED
:1030E00000F0D4FE0A48006868B108480068C06A69
:1030F000E16A884207D24FF0805009490860BFF367
:103100004F8FBFF36F8F10BDA401002494010024E2
:10311000B0010024C0010024AC010024FC6900249B
:1031200004ED00E008B500F087FE12480068E8B939
:10313000114800F04BFE114800F048FE0E481049BF
:1031400008600E480F49086000200F4B0F4A1021FD
:1031500000900A2001F0FDF9064908600846006861
:1031600020B10BA10348006800F050FF00F08EFE74
:1031700008BD0000D8010024EC6A0024006B002484
:10318000D0010024D4010024146B0024646B0024BB
:10319000546D72510000000010B516E000F04CFEB6
:1031A0000C48C068C468201D00F0E4FD0A480068AF
:1031B000401E0949086009480068401E0749086028
:1031C00000F064FE204600F05FF804480068002824
:1031D000E4D110BDC46A0024A4010024A00100248D
:1031E00070B504460D46206C70B1216CE068014456
:1031F000E160D4E90210884201D32168E1602846E9
:10320000226CE168EDF70FF970BD2DE9F04104463D
:103210000F4615464FF00008A66B206C48B9206891
:1032200000282CD1A06801F0E7FD80460020A060B6
:1032300025E07DB93946226C6068EDF7F4F8216C21
:10324000606808446060D4E90101884217D32068AF
:10325000606014E03946226CE068EDF7E4F8216C18
:10326000E068411AE1602168E068884203D2216C7D
:10327000A068411AE160022D01D106B1761E701CD2
:10328000A0634046BDE8F08110B5044694F85900AB
:1032900030B9206B00F018FE204600F015FE1AE051
:1032A00094F85900012803D1204600F00DFE12E0E9
:1032B00094F85900022801D1012000E0002050B903
:1032C00000BF502080F31188BFF34F8FBFF36F8F83
:1032D00000BF00BFFEE710BD0146084A1268126831
:1032E0000AB9012200E000220A600A6822B9034AF2
:1032F0001268D268106800E000207047D0010024F6
:1033000030B54FF47053174800F007042CB1C01DBE
:1033100020F00700134C041B1B1B0246124C2260BA
:103320000024114D6C60D018083820F007000F4CB5
:10333000206000240D4D2D686C600C4D2D682C60B4
:103340001146441A4C60094C24680C60084D4C68C6
:103350002C60084D4C682C604FF00044064D2C60EA
:1033600030BD0000BC2D0024680100247001002441
:1033700078010024740100248401002400BFFFF7B9
:103380000BFF064800680128F9D94FF08050044926
:103390000860BFF34F8FBFF36F8FF0E7FC69002425
:1033A00004ED00E02DE9F04106460D46174698462B
:1033B000069C0DB9246000E02760E66325640121C6
:1033C000204601F037F984F84C80BDE8F0812DE902
:1033D000F05F82460E4690469B460A9F0C9C4FEA41
:1033E0008801A522206BEDF730F8A8F10100216BD0
:1033F00001EB800929F0070909F0070008B901204D
:1034000000E0002050B900BF502080F31188BFF3C6
:103410004F8FBFF36F8F00BF00BFFEE786B100255F
:1034200007E0715D04F134004155705D00B902E0C0
:103430006D1C102DF5D300BF00214320015502E083
:10344000002084F83400072F00D30627E762E764E2
:1034500000202065201D00F0C6FC04F1180000F0DB
:10346000C2FC2461C7F10700A061646200206065AE
:1034700084F858005A465146484600F071FB2060D7
:103480000B9808B10B980460BDE8F09F10B50024BC
:1034900007E004EB84010F4A02EB810000F096FC88
:1034A000641C072CF5D30C4800F090FC0B4800F08E
:1034B0008DFC0B4800F08AFC0A4800F087FC0A48A3
:1034C00000F084FC04480949086004480849086081
:1034D00010BD0000FC690024886A00249C6A002456
:1034E000B06A0024C46A0024D86A00249801002429
:1034F0009C01002410B50146164800E000680368EE
:103500008B42FBD30246436813448B4204D1436889
:103510004C682344436001460A464B6813440468E0
:10352000A34211D10C4C03682468A34208D04B6815
:103530000468646823444B6003681B680B6005E003
:10354000054B1B680B6001E003680B60884200D0EC
:10355000016010BD68010024700100242DE9F041D4
:1035600004460D4616461F464FF00008656024616C
:10357000B5420CD8F01BA169884202D34FF0010874
:1035800011E0211D0948006800F030FC0BE0BE424C
:1035900004D2BD4202D34FF0010804E0211D0448CB
:1035A000006800F023FC4046BDE8F081D40100240F
:1035B000D001002470B5054600F03EFCA86B08B9A8
:1035C000012400E0002400F061FC204670BD70B5CD
:1035D000054600F031FCA86BE96B884201D101245B
:1035E00000E0002400F052FC204670BDF8B505460E
:1035F0000F461A480068C068C468201D00F0BAFB76
:1036000094F8280000F00400E8B1A06941192B46A5
:103610003A462046FFF7A2FFD8B1002003462A46CB
:1036200001460090204601F055FD064656B900BF00
:10363000502080F31188BFF34F8FBFF36F8F00BF0F
:1036400000BFFEE705E094F8280020F0010084F8B0
:1036500028002046216A8847F8BD0000D0010024D8
:10366000F0B587B0A0E00398002811DA04AE56B98F
:1036700000BF502080F31188BFF34F8FBFF36F8FCF
:1036800000BF00BFFEE7D6E90020B168904700BF49
:1036900003980028E6DB059C606908B9012000E07A
:1036A000002010B9201D00F065FB02A800F0DEF834
:1036B000054603980A2875D2DFE800F009050739A6
:1036C000416306083A4200BF00BF00BF00BF94F844
:1036D000280040F0010084F828000498A2698118AD
:1036E00003462A462046FFF739FFF8B12046216AF3
:1036F000884794F8280000F00400B8B1002000903A
:103700000498A169421800231946204601F0E2FC02
:10371000074657B900BF502080F31188BFF34F8F81
:10372000BFF36F8F00BF00BFFEE700BF3BE000BFED
:1037300094F8280020F0010084F8280033E000BF4E
:1037400094F8280040F0010084F828000498A06153
:10375000A06908B1012000E0002050B900BF50204E
:1037600080F31188BFF34F8FBFF36F8F00BF00BF8F
:10377000FEE7A06941192B462A462046FFF7EEFED8
:1037800011E094F8280000F0020018B9204600F07B
:103790009BFB05E094F8280020F0010084F8280045
:1037A00001E0FFE700BF00BF002203A90448006852
:1037B00001F0DEF800287FF456AF07B0F0BD00003E
:1037C000D8010024F8B505460C4600F033FD6846E4
:1037D00000F04CF80646009820BB44B9B54206D824
:1037E00001F0BAFB31462846FFF700FF1CE03CB170
:1037F0000E480068006808B9012000E00020044677
:10380000A91B22460A48006800F016FC01F0A4FB40
:1038100050B94FF0805007490860BFF34F8FBFF396
:103820006F8F01E001F098FBF8BD0000D401002487
:10383000D801002404ED00E00A490968096809B9C3
:10384000012100E0002121B14FF0FF31064A116053
:1038500006E004490968C968C868034A41681160FC
:103860007047000098010024C401002470B504468C
:1038700001F018FA054607480068854204D200F0B6
:103880000BF80120206001E0002020600148056065
:10389000284670BDE00100242DE9F84334E02548B6
:1038A0000068C068056823480068C068C468201DB7
:1038B00000F060FA2046216A884794F8280000F05A
:1038C000040008B3A0694619AE4207D966602461B6
:1038D000211D1848006800F089FA15E00020034611
:1038E0002A4601460090204601F0F4FB074657B9EE
:1038F00000BF502080F31188BFF34F8FBFF36F8F4D
:1039000000BF00BFFEE700BF0A480068006808B9B2
:10391000012000E000200028C1D00648D0F8008037
:1039200005480068034908600348C0F80080BDE806
:10393000F8830000D0010024D40100240E48006860
:10394000401C08B9012000E0002050B900BF502001
:1039500080F31188BFF34F8FBFF36F8F00BF00BF9D
:10396000FEE700BF502080F31188BFF34F8FBFF3F5
:103970006F8F00BF00BFFEE78801002408B500BFBD
:103980006846FFF7A9FC044620460099FFF71AFF96
:10399000FFF766FEF4E770B5044600F04DFA94F9BF
:1039A000455010E0606A08B9012000E0002038B9F5
:1039B00004F1240001F084FA18B100F09DFB00E04E
:1039C00003E0681E45B2002DECDC00BFFF2084F848
:1039D000450000F05BFA00F02FFA94F9445010E033
:1039E000206908B9012000E0002048B904F1100066
:1039F00001F066FA08B100F07FFB681E45B200E0F6
:103A000001E0002DECDC00BFFF2084F8440000F052
:103A10003DFA70BD2DE9F04104464FF0000800F07A
:103A200009FC4948006808B9FFF76AFC4748006884
:103A30002040002870D1D4B1083404F00700B0B1A0
:103A400004F00700C0F10800044404F0070008B9BE
:103A5000012000E0002050B900BF502080F3118801
:103A6000BFF34F8FBFF36F8F00BF00BFFEE7002C87
:103A700052D03748006884424ED8364E30460568EA
:103A800001E02E462D686868A04202D2286800280E
:103A9000F7D12D48006885423ED0306800F1080813
:103AA000286830606868001B102819D92F1907F0A2
:103AB000070008B9012000E0002050B900BF5020E5
:103AC00080F31188BFF34F8FBFF36F8F00BF00BF2C
:103AD000FEE76868001B78606C603846FFF70AFDF7
:103AE0001B4968680968081A19490860084600688F
:103AF00019490968884203D21548006816490860C8
:103B00001249686809680843686000202860134803
:103B10000068401C1149086001F01EFA08F0070017
:103B200008B9012000E0002050B900BF502080F308
:103B30001188BFF34F8FBFF36F8F00BF00BFFEE749
:103B40004046BDE8F081000070010024840100249B
:103B50007401002468010024780100247C01002401
:103B6000001F4FF080730360001F21F0010303600A
:103B7000001F054B036014380260001F6FF0020342
:103B800003602038704700003D39010810B500EE91
:103B9000100A2DED028BB1EEC08A18EE100A20F04B
:103BA0000040C0F1FF40C00F0AD010EE100A20F014
:103BB0000040C0F1FF40C00F04BF0120FEF7E0FA53
:103BC00018EE100ABDEC028B10BD000010B54FF4CA
:103BD000807250495048F7F76BF900287ED14E4863
:103BE000D0F8800000684D49884276D04A48D0F825
:103BF000800000684949183188426ED04648D0F8A4
:103C00008000006845493031884266D04248D0F88B
:103C1000800000684149483188425ED03E48D0F873
:103C2000800000683D496031884256D03A48D0F85B
:103C3000800000683949783188424ED03648D0F843
:103C40008000006835499031884246D03248D0F82B
:103C5000800000683149A83188423ED02E48D0F813
:103C6000800000682E49884237D02B48D0F8800069
:103C700000682B49183188422FD02748D0F880009F
:103C8000006827493031884227D02348D0F8800087
:103C900000682349483188421FD01F48D0F880006F
:103CA00000681F496031884217D01B48D0F8800057
:103CB00000681B49783188420FD01748D0F880003F
:103CC000006817499031884207D01348D0F8800027
:103CD00000681349A83188420ED100E018E00E4870
:103CE000D0F880000068006820F008000A49D1F888
:103CF0008010096808600BE00748D0F88000006871
:103D0000006820F004000449D1F8801009680860B8
:103D100010BD000098030024E82900241000024090
:103D20001004024008B50848006850B90020074B4D
:103D3000074A4FF481710090042000F00AFC024908
:103D40000860FFF743FF08BD9C0000249C05002489
:103D5000EC05002470B504460D4604B10DB90120F0
:103D600070BD2A4621460248F7F77EFEF8E70000BC
:103D7000E829002401460A69D1E901309860D1E9B7
:103D8000010358605068884201D188685060002063
:103D900008611068401E106010687047034B036094
:103DA000034B0B608023136070470000741F0024D6
:103DB000D01F0024034B0360034B0B604FF4807350
:103DC00013607047D02100242C22002400F1080148
:103DD00041604FF0FF31816000F10801C160016175
:103DE00000210160704700210161704710B5024653
:103DF0000B685C1C0CB9106907E002F1080000E0D8
:103E00004068446824689C42FAD944684C604C6815
:103E1000A160886041600A611468641C146010BD70
:103E200042684A6093688B6093685960916008614A
:103E300003685B1C0360704700BF502080F311884B
:103E4000BFF34F8FBFF36F8F00BF0E480068401C59
:103E50000C49086008460068012812D10A48006829
:103E6000C0B208B9012000E0002050B900BF5020C6
:103E700080F31188BFF34F8FBFF36F8F00BF00BF78
:103E8000FEE770478801002404ED00E00D4800685B
:103E900050B900BF502080F31188BFF34F8FBFF39C
:103EA0006F8F00BF00BFFEE706480068401E05494F
:103EB00008600846006820B9002080F3118800BF20
:103EC00000BF70478801002470B506463546002EB5
:103ED00044D0083D2C46224960680968084008B172
:103EE000012000E0002050B900BF502080F311886D
:103EF000BFF34F8FBFF36F8F00BF00BFFEE7206897
:103F000008B9012000E0002050B900BF502080F324
:103F10001188BFF34F8FBFF36F8F00BF00BFFEE765
:103F20000F49606809680840C0B12068B0B90C4901
:103F3000606809688843606000F07CF9094960683E
:103F400009680844074908602046FFF7D3FA064885
:103F50000068401C0449086000F0FEFF70BD0000CE
:103F600084010024740100248001002400204FF00B
:103F7000E02108618861064800684FF47A71B0FB5F
:103F8000F1F0401E4FF0E0214861072008617047C2
:103F9000C800002470B5ECF7FFF90446102C16D3C6
:103FA00004F1E02090F8F05315480078854201DBD9
:103FB000012000E0002050B900BF502080F311889C
:103FC000BFF34F8FBFF36F8F00BF00BFFEE70D48F9
:103FD000006800F4E0600C490968884201D80120BB
:103FE00000E0002050B900BF502080F31188BFF3DB
:103FF0004F8FBFF36F8F00BF00BFFEE770BD0000A3
:104000008C0100240CED00E0900100240246002009
:104010000BE0084B53F8303033B9064B43F83010FF
:1040200003EBC0035A6002E0401C0828F1D300BF34
:1040300070470000BC6900242DE9F04105460E469A
:1040400017462C46FFF7F8FE94F94400401C10B9BF
:10405000002084F8440094F94500401C10B9002069
:1040600084F84500FFF712FFA06B28B93A463146A5
:1040700004F1240000F062F82046FFF78CFCBDE854
:10408000F081000070B504460025D4B112480068E4
:1040900008B9012000E0002050B900BF502080F393
:1040A0001188BFF34F8FBFF36F8F00BF00BFFEE7D4
:1040B00000F0C0F800212046FEF78CFF00F04CFF16
:1040C00005463DB94FF0805004490860BFF34F8F5B
:1040D000BFF36F8F70BD0000CC01002404ED00E041
:1040E000034909680160034909684160704700009D
:1040F000BC010024A8010024012001490860704788
:10410000B801002470B504460D4654B900BF5020D4
:1041100080F31188BFF34F8FBFF36F8F00BF00BFD5
:10412000FEE70548016818312046FFF75FFE0121D0
:104130002846FEF74FFF70BD9401002470B5054678
:104140000E46144655B900BF502080F31188BFF3C6
:104150004F8FBFF36F8F00BF00BFFEE706480168B7
:1041600018312846FFF75CFE0CB14FF0FF362146B0
:104170003046FEF72FFF70BD9401002410B586B0C5
:1041800000200590049003AA04A905A8FFF706FEE5
:104190000022DDE904101346CDE9002102901EA1A2
:1041A0001F48039A00F010FD1E4908600846006889
:1041B00008B1012400E00024012C02D100F04EFFE0
:1041C0000446012C15D100BF502080F31188BFF3A5
:1041D0004F8FBFF36F8F00BF4FF0FF301249086061
:1041E00001201249086000201149086000F070F8B1
:1041F00010E0601C08B1012000E0002050B900BFB1
:10420000502080F31188BFF34F8FBFF36F8F00BF33
:1042100000BFFEE706B010BD49444C450000000059
:104220007D330108C8010024C4010024B00100242A
:10423000A801002402480068401C0149086070473A
:10424000CC0100241D48006818B101201C490860F9
:1042500032E000201A4908601A480068B0FA80F07D
:10426000C0F11F0101EB8100174A52F8200008B18C
:10427000012000E0002050B900BF502080F31188D9
:10428000BFF34F8FBFF36F8F00BF00BFFEE701EB9F
:1042900081020D4B03EB820042685268426000F1DC
:1042A00008024368934202D1426852684260426801
:1042B000D268064B1A6000BF70470000CC01002492
:1042C000B8010024AC010024FC69002494010024FE
:1042D0001CB5524800685249884201D0012000E0D4
:1042E000002050B900BF502080F31188BFF34F8FDA
:1042F000BFF36F8F00BF00BFFEE748480068484922
:10430000491E884201D0012000E0002050B900BFC2
:10431000502080F31188BFF34F8FBFF36F8F00BF22
:1043200000BFFEE73F49084600780190FF200A469B
:1043300010700846007800909DF8000000F0F00032
:104340009DF80020904201D1012000E0002050B9EA
:1043500000BF502080F31188BFF34F8FBFF36F8FE2
:1043600000BF00BFFEE79DF8000000F050002E4A9D
:10437000107007202D4A106009E02C480068401E8C
:104380002A4A10609DF800004006000E00909DF83B
:10439000000000F080008028EFD024480068C0F1C1
:1043A0000700042801D1012000E0002050B900BF1F
:1043B000502080F31188BFF34F8FBFF36F8F00BF82
:1043C00000BFFEE7194800680002184A1060104656
:1043D000008800F4E0601060124A019810700F48E5
:1043E0002030006840F470000C4920310860084615
:1043F000006840F070400860FFF7B8FD00200C49ED
:104400000860EBF791FF0B48006840F04040094915
:104410000860EBF775FF00201CBD000000ED00E018
:1044200071C20F4100E400E08C01002490010024DF
:104430008801002434EF00E070B505460E460DB14A
:10444000012000E0002050B900BF502080F3118807
:10445000BFF34F8FBFF36F8F00BF00BFFEE7AE42C9
:1044600001D8012000E0002050B900BF502080F3A7
:104470001188BFF34F8FBFF36F8F00BF00BFFEE700
:1044800002220021284600F037F8044604B1A66352
:10449000204670BDF8B505460E4617460DB1012001
:1044A00000E0002050B900BF502080F31188BFF316
:1044B0004F8FBFF36F8F00BF00BFFEE7AE4201D842
:1044C000012000E0002050B900BF502080F3118887
:1044D000BFF34F8FBFF36F8F00BF00BFFEE7022017
:1044E0003B46002211460090284600F032F8044670
:1044F00004B1A6632046F8BD2DE9F84305460E46F3
:1045000017460DB1012000E0002050B900BF502037
:1045100080F31188BFF34F8FBFF36F8F00BF00BFD1
:10452000FEE705FB06F808F15000FFF773FA0446B2
:1045300064B1A14609F15009002084F846003B46C9
:104540004A46314628460094FEF72CFF2046BDE837
:10455000F8832DE9F84380460E4617461D46DDF8E0
:104560002090B8F1000F01D0012000E0002050B9E8
:1045700000BF502080F31188BFF34F8FBFF36F8FC0
:1045800000BF00BFFEE70DB1012000E0002050B9E0
:1045900000BF502080F31188BFF34F8FBFF36F8FA0
:1045A00000BF00BFFEE707B10EB1012000E0002010
:1045B00050B900BF502080F31188BFF34F8FBFF375
:1045C0006F8F00BF00BFFEE707B90EB9012000E002
:1045D000002050B900BF502080F31188BFF34F8FE7
:1045E000BFF36F8F00BF00BFFEE750200090009820
:1045F000502801D1012000E0002050B900BF502018
:1046000080F31188BFF34F8FBFF36F8F00BF00BFE0
:10461000FEE700BF2C464CB1012084F846004B4613
:104620003A46314640460094FEF7BCFE2046BDE8BF
:10463000F883000070B505460E462C4654B900BFFD
:10464000502080F31188BFF34F8FBFF36F8F00BFEF
:1046500000BFFEE7FFF7F0FBD4E90F12206801FB73
:104660000200A0600020A06320686060E06B401E34
:10467000226C216800FB0211E160FF2084F84400F5
:1046800084F845009EB9206908B9012000E00020A7
:10469000A8B904F1100000F013FC80B14FF0805075
:1046A00009490860BFF34F8FBFF36F8F07E004F134
:1046B0001000FFF78BFB04F12400FFF787FBFFF7E7
:1046C000E5FB012070BD000004ED00E02DE9FF4393
:1046D00083B0064688461D464FF00009344654B95B
:1046E00000BF502080F31188BFF34F8FBFF36F8F4F
:1046F00000BF00BFFEE7B8F1000F01D1206C08B980
:10470000012000E0002050B900BF502080F3118844
:10471000BFF34F8FBFF36F8F00BF00BFFEE7022DC7
:1047200002D1E06B012801D1012000E0002050B946
:1047300000BF502080F31188BFF34F8FBFF36F8FFE
:1047400000BF00BFFEE700F09DFA08B9059808B960
:10475000012000E0002050B900BF502080F31188F4
:10476000BFF34F8FBFF36F8F00BF00BFFEE700BFE7
:10477000FFF762FBA06BE16B884201D3022D28D1C9
:104780002A4641462046FEF740FD0746606A08B9C2
:10479000012000E0002068B904F1240000F090FB43
:1047A00088B14FF0805032490860BFF34F8FBFF39C
:1047B0006F8F08E03FB14FF080502D490860BFF384
:1047C0004F8FBFF36F8FFFF761FB012007B0BDE88C
:1047D000F083059818B9FFF759FB0020F6E7B9F107
:1047E000000F04D101A8FFF77BFC4FF00109FFF790
:1047F0004DFBFFF71FFDFFF71FFB94F94400401C22
:1048000010B9002084F8440094F94500401C10B908
:10481000002084F84500FFF739FB05A901A800F046
:104820005BF9F0B92046FEF7D2FEA0B104F110000A
:104830000599FFF767FC2046FFF7ADF800F08CFB09
:10484000002895D14FF0805009490860BFF34F8F81
:10485000BFF36F8F8CE72046FFF79DF800F07CFBDD
:1048600086E72046FFF797F800F076FB0020ADE7DB
:1048700004ED00E02DE9F84F07468A4690461E46B3
:104880003C4654B900BF502080F31188BFF34F8FCE
:10489000BFF36F8F00BF00BFFEE7BAF1000F01D179
:1048A000206C08B9012000E0002050B900BF502062
:1048B00080F31188BFF34F8FBFF36F8F00BF00BF2E
:1048C000FEE7022E02D1E06B012801D1012000E0B9
:1048D000002050B900BF502080F31188BFF34F8FE4
:1048E000BFF36F8F00BF00BFFEE7FFF753FB00BFB2
:1048F0005021EFF3118081F31188BFF34F8FBFF385
:104900006F8F00BF0546A06BE16B884201D3022E7A
:1049100025D194F945B0A06B00903246514620460F
:10492000FEF773FC0BF1010088B9606A08B9012039
:1049300000E0002050B904F1240000F0C1FA28B1D1
:10494000B8F1000F02D00120C8F8000004E00BF11C
:10495000010040B284F845004FF0010901E04FF03A
:10496000000900BF85F3118800BF4846BDE8F88FF5
:104970002DE9F74183B005460E464FF000082C465E
:1049800054B900BF502080F31188BFF34F8FBFF39D
:104990006F8F00BF00BFFEE70EB9206C08B9012081
:1049A00000E0002050B900BF502080F31188BFF311
:1049B0004F8FBFF36F8F00BF00BFFEE700F062F9BB
:1049C00008B9059808B9012000E0002050B900BFDF
:1049D000502080F31188BFF34F8FBFF36F8F00BF5C
:1049E00000BFFEE700BFFFF727FAA76BF7B131461C
:1049F0002046FEF7F5FB781EA063206908B9012068
:104A000000E0002060B904F1100000F059FA38B15C
:104A10004FF080502F490860BFF34F8FBFF36F8F67
:104A2000FFF734FA012006B0BDE8F081059818B907
:104A3000FFF72CFA0020F6E7B8F1000F04D101A827
:104A4000FFF74EFB4FF00108FFF720FAFFF7F2FBEC
:104A5000FFF7F2F994F94400401C10B9002084F8E3
:104A6000440094F94500401C10B9002084F845002A
:104A7000FFF70CFA05A901A800F02EF8F0B92046BE
:104A8000FEF798FDA0B104F124000599FFF73AFB69
:104A90002046FEF780FF00F05FFA0028A3D14FF018
:104AA00080500C490860BFF34F8FBFF36F8F9AE7B8
:104AB0002046FEF770FF00F04FFA94E72046FEF71D
:104AC0006AFF00F049FA2046FEF774FD00288AD0FC
:104AD0000020A8E704ED00E070B505460C4655B986
:104AE00000BF502080F31188BFF34F8FBFF36F8F4B
:104AF00000BF00BFFEE754B900BF502080F311880B
:104B0000BFF34F8FBFF36F8F00BF00BFFEE7FFF70C
:104B100093F9124802686868131A2068401C08B9A3
:104B2000002617E00E4928680968884204D06868A2
:104B3000904201D801260DE02068984207D92068EC
:104B4000C01A20602846FFF7CBFA002602E00020BA
:104B500020600126FFF79AF9304670BDA8010024B5
:104B6000BC0100242DE9FF4F85B0804689461746D9
:104B7000DDE912ABB800FEF74DFF064656B15C20EA
:104B8000FEF748FF04460CB1266304E03046FFF709
:104B90009BF900E000248CB1002084F85900CDE995
:104BA00000ABCDE902403A4649464046089BFEF735
:104BB0000EFC2046FEF75AFA012501E04FF0FF35C2
:104BC000284609B0BDE8F08F2DE9F04F85B00746C3
:104BD000884691469A46DDE90EB6109C0EB101203A
:104BE00000E0002050B900BF502080F31188BFF3CF
:104BF0004F8FBFF36F8F00BF00BFFEE70CB10120E6
:104C000000E0002050B900BF502080F31188BFF3AE
:104C10004F8FBFF36F8F00BF00BFFEE75C20039094
:104C200003985C2801D1012000E0002050B900BFAA
:104C3000502080F31188BFF34F8FBFF36F8F00BFF9
:104C400000BFFEE700BFB4B1AEB125462C462E63CF
:104C5000022085F85900002004A953464A46CDE9B0
:104C600000B1CDE9025041463846FEF7B0FB284678
:104C7000FEF7FCF901E000200490049805B0BDE8BF
:104C8000F08F00000549096809B9012005E00449D1
:104C9000096809B9022000E000207047B001002433
:104CA000CC0100240149086870470000A8010024D5
:104CB0002DE9F0414FF000084448006800287CD1FD
:104CC00043480068451C4248056015BB41480068E0
:104CD000006808B9012000E0002050B900BF502052
:104CE00080F31188BFF34F8FBFF36F8F00BF00BFFA
:104CF000FEE7384807683848006836490860364893
:104D0000076036480068401C34490860FEF794FD8F
:104D100000BF3348006885423CD300BF2D4800687F
:104D2000006808B9012000E0002020B14FF0FF30FA
:104D30002B4908602DE027480068C068C468666891
:104D4000B54202D22648066023E0201DFFF712F884
:104D5000A06A18B104F11800FFF70CF894F82C10B1
:104D6000012088401F49096808431E490860E16A1C
:104D700001EB81011C4A02EB8100211DFFF750F875
:104D80001A49E06A0968C96A8842C7D34FF0010826
:104D9000C4E700BF15480068C06A00EB80001249F4
:104DA00051F82000012801D94FF00108104800688F
:104DB00008B14FF0010805E0FFE70E480068401C0D
:104DC0000C4908604046BDE8F0810000CC01002499
:104DD000A8010024980100249C010024BC010024A7
:104DE000C4010024AC010024FC69002494010024C7
:104DF000B8010024B401002470B505462C460026F5
:104E0000002D55D02B480068844201D1012000E0DC
:104E1000002050B900BF502080F31188BFF34F8F9E
:104E2000BFF36F8F00BF00BFFEE7206D50B900BF1A
:104E3000502080F31188BFF34F8FBFF36F8F00BFF7
:104E400000BFFEE7206D401E2065E16CE06A8842ED
:104E50002ED0206D60BB201DFEF78CFF78B9E06A74
:104E600000EB8000144951F8200040B994F82C1050
:104E70000120884011490968814310480160E06CB5
:104E8000E062E06AC0F10700A06194F82C100120F4
:104E900088400A490968084308490860E16A01EB4B
:104EA0008101054A02EB8100211DFEF7B9FF0126B1
:104EB000304670BD94010024FC690024AC0100243C
:104EC00070B50646F068C46854B900BF502080F33E
:104ED0001188BFF34F8FBFF36F8F00BF00BFFEE796
:104EE00004F11800FEF746FF15480068A8B9201D18
:104EF000FEF740FF94F82C10012088401149096802
:104F0000084310490860E16A01EB81010E4A02EB97
:104F10008100211DFEF784FF04E004F118010B4815
:104F2000FEF77EFF0A49E06A0968C96A884204D927
:104F3000012501200749086000E00025284670BDD2
:104F4000CC010024AC010024FC690024B06A0024D8
:104F500094010024B801002470B5002400263648CE
:104F6000006850B900BF502080F31188BFF34F8F05
:104F7000BFF36F8F00BF00BFFEE7FEF75DFF2E4857
:104F80000068401E2C4908600846006800284FD180
:104F90002A48006800284BD024E02948C068C4682B
:104FA00004F11800FEF7E6FE201DFEF7E3FE94F87C
:104FB0002C100120884023490968084321490860D2
:104FC000E16A01EB8101204A02EB8100211DFEF71D
:104FD00027FF1E49E06A0968C96A884202D3012096
:104FE0001B4908601648006808B9012000E000204D
:104FF0000028D2D00CB1FEF71FFC1648056865B139
:1050000000BFFFF755FE10B10120114908606D1E69
:10501000002DF6D100200F4908600D48006838B116
:10502000012630070C490860BFF34F8FBFF36F8F25
:10503000FEF72CFF304670BDCC010024A4010024F3
:10504000B06A0024AC010024FC690024940100240F
:10505000B8010024B401002404ED00E010B586B0CE
:105060000024FEF75FF816480068D0B100200590D4
:10507000049003AA04A905A8FEF79CFE0222DDE91C
:1050800004100023CDE9002102900EA10F48039ADD
:10509000FFF79AFD0E4908600846006800B1012438
:1050A00000BF54B900BF502080F31188BFF34F8F69
:1050B000BFF36F8F00BF00BFFEE7204606B010BDF4
:1050C000D8010024546D7220537663007D390108A5
:1050D000DC0100242DE9FF4704460D4616461F4615
:1050E000DDF830804FF0000954B900BF502080F344
:1050F0001188BFF34F8FBFF36F8F00BF00BFFEE774
:105100001448006810B3009501960294062D15DA34
:10511000FFF7B8FD022808D10023424669460D4832
:105120000068FFF7D3FA814610E000231A4669466B
:1051300008480068FFF7CAFA814607E000233A46AC
:10514000694604480068FFF795FB8146484604B06D
:10515000BDE8F087D801002400000000DC0A00242C
:10516000000000007C0B0024100000000200000082
:105170000000000000000000F85201085DD70008A0
:10518000000000000000000080000000000000009F
:10519000000000000453010811BB000802000000D9
:1051A0000000000000040000BC0C0024BC1C002413
:1051B00018530108A5180008FFFF000000000000B8
:1051C00080000000181D0024181F0024EC52010864
:1051D0006BD7000802000000000000000002000081
:1051E00000000000000000000C530108551B0108DE
:1051F00000000000000000000001000000000000AE
:10520000000000000000000001020304010203048A
:105210000607080900061016000610160001020312
:1052200004050607080C1014182030400000000088
:10523000000000000000000000000000000000006E
:105240000100000002000000030000000400000054
:105250000000000005000000000000000000000049
:105260000000000006000000000000000000000038
:10527000000000000700000001000200040006001A
:1052800008000A000C00100020004000800000010F
:1052900001010103070100000804020408010101E3
:1052A000436F6D6D616E64733A0D0A202043414C6B
:1052B00020202D207265706F727420637572726584
:1052C0006E7420736861667420616E676C650D0A88
:1052D000202048454C50202D2073686F772074683B
:1052E00069732068656C700D0A0000005669736967
:1052F0006F6E5461736B000064656661756C745405
:1053000061736B00496D755461736B005561727404
:1053100044656D6F0000000046756E54657374003F
:1053200040530108000000246002000082090008C8
:105330004854010860020024888D00007021010893
:10534000210329803F08081B0102030405060723E7
:1053500071100DE7416B3A58A08B3A7D04017C1621
:105360000240AB03411009055308065804070F1605
:105370000810820911160A15800B1605450C180134
:105380000D3C90D00304315A1088130A0632022AC9
:10539000400C1385F5140881F31408CFF742081365
:1053A00055F4140875F21B083914C11AF9181AB506
:1053B000041A41301AA508140902431302011DC042
:1053C000320904551A020B13052416100105240195
:1053D00010090104240202052406170107058203AF
:1053E00008151009040133020A2E070501024007BF
:1053F0002A810704228101821AAA01015C13850E09
:105400001B0881042A3D04120F1B086D0413BDFE06
:10541000140805FF1B0815041A41041A81041A898F
:10542000141ACD04411A12CF13020216408304400D
:10543000572602010203011C050F0CF01A10172158
:08544000071E040309041A030E
:04000005080002CD20
:00000001FF
