S31508000000E88F0024A1030008BDCE00080DBB000838
S31508000010B9CE0008390E0008111D010800000000BD
S31508000020000000000000000000000000E1020008D7
S315080000304D150008000000003D03000875D70008AC
S31508000040BB030008BB030008BB030008BB0300088A
S31508000050BB030008BB030008BB030008BB0300087A
S31508000060BB030008BB030008BB030008B10F000868
S31508000070C10F0008D10F0008BB030008BB03000826
S31508000080BB030008BB030008BB030008551500089E
S31508000090751500086515000885150008BB030008D6
S315080000A0BB030008BB030008BB030008BB0300082A
S315080000B0BB030008BB03000869D90008BB03000896
S315080000C0BB030008BB030008BB030008BB0300080A
S315080000D0BB03000845F2000855F2000865F200085F
S315080000E0BB030008BB03000800000000BB030008B0
S315080000F0BB030008BB030008BB030008BB030008DA
S31508000100BB030008BB030008BB030008BB030008C9
S31508000110BB030008BB030008BB030008BB030008B9
S31508000120BB030008BB030008BB030008BB030008A9
S31508000130BB030008BB030008BB030008BB03000899
S3150800014000000000000000000000000000000000A1
S31508000150BB030008BB030008BB030008BB03000879
S31508000160BB030008BB030008BB030008BB03000869
S31508000170BB030008F5CF0008BB0300080000000019
S31508000180BB030008BB03000869DE0008BB030008C0
S31508000190BB030008BB030008BB030008BB03000839
S315080001A0BB030008BB030008BB03000800000000EF
S315080001B0BB030008BB030008BB030008BB03000819
S315080001C0BB030008BB030008000000000000000095
S315080001D00000000000000000BB030008000000004B
S315080001E00000000000000000000000000000000001
S315080001F00000000000000000BB030008BB03000865
S31508000200BB030008BB03000800000000BB0300088E
S31508000210BB030008BB030008BB030008BB030008B8
S31508000220BB03000800000000BB0300080000000034
S31508000230BB030008BB03000800000000BB0300085E
S31508000240BB030008BB030008BB030008BB03000888
S31508000250BB030008BB030008BB030008BB03000878
S31508000260BB030008BB030008BB030008BB03000868
S31508000270BB030008BB030008BB030008000000001E
S31508000280BB030008BB030008BB030008BB03000848
S3150800029000000000BB030008BB03000800000000C4
S315080002A000000000BB030008BB030008BB030008EE
S315080002B035F20008BB030008BB03000895150008C3
S315080002C0A515000859D90008BB030008DFF80CD0AB
S315080002D000F0D6FA004800475D2E0108E88F002492
S315080002E02C4B19680868B0E8F04F80F30988BFF30B
S315080002F06F8F4FF0000080F31188704700000000F0
S3150800030008480068006880F308884FF0000080F30A
S31508000310148862B661B6BFF34F8FBFF36F8F00DFE5
S3150800032000BF00BF08ED00E0DFF80C00016841F4EB
S3150800033070010160704700BF88ED00E0EFF30980A7
S31508000340BFF36F8F134B1A681EF0100F08BF20ED0E
S31508000350108A20E9F04F106009B44FF0500080F37E
S315080003601188BFF34F8FBFF36F8F13F06BFF4FF0FA
S31508000370000080F3118809BC19680868B0E8F04FD6
S315080003801EF0100F08BFB0EC108A80F30988BFF37F
S315080003906F8F704794010024EFF3058070470000C3
S315080003A00648804706480047FEE7FEE7FEE7FEE701
S315080003B0FEE7FEE7FEE7FEE7FEE7FEE779D8000878
S315080003C0CD0200082DE9F05F0546002092469B46BF
S315080003D088460646814640241BE02846414647464D
S315080003E0224600F084F853465A46C01A914110D363
S315080003F011461846224600F06BF82D1A67EB0108DD
S315080004004F4622460120002100F062F817EB00094A
S315080004104E41201EA4F10104DFDC484631462A4637
S315080004204346BDE8F09F40EA01039B0703D009E075
S3150800043008C9121F08C0042AFAD203E011F8013BC2
S3150800044000F8013B521EF9D27047D2B201E000F81B
S31508000450012B491EFBD270470022F6E710B513465A
S315080004600A4604461946FFF7F0FF204610BD10B5A8
S31508000470002200E0521C835C8C5CA34201D1002B55
S31508000480F8D1D8B2E1B2401A10BD30B50446002002
S31508000490034600E05B1C934203D2E05CCD5C401B44
S315080004A0F8D030BD30B50B46014600202022012485
S315080004B009E021FA02F59D4205D303FA02F5491B24
S315080004C004FA02F52844151EA2F10102F1DC30BD3A
S315080004D0202A04DB203A00FA02F1002070479140F6
S315080004E0C2F1200320FA03F3194390407047202AEB
S315080004F004DB203A21FA02F00021704721FA02F3C0
S31508000500D040C2F1200291400843194670472DE9B0
S31508000510FE4F804681EA0300C00F0C46009021F08A
S31508000520004123F00045B8EB0200A94105D2404638
S31508000530214690461C460B46024623F000401043CF
S3150800054047D0270DC7F30A00C3F30A510290401A91
S31508000550019040286BDAC3F3130040F4801B00981F
S31508000560924620B10023D2EB030A63EB0B0B0198EA
S315080005705946C0F140025046FFF7AAFF06460D4607
S3150800058050465946019A00F08DF910EB0800614172
S31508000590002487EA115284EAE7731A4340D0009A86
S315080005A062B3019A012A4FEA075215DC001B61EB78
S315080005B002014FF0004202EA0752CDE90042001C50
S315080005C041F5801132462B4600F08DF903B0BDE89F
S315080005D0F08F40462146F9E7001B61EB0201001C3B
S315080005E041F5801300185B412018A2F5001747EB68
S315080005F0030140EAD570B6196D4111E06D084FEA5E
S31508000600360645EAC0754FEA0752001B61EB020140
S31508000610001C41F5801149084FEA30000019514184
S3150800062032462B4603B0BDE8F04F00F04DB90098AE
S31508000630012240000023D0EB020263EBE07300982E
S3150800064021464FEAE074B8EB000061EB0401E9E7E4
S3150800065083F000435BE781F0004158E72DE9FE4F40
S3150800066081EA030404F0004421F0004100944FF0AD
S31508000670000B23F0004350EA01045ED052EA03045B
S315080006805BD0C3F30A54C1F30A552C44A4F2F334DD
S315080006900194A0FB0254C1F3130141F48011C3F382
S315080006A0130343F4801301FB024400FB034E840A40
S315080006B0970A44EA815447EA8357A4FB07680295D8
S315080006C08D0A05FB07854FEA932C04FB0C54270576
S315080006D0029D4FEA065847EA1637B5EB08056EEB52
S315080006E0070C870E920E47EA811742EA8312A7FB88
S315080006F00201B6EB0B0164EB00042B0D43EA0C3345
S315080007005E1844EB1C50DA465146E7FB0201C5F376
S3150800071013044FEA0B3343EA14534FEA0432019C9D
S3150800072043EA0603A4F10C040294009CCDE900B444
S3150800073000F0D9F803B0BDE8F08F00200146F9E7CC
S315080007402DE9F04D81EA030404F0004B21F0004541
S3150800075014464FF0000A23F0004150EA050220D063
S3150800076054EA01021DD0C5F30A570246C5F313031E
S31508000770C1F31300C1F30A5640F4801543F48013FD
S31508000780A7EB0608101BD64608F2FD3873EB0500E2
S3150800079002D308F1010801E092185B41B8F1000F95
S315080007A003DA00200146BDE8F08D00204FF48011E1
S315080007B0064684460EE0171B73EB050705D3121B86
S315080007C063EB050306434CEA010C49084FEA30007F
S315080007D092185B4150EA0107EDD152EA030012D0A4
S315080007E082EA040083EA0501084305D0101BAB41E1
S315080007F006D20122002306E000224FF0004302E061
S315080008006FF0010253101AEB06004CEB085110EB7F
S315080008100A0041EB0B01BDE8F04D00F055B8C1F3F5
S315080008200A52C1F3130140F2FF3341F480119A4290
S3150800083002DA00200146704740F233439A42A2F298
S31508000840334202DC5242FFF752BEFFF741BE0000B8
S3150800085030B5041E71F1000404DB4FF00044404239
S3150800086064EB0101141E73F1000405DB1C464FF00E
S315080008700043524263EB0403994208BF904230BDDD
S31508000880064C074D06E0E06840F0010394E80700CF
S3150800089098471034AC42F6D3FFF71CFD20530108E5
S315080008A040530108202A06DBCB17203A41FA02F00A
S315080008B043EAE07306E041FA02F3D040C2F12002AF
S315080008C0914008431946704710B5141E73F1000489
S315080008D008DA401C41F1000192185B411A4301D124
S315080008E020F0010010BD2DE9F04D92469B4611B14E
S315080008F0B1FA81F202E0B0FA80F220329046FFF7B0
S31508000900E7FD04460F4640EA0A0041EA0B01534652
S315080009105A46084313D0114653EA010019D0C8F1C4
S3150800092040025046FFF7E3FD05460E465046594637
S315080009304246FFF7CDFD084305D0012004E02046D6
S315080009403946BDE8F08D0020054346EAE0762C439B
S3150800095037430A986305E40AA0EB08000022FD0A5B
S3150800096044EA47540A3002D500200146E9E7010562
S3150800097010196941DDE9084500196941BDE8F04DDE
S31508000980A2E770B58C1810F8015B15F0070301D1C2
S3150800099010F8013B2A1106D110F8012B03E010F8D4
S315080009A0016B01F8016B5B1EF9D12B0705D40023F7
S315080009B0521E0DD401F8013BFAE710F8013BCB1A99
S315080009C0921C03E013F8015B01F8015B521EF9D58E
S315080009D0A142D8D3002070BD70B5044643492068AB
S315080009E0884203D042492068884208D141480068B5
S315080009F000F4403008B1012009E0002007E03E4835
S31508000A00006800F4403008B1012000E00020B8B1C9
S31508000A1008F08CFA05466068B0F5803F06D0B0F558
S31508000A20003F04D0B0F5403F08D105E000BF60683C
S31508000A30000CB5FBF0F502E0AD0800E000BF2BE0C6
S31508000A404FF40020002106F071FE05466068C0F3E9
S31508000A501101F9B980140C281CD2DFE800F01B0636
S31508000A600708090A0B111315171900BF00BF00BFA5
S31508000A7000BF00BF6068800C4000B5FBF0F50AE0D7
S31508000A802D0908E06D0906E0AD0904E0ED0902E06C
S31508000A902D0A00E000BF00BF6D081848854206D839
S31508000AA02068806820F44070216888601DE014483A
S31508000AB0854208D82068806820F4407040F4807029
S31508000AC02168886011E00F48854208D82068806848
S31508000AD020F4407040F400702168886005E02068C2
S31508000AE0806840F440702168886070BD002002402C
S31508000AF0002102400823024008630258105E5F0086
S31508000B0020BCBE0040787D01B7EE000A80ED000AE1
S31508000B109FED060A80ED010A9FED040A80ED020AA0
S31508000B209FED020A80ED030A7047000000000000EE
S31508000B3070B506460C46154695ED023AF0EE432A80
S31508000B4095ED013AB0EE432A95ED003AF0EE431AD8
S31508000B5094ED023AB0EE431A94ED013AF0EE430AE8
S31508000B6094ED003AB0EE430A30460CF029F870BD11
S31508000B7010B501221146024804F020FD10BD000000
S31508000B800008025810B500220121024804F016FD9B
S31508000B9010BD0000000802587047000010B5012279
S31508000BA00821024804F00AFD10BD0000000802589A
S31508000BB010B500220821024804F000FD10BD00000F
S31508000BC000080258704710B5044603E04FF47A70DF
S31508000BD000F006F8201EA4F101018CB2F6D110BD72
S31508000BE070B5034600BF00BF0020002200BF4FF0CB
S31508000BF0E0267569C3EB031674014FF0E026B16968
S31508000C0010E04FF0E026B06988420BD0884202D245
S31508000C100E1A324402E02E1A0E4432440146A2420B
S31508000C2000D300E0EDE700BF70BD10B50024FFF764
S31508000C30B3FFFFF7C7FF11F00DFF044311F09EFF46
S31508000C400443204610BD00002DE9FC4105460E462A
S31508000C501746002000900190FFF794FF922000F0BD
S31508000C60D1F806226946122000F0ACF8FFF780FF9B
S31508000C709DF80100000200B29DF8001040EA010448
S31508000C8000EE104AB8EEC00A4C48D0ED000A20EE35
S31508000C90200A86ED000A9DF80300000200B29DF8BE
S31508000CA0021040EA010400EE104AB8EEC00A4348B2
S31508000CB0D0ED000A20EE200A86ED010A9DF805000F
S31508000CC0000200B29DF8041040EA010400EE104A42
S31508000CD0B8EEC00A3948D0ED000A20EE200A86EDA3
S31508000CE0020AFFF765FF08226946002000F06AF845
S31508000CF0FFF754FF9DF800000F2838D19DF8030030
S31508000D00000200B29DF8021040EA010400EE104A03
S31508000D10B8EEC00A2A48D0ED000A20EE200A85ED72
S31508000D20000A9DF80500000200B29DF8041040EA8A
S31508000D30010400EE104AB8EEC00A2148D0ED000AB8
S31508000D4020EE200A85ED010A9DF80700000200B290
S31508000D509DF8061040EA010400EE104AB8EEC00AF3
S31508000D601748D0ED000A20EE200A85ED020AFFF7A3
S31508000D7009FFA22000F046F802226946222000F068
S31508000D8021F8FFF7F5FE9DF80000C0009DF8011058
S31508000D9040EA6114B4F5806F02DBA4F5006004B282
S31508000DA000EE104AF8EEC00AB4EE001AB3EE070ACF
S31508000DB000EE810A87ED000ABDE8FC815800002490
S31508000DC05C00002470B506460C46154646F08000C1
S31508000DD000F018F806E0552000F014F82070641C9E
S31508000DE0681EC5B2002DF6D170BD70B504460D4615
S31508000DF044F0800000F006F8552000F003F828704B
S31508000E0070BD000001B582B04FF47A70012301AAC3
S31508000E1002A90090024809F041F89DF804000EBDA9
S31508000E201027002470B505460C462846FFF7EAFF4A
S31508000E302046FFF7E7FF70BD00BFFEE70346042B19
S31508000E4015D007DC7BB1012B0ED0022B0DD0032B5E
S31508000E5012D10BE0202B0BD0212B0AD0222B09D044
S31508000E60232B09D107E008E007E006E005E004E0E7
S31508000E7003E002E001E000E000BF00BF0020704789
S31508000E800020704710B50022044905480EF08DFC75
S31508000E90044903480EF07AFC002010BDE0760024D1
S31508000EA0046C0024E06E002420490978052937D20D
S31508000EB0DFE801F0030B171D2900AA2801D101213B
S31508000EC000E00021194A11702EE0FF2801D1022105
S31508000ED004E0AA2801D1012100E00021134A11707B
S31508000EE022E0134908700321104A11701CE0AA2851
S31508000EF001D1042104E0AA2801D1012100E0002142
S31508000F000A4A117010E0FF2806D109490978094AEA
S31508000F1011700121084A11700021044A117003E07A
S31508000F200021024A117000BF00BF7047E601002485
S31508000F30E7010024E4010024E501002470B5044615
S31508000F400E46002503E0605DFFF7AEFF6D1C3068B6
S31508000F50A842F8D8214604480EF018FC02480EF0BC
S31508000F60E1FB002070BD0000046C002410B50346A8
S31508000F700C460021084610BD2DE9F04104460D46F1
S31508000F8000260A48D0F8BC72D7F8140210B101201E
S31508000F90BDE8F0812A46214604480EF006FC0348BF
S31508000FA00EF0B6FC06463046F2E70000046C002454
S31508000FB010B5024802F068F810BD0000640A002463
S31508000FC010B5024802F060F810BD0000CC2C0024D1
S31508000FD010B5024802F058F810BD0000442D002450
S31508000FE00146374A0868904249D0354A1832086897
S31508000FF0904244D0324A3032086890423FD0304A54
S315080010004832086890423AD02D4A603208689042C1
S3150800101035D02B4A78320868904230D0284A903228
S31508001020086890422BD0264AA8320868904226D0F3
S31508001030244A0868904222D0224A18320868904208
S315080010401DD0204A30320868904218D01D4A4832CE
S315080010500868904213D01B4A6032086890420ED046
S31508001060184A78320868904209D0164A90320868B9
S31508001070904204D0134AA8320868904201D1012050
S3150800108000E00020B0B10A78103A1823B2FBF3F05A
S3150800109000F007020C4B9A5CCA65032805D90A6852
S315080010A06FF30902121D8A6503E00A686FF30902E5
S315080010B08A6503E0086820F0FF008865886D704738
S315080010C010000240100402401452010810B50268CC
S315080010D02B4C0368A34222D0294C14340368A3423C
S315080010E01DD0274C28340368A34218D0244C3C341E
S315080010F00368A34213D0224C50340368A3420ED08F
S315080011001F4C64340368A34209D01D4C7834036825
S31508001110A34204D01A4C8C340368A34201D101239C
S3150800112000E000238BB10378083B1424B3FBF4F1E9
S31508001130144B03EB81030366124B8033436601F0BD
S315080011401F040123A340836618E00378103B182484
S31508001150B3FBF4F10C4B9A4204D80B4BA83B9A42CA
S3150800116000D30831094B03EB81030366074B803331
S31508001170436601F01F040123A340836610BD0000E7
S315080011800854025800580258B804024000080240A1
S315080011900179A9B3082940D8204B02689A4222D07F
S315080011A01E4B143302689A421DD01C4B2833026822
S315080011B09A4218D0194B3C3302689A4213D0174BFF
S315080011C0503302689A420ED0144B643302689A422E
S315080011D009D0124B783302689A4204D00F4B8C33ED
S315080011E002689A4201D1012200E000224AB14A1E51
S315080011F00B4B03EB8202C266094A4032026708E0DB
S315080012000BE04A1E074B03EB8202C266054A4032D0
S3150800121002674A1E012393404367704708540258E1
S315080012200059025800090240014600208A69D2B9CD
S315080012308A6A32B1012A0DD0022A03D0032A10D1B4
S315080012400EE000BFCA6A02F08072B2F1807F00D158
S31508001250012007E0CA6AB2F1C07F00D1012001E08F
S3150800126000E000BF36E08A69B2F5005F1BD18A6AE2
S3150800127032B1012A07D0022A03D0032A11D10AE083
S3150800128000BF01200EE0CA6A02F08072B2F1807FC8
S3150800129000D1012006E0CA6AB2F1C07F00D1012060
S315080012A000E000BF16E08A6A32B1012A05D0022A98
S315080012B004D0032A0CD103E000BF00BF012008E0D8
S315080012C0CA6A02F08072B2F1807F00D1012000E084
S315080012D000BF00BF70470000F0B5856D846D984F5C
S315080012E00668BE4270D0964F18370668BE426BD065
S315080012F0934F30370668BE4266D0914F4837066826
S31508001300BE4261D08E4F60370668BE425CD08C4FB5
S3150800131078370668BE4257D0894F90370668BE426E
S3150800132052D0874FA8370668BE424DD0854F06680B
S31508001330BE4249D0834F18370668BE4244D0814F13
S3150800134030370668BE423FD07E4F48370668BE42F1
S315080013503AD07C4F60370668BE4235D0794F783729
S315080013600668BE4230D0774F90370668BE422BD00B
S31508001370744FA8370668BE4226D0734F0668BE4229
S3150800138022D0714F14370668BE421DD06E4F2837DB
S315080013900668BE4218D06C4F3C370668BE4213D06A
S315080013A0694F50370668BE420ED0674F64370668E5
S315080013B0BE4209D0644F78370668BE4204D0624FF1
S315080013C08C370668BE4201D1012600E000263EB1F0
S315080013D0D0E919767E60C66E16B1D0E91C767E60B5
S315080013E0574F0668BE4249D0554F18370668BE4261
S315080013F044D0534F30370668BE423FD0504F483727
S315080014000668BE423AD04E4F60370668BE4235D0AF
S315080014104B4F78370668BE4230D0494F903706683A
S31508001420BE422BD0464FA8370668BE4226D0454F47
S315080014300668BE4222D0434F18370668BE421DD002
S31508001440404F30370668BE4218D03E4F48370668C8
S31508001450BE4213D03B4F60370668BE420ED0394FA6
S3150800146078370668BE4209D0364F90370668BE42BE
S3150800147004D0344FA8370668BE4201D1012600E0E1
S315080014800026DEB190F85C6006F01F073F26BE40D6
S31508001490AE600668366826F4802607683E600668E9
S315080014A073608668402E04D10668B2600668F160EB
S315080014B044E00668B1600668F2603FE0224F0668BD
S315080014C0BE4222D0204F14370668BE421DD01E4F9A
S315080014D028370668BE4218D01B4F3C370668BE42FE
S315080014E013D0194F50370668BE420ED0164F6437D0
S315080014F00668BE4209D0144F78370668BE4204D043
S31508001500114F8C370668BE4201D1012600E000263D
S31508001510A6B190F85C6006F01F070126BE4066601B
S31508001520066873608668402E04D10668B26006684D
S31508001530F16003E00668B1600668F260F0BD00007D
S31508001540100002401004024008540258704772B650
S3150800155000BFFEE710B5024803F0C6F910BD00004B
S31508001560DC0A002410B5024803F0BEF910BD0000DD
S31508001570DC0A002410B5024803F0B6F910BD0000D5
S315080015807C0B002410B5024803F0AEF910BD00002C
S315080015907C0B002410B5024803F0A6F910BD000024
S315080015A01C0C002410B5024803F09EF910BD00007B
S315080015B01C0C002410B501464A6B0868D0F8840054
S315080015C04FF6FC74A04340EA82000C68C4F8840015
S315080015D00868D0F8840020F47F04088F44EA0040A5
S315080015E00C68C4F88400886B02440868D0F8880040
S315080015F04FF6FC74A04340EA82000C68C4F88800E1
S315080016000868D0F8880020F4FE04888F44EA004071
S315080016100C68C4F88800C86B02EB40020868D0F86A
S31508001620A0004FF6FC74A04340EA82000C68C4F898
S31508001630A0000868D0F8A00020F4FE044020405A14
S3150800164044EA00400C68C4F8A000D1E9104004FB45
S3150800165000220868D0F8B0004FF6FC74A04340EAB0
S3150800166082000C68C4F8B0000868D0F8B00020F40E
S31508001670FE04B1F8480044EA00400C68C4F8B0001B
S31508001680D1E9124004FB00220868D0F8AC004FF6F6
S31508001690FC74A04340EA82000C68C4F8AC00D1E9A7
S315080016A0144004FB00220868D0F8F0004FF6FC74DA
S315080016B0A04340EA82000C68C4F8F0000868D0F835
S315080016C0F00020F47C14B1F8580044EA00400C6895
S315080016D0C4F8F000886D02EB40020868D0F8C00034
S315080016E04FF6FC74A04340EA82000C68C4F8C000B8
S315080016F00868D0F8C00020F47C14B1F85C0044EA0D
S3150800170000400C68C4F8C0000868D0F8C00020F093
S315080017107C5491F8600044EA00600C68C4F8C00084
S315080017202A4C486B04EB8000C866CC6E886B04EBC9
S3150800173080040C670C6FC86B04EBC0044C67D1E9D6
S31508001740100460434C6F04EB80048C67D1E91204E3
S3150800175060438C6F04EB8004CC67D1E914046043C2
S31508001760CC6F04EB8004802044504458886D04EB09
S31508001770C004842044508C6EC86D60438424645829
S3150800178004EB8004882044508C6E086E60438824DD
S31508001790645804EB80049020445040580C4CA042F6
S315080017A009D99831486840F020004860032001F8BC
S315080017B09809012010BDCB6E02E0002018601B1DA1
S315080017C0902040589842F8D80020F3E700AC004033
S315080017D0FCD300402DE9F041054614461E46D1F8D3
S315080017E004C0BCF1000F0AD1D1F810C0D1F80880A6
S315080017F04CEA080CB1F800804CEA88430BE0D1F8B3
S3150800180010C04CF0804CD1F808804CEA080CD1F88E
S3150800181000804CEA080391F82080D1F81CC04CEAF5
S31508001820086CD1F818804CEA080CD1F814804CEAF8
S31508001830080CB1F80C804CEA0847D5F868C00CFBD0
S3150800184006FCD5F8848008EB8C021360121D17601D
S31508001850121D002019E000F1030C14F80CC04FEA21
S315080018600C6800F1020C14F80CC048EA0C4800F1A8
S31508001870010C14F80CC048EA0C2C14F800804CEA49
S31508001880080CC2F800C0121D001DDFF81480D1F83C
S315080018900CC018F80CC08445DDD8BDE8F0810000FE
S315080018A01C52010800BF4FF47A7011F012FBFAE7D8
S315080018B02DE9F04104460D4616461F4694ED001ADA
S315080018C021EE011AD4ED011A94ED012A01EE821ACD
S315080018D0F7EE001AB0EE002A52EE011AF0EE610A8F
S315080018E094ED001AD4ED031A21EE211AD4ED011A4B
S315080018F094ED022A01EE821AF0EE001A21EE211A60
S31508001900B0EE410A10F0EAFA85ED000AD4ED010AB4
S3150800191094ED031A60EE810A94ED001AD4ED021ACA
S3150800192041EE610AB8EE001A60EE810AB0EE600A6E
S3150800193010F038FA86ED000A94ED001A21EE011A25
S31508001940D4ED031A94ED032A01EE821AF7EE001A73
S31508001950B0EE002A52EE011AF0EE610A94ED001A72
S31508001960D4ED011A21EE211AD4ED021A94ED032AB8
S3150800197001EE821AF0EE001A21EE211AB0EE410AA3
S3150800198010F0ACFA87ED000ABDE8F08170B50A4898
S315080019900468001D0568001D0668344454B1082211
S315080019A0064920460AF03AFA042204491031284624
S315080019B00AF034FA70BD000000E8F11F4202002464
S315080019C02DE9F0439DB004460E464FF000083068F6
S315080019D000B100BF00BF94F85C00012803D10220C3
S315080019E01DB0BDE8F083012084F85C0000BF00202C
S315080019F019901A9046492068884202D145480190B4
S31508001A0001E000200190019850B9206E40F02000B6
S31508001A10206600BF002084F85C0000BF0120DFE7D5
S31508001A2001980AF03CFA074620680AF038FA0028B6
S31508001A3061D1002F5FD136492068884203D03549E5
S31508001A402068884201D1344800E0344805463068A9
S31508001A5058B3A86820F4404071680843A8602C4928
S31508001A602068884203D02B492068884201D12A4839
S31508001A7000E02A482849884209D125480AF000FA90
S31508001A80814624480AF0FCF949EA000002E02448A5
S31508001A900AF0F6F970BBB16830680843A96840F6E1
S31508001AA01F7291430843A8602BE0A86820F44040C1
S31508001AB0A86017492068884203D0164920688842DA
S31508001AC001D1154800E015481349884209D1104844
S31508001AD00AF0D6F981460F480AF0D2F949EA000019
S31508001AE002E00F480AF0CCF920B9A86840F61F7141
S31508001AF08843A86005E0206E40F0200020664FF07D
S31508001B00010800BF002084F85C0000BF404667E774
S31508001B1000200240002102400023024000630258D0
S31508001B20006002582DE9F84F04460D464FF0000AAA
S31508001B300020009094F84400012800D105E0F949F6
S31508001B402068884200D100E000BFF749E86888426B
S31508001B5000D00EE0F5492068884200D100BFF4495C
S31508001B602068884200D100BFEE492068884200D12B
S31508001B7000BF00BF94F85C00012802D10220BDE82E
S31508001B80F88F012084F85C0000BF20680AF082F90B
S31508001B90002871D1286800F00040C8B9E1492068DA
S31508001BA0884215D02068C1692868C0F3130018B99F
S31508001BB02868C0F3846004E0286890FAA0F0B0FAB8
S31508001BC080F000F01F020120904001432068C161A7
S31508001BD02168D5E9002001F1300CC0F3012B0CEB8C
S31508001BE08B03D3F800C000F01F0E4FF01F0B0BFA43
S31508001BF00EFB2CEA0B0C00F01F0BC2F3846E0EFAD8
S31508001C000BFE4CEA0E0CC3F800C000BF20680AF0B1
S31508001C1041F9814620680AF029F90746B9F1000F0B
S31508001C207ED1002FFCD12168AA68286801F1140C1E
S31508001C30C0F3406B0CEB8B03D3F800C0C0F3045E13
S31508001C404FF0070B0BFA0EFB2CEA0B0CC0F3045BE8
S31508001C5002FA0BFB4CEA0B0CC3F800C000BFB149F3
S31508001C602068884209D168692168C968C1F3C10139
S31508001C70490000FA01F825E04BE3AE48006800F099
S31508001C807040B0F1805F07D168692168C968C1F3FF
S31508001C9082014900884014E02068C06800F01000FE
S31508001CA038B968692168C968C1F382014900884062
S31508001CB007E068692168C96801F0100189084900C8
S31508001CC088408046286904287CD021684346D5F890
S31508001CD010C02A6801F1600B0BEB8C00DFF844B2E8
S31508001CE059450AD1D0F800B002F0F84E4EF0004E31
S31508001CF04EEA030EC0F800E00BE0D0F800B00BF097
S31508001D00004B02F0F84E4EEA030E4BEA0E0BC0F8F3
S31508001D1000B000BF83492068884231D1206800E0BE
S31508001D2016E1EA6929697F4B98420CD100F1600CEB
S31508001D300CEB8103D3F800C02CF0807C4CEA020C33
S31508001D40C3F800C000BF00BF206895F820202969A5
S31508001D50012A01D1520600E000221346714A904238
S31508001D600CD100F1600C0CEB8102D2F800C02CF00B
S31508001D70007C4CEA030CC2F800C000BF00BF20E19B
S31508001D80206895F821202969012A01D1D20700E0A7
S31508001D9000221346634A90420CD000F1600C0CEB0B
S31508001DA08102D2F800C02CF0004C4CEA030CC2F8B1
S31508001DB000C000BF00BF20682B7E2969012B02D115
S31508001DC0DB0201E00DE000231A46036923F4F04321
S31508001DD001F01F0C02FA0CFC43EA0C03036100BF76
S31508001DE0EFE050492068884271D1002120680AF046
S31508001DF034F8C0F3130030B9002120680AF02DF832
S31508001E00C0F3846007E0002120680AF026F890FAFB
S31508001E10A0F0B0FA80F02968C1F3130119B929684E
S31508001E20C1F3846104E0296891FAA1F1B1FA81F15C
S31508001E30884204D10022114620680AF03BF80121A5
S31508001E4020680AF00AF8C0F3130030B901212068A7
S31508001E500AF003F8C0F3846007E00121206809F05E
S31508001E60FCFF90FAA0F0B0FA80F02968C1F31301DC
S31508001E7019B92968C1F3846104E0296891FAA1F1C6
S31508001E80B1FA81F1884204D10022012120680AF0C2
S31508001E9011F80221206809F0E0FFC0F3130030B9F9
S31508001EA00221206809F0D9FFC0F3846007E0022107
S31508001EB0206809F0D2FF90FAA0F0B0FA80F02968FD
S31508001EC0C1F3130121B92968C1F3846105E040E033
S31508001ED0296891FAA1F1B1FA81F1884204D1002268
S31508001EE00221206809F0E6FF0321206809F0B5FF02
S31508001EF0C0F3130030B90321206809F0AEFFC0F320
S31508001F00846007E00321206809F0A7FF90FAA0F093
S31508001F10B0FA80F02968C1F3130169B92968C1F3D9
S31508001F2084610EE0006002580000FF47002002406E
S31508001F30002102400010005C296891FAA1F1B1FA6B
S31508001F4081F188423DD100220321206809F0B2FFC1
S31508001F5037E02068006E00F0F8402978B0EB816F12
S31508001F6005D12068006E20F00040216808662068C8
S31508001F70406E00F0F8402978B0EB816F05D12068F3
S31508001F80406E20F00040216848662068806E00F0A8
S31508001F90F8402978B0EB816F05D12068806E20F073
S31508001FA00040216888662068C06E00F0F8402978ED
S31508001FB0B0EB816F05D12068C06E20F00040216823
S31508001FC0C866206809F057FF00286FD12068EA68BC
S31508001FD02968D64B984212D1D0F8B030C1F3130C09
S31508001FE023EA0C0302F0180BDFF844C32CFA0BFCA7
S31508001FF00CEA010C43EA0C03C0F8B03011E0D0F843
S31508002000C030C1F3130C23EA0C0302F0180BDFF8F7
S3150800201020C32CFA0BFC0CEA010C43EA0C03C0F8AB
S31508002020C03000BFC349E868884270D1C24B2068F7
S3150800203098423ED1C14B2A689A4201D10122B2E0A8
S31508002040BF4B2A689A4201D1BE4AACE0BE4B2A6809
S315080020509A4201D1BD4AA6E0BD4B2A689A4201D1EF
S31508002060BC4AA0E0BC4B2A689A4201D1BB4A9AE016
S31508002070BB4B2A689A4201D1BA4A94E0B94B2A68FE
S315080020809A4201D1B84A8EE0B74B2A689A4201D1E2
S31508002090B64A88E0B64B2A689A4201D1B54A82E028
S315080020A0B54B2A689A4202D1B44A7CE0D6E00022AF
S315080020B079E0B34B22689A4238D1A04B2A689A42F3
S315080020C001D101226FE09E4B2A689A4201D19D4AAE
S315080020D069E09D4B2A689A4201D19C4A63E09C4B71
S315080020E02A689A4201D19B4A5DE09B4B2A689A422C
S315080020F001D19A4A57E09A4B2A689A4201D1994ADD
S3150800210051E0984B2A689A4202D1974A4BE062E01E
S31508002110954B2A689A4201D1944A44E0964B2A681C
S315080021209A4201D1954A3EE000223CE07F4B226864
S315080021309A4237D1814B2A689A4201D1012232E06C
S315080021407F4B2A689A4201D17E4A2CE07E4B2A6848
S315080021509A4201D17D4A26E07D4B2A689A4201D1EE
S315080021607C4A20E07C4B2A689A4201D17B4A1AE0D5
S315080021707B4B2A689A4201D17A4A14E0794B2A683D
S315080021809A4201D1784A0EE0784B2A689A4201D1E0
S315080021907C4A08E07B4B2A689A4201D17A4A02E0D7
S315080021A0002200E000221146604A904211D0C3691D
S315080021B0C1F3130212B9C1F3846203E091FAA1F2E2
S315080021C0B2FA82F202F01F0C012202FA0CF2134351
S315080021D0C36100BF00BF286800F00040F0B3564A4C
S315080021E02168914203D0664A2168914201D1674924
S315080021F000E067490846816801F0E07600BF4E496D
S315080022002068884203D05E492068884201D15F4829
S3150800221000E05F485D49884209D1474809F02BFE2E
S315080022208346574809F027FE4BEA000002E03F487C
S3150800223009F021FEF0BB57492868884228D106F4E0
S31508002240000028BB39492068884268D13A4B226881
S315080022509A4205D04A4B22689A4200E035E001D1FD
S315080022604A4A00E04A4A104646F4000109F01CFEB4
S31508002270494800684949B0FBF1F0401C400000900D
S3150800228002E00098401E009000980028F9D146E028
S3150800229043492868884219D106F08070B0B92349A5
S315080022A0206888423BD1244B22689A4205D0344B99
S315080022B0226800E026E09A4201D1344A00E0344A16
S315080022C0104646F0807109F0EFFD28E03549286888
S315080022D0884224D106F4800008BB14492068884245
S315080022E01DD1154B22689A4203D0254B22689A4283
S315080022F001D1264A00E0264A104646F4800109F034
S31508002300D3FD0CE0206E40F0200020664FF0010A55
S3150800231005E0206E40F0200020664FF0010A00BF5D
S31508002320002084F85C0000BF504628E4006002588C
S31508002330FFFF0F000000FF470020024002003004A4
S3150800234004006008400020190800900C8000501D09
S315080023501000C010000180212000F0140002B025F2
S315080023600004002A0008302E001060320020903643
S3150800237000002143000052470000844B0000B84F7C
S31508002380002102400040C03A0080F03E002302408F
S3150800239000630258000052C7C8000024400D03001D
S315080023A0000021C3000084CB2DE9F84F04464FF006
S315080023B000090020009014B90120BDE8F88F2069B3
S315080023C020B12020005D012800D100BF206E30B961
S315080023D0204600F089F90020606684F85C002068D1
S315080023E08168C1F3407131B120688168B24A1140F1
S315080023F0816000BF00BF206809F047FDA8B92068C2
S315080024008168AE4A114041F08051816000BFAC48F6
S315080024100068AC49B0FBF1F0401C009002E000985F
S31508002420401E009000980028F9D1206809F02DFD7B
S3150800243048B9206E40F010002066606E40F001003A
S3150800244060664FF00109206809F024FD0646206EF3
S3150800245000F0100000287DD1002EFCD1206E20F45B
S31508002460807040F002002066206809F004FD78BB01
S3150800247095492068884203D094492068884201D14A
S31508002480934800E093489249884209D18E4809F05A
S31508002490F2FC82468D4809F0EEFC4AEA000002E0AA
S315080024A08D4809F0E8FC98B9874B22689A4203D010
S315080024B0864B22689A4201D1854A00E0854A104631
S315080024C06168826822F47C120A43826000BF00BFFA
S315080024D081492068884223D1607EE16B41EA403019
S315080024E0E1680843A168082901D100210FE0A16825
S315080024F00C2901D104210AE0A1681C2901D108216F
S3150800250005E0A168182901D11C2100E0002101F08D
S315080025100C0140EA41012020005D41EA004509E03E
S31508002520607EE16B41EA4030A16808432021095DDD
S3150800253040EA01452020005D012803D1A08C401EF9
S3150800254045EA4045A06A38B1208D00F47870E16A02
S31508002550084300E0A7E005435F49206888420FD199
S315080025602068C0685D49084028432168C86020681B
S31508002570006920F04060616B08432168086106E045
S315080025802068C0685649084028432168C860206802
S3150800259009F080FC8046206809F068FC0746B8F117
S315080025A0000F66D1002F64D14B492068884206D1B6
S315080025B0207E810394F8380041EA400503E0207E36
S315080025C0216B41EA80352068C06844F203018843DC
S315080025D028432168C86094F84400012834D13E494C
S315080025E02068884200D100E000BFA06A08B1E06A0E
S315080025F000B900BF38492068884210D1A06C40F065
S315080026000101E06C0843216D0843616D08432168A8
S315080026100969344A11400843216808611AE0B4F888
S315080026204800401E012141EA0041E06C0843216D43
S315080026300843616D0843216809692A4A521E1140F8
S3150800264008432168086105E02068006920F0010058
S31508002650216808612068006920F07040216C0843F1
S31508002660216808611C492068884202D02046FEF786
S31508002670B3F92069012809D12068006B20F00F0002
S31508002680E169491E08432168086305E02068006B74
S3150800269020F00F0021680863206E20F0020040F049
S315080026A00100206605E0206E40F0100020664FF01D
S315080026B00109484681E60000C0FFFF5FC0FFFF7FB3
S315080026C0C8000024400D03000020024000210240FB
S315080026D00023024000630258006002580740F0FFDA
S315080026E003C0F0FF1FF800FC10B5B6B0044614216D
S315080026F030A8FDF7B1FEB82102A8FDF7ADFE3F49A7
S315080027002068884277D14FF400210020CDE90210D5
S315080027100220049010210591022106910791089143
S31508002720C021099100210A910B9100202A9002A844
S3150800273005F0D2FB08B1FEF70AFF00BF3048006873
S3150800274040F020002E4908600846006800F0200086
S31508002750019000BF00BF00BF29480830006840F05C
S3150800276001002749083108600846006800F00100A2
S31508002770019000BF00BF00BF0846006840F0040093
S3150800278008600846006800F00400019000BF00BF1A
S3150800279020203090032031900020329030A919482B
S315080027A002F014FE10203090032031900020329061
S315080027B030A9154802F00AFE144815490860092090
S315080027C04860002112488160C1604FF48061016150
S315080027D049004161890081614911C1610021016295
S315080027E0416201F0CDF908B1FEF7B1FE00BF084815
S315080027F0A065846300BF36B010BD0000002002400B
S31508002800D844025800000258000802581000024036
S31508002810640A00242DE9F041044602F0D5FE8046FC
S3150800282014B90120BDE8F08194F83500022808D0D3
S315080028308020606500BF002084F8340000BF0120B6
S31508002840F0E7FE492068884249D0FC4918312068DB
S31508002850884244D0F9493031206888423FD0F74948
S315080028604831206888423AD0F44960312068884265
S3150800287035D0F24978312068884230D0EF49903116
S31508002880206888422BD0ED49A8312068884226D096
S31508002890EB492068884222D0E949183120688842E5
S315080028A01DD0E74930312068884218D0E4494831BC
S315080028B02068884213D0E2496031206888420ED0E9
S315080028C0DF4978312068884209D0DD49903120688F
S315080028D0884204D0DA49A8312068884201D101200B
S315080028E000E0002068B12068006820F01E0021681A
S315080028F008602068406920F08000216848612568E2
S3150800290006E02068006820F00E0021680860256847
S31508002910CA492068884270D0C84918312068884258
S315080029206BD0C64930312068884266D0C3494831E1
S315080029302068884261D0C1496031206888425CD0ED
S31508002940BE4978312068884257D0BC499031206802
S31508002950884252D0B949A831206888424DD0B84932
S315080029602068884249D0B64918312068884244D040
S31508002970B3493031206888423FD0B1494831206890
S3150800298088423AD0AE4960312068884235D0AC4991
S3150800299078312068884230D0A94990312068884229
S315080029A02BD0A749A8312068884226D0A549206897
S315080029B0884222D0A3491431206888421DD0A149F3
S315080029C028312068884218D09E493C3120688842C0
S315080029D013D09C495031206888420ED099496431F9
S315080029E02068884209D0974978312068884204D0FF
S315080029F094498C312068884201D1012000E00020EA
S31508002A0028B1206E006820F48070216E08608B491A
S31508002A102068884249D0894918312068884244D0BC
S31508002A2086493031206888423FD084494831206839
S31508002A3088423AD0814960312068884235D07F493A
S31508002A4078312068884230D07C49903120688842A5
S31508002A502BD07A49A8312068884226D07849206840
S31508002A60884222D076491831206888421DD0744998
S31508002A7030312068884218D0714948312068884228
S31508002A8013D06F496031206888420ED06C4978317E
S31508002A902068884209D06A4990312068884204D063
S31508002AA06749A8312068884206D12068006820F066
S31508002AB001002168086005E02068006820F0010030
S31508002AC02168086011E002F07FFDA0EB08000528E8
S31508002AD00BD920206065032084F8350000BF00204C
S31508002AE084F8340000BF01209CE6286800F0010045
S31508002AF00028E8D151492068884249D04F49183101
S31508002B002068884244D04D493031206888423FD0F9
S31508002B104A494831206888423AD048496031206895
S31508002B20884235D0454978312068884230D04349B3
S31508002B309031206888422BD04049A83120688842C5
S31508002B4026D03F492068884222D03D49183120685E
S31508002B5088421DD03A4930312068884218D0384911
S31508002B6048312068884213D0354960312068884248
S31508002B700ED0334978312068884209D030499031DF
S31508002B802068884204D02E49A8312068884201D19D
S31508002B90012000E0002040B1A66D94F85C0000F02A
S31508002BA01F013F208840B06007E0A76D94F85C00DD
S31508002BB000F01F010120884078602049206888427B
S31508002BC076D01E4918312068884271D01B493031A9
S31508002BD0206888426CD0194948312068884267D0F5
S31508002BE0164960312068884262D0144978312068D5
S31508002BF088425DD0114990312068884258D00F49E3
S31508002C00A8312068884253D00D49206888424FD0A1
S31508002C100B491831206888424AD009493031206862
S31508002C20884245D0064948312068884240D0044940
S31508002C306031206888423BD0014905E01000024017
S31508002C4010040240085402587831206888422FD070
S31508002C502549206888422BD02349183120688842A4
S31508002C6026D022492068884222D02049143120687B
S31508002C7088421DD01D4928312068884218D01B4932
S31508002C803C312068884213D0184950312068884260
S31508002C900ED0164964312068884209D01349783124
S31508002CA02068884204D011498C312068884201D1B5
S31508002CB0012000E0002068B1D4E919104860E06EF0
S31508002CC040B1E06E006820F48070E16E0860D4E9D7
S31508002CD01C104860012084F8350000BF002084F8E5
S31508002CE0340000BF00BF9DE5A00402400854025806
S31508002CF070B504460CB9012070BD94F83500022859
S31508002D0003D0802060650120F6E7DC492068884208
S31508002D1049D0DA4918312068884244D0D749303139
S31508002D20206888423FD0D5494831206888423AD041
S31508002D30D24960312068884235D0D0497831206838
S31508002D40884230D0CD499031206888422BD0CB4973
S31508002D50A8312068884226D0C9492068884222D0EE
S31508002D60C7491831206888421DD0C54930312068C6
S31508002D70884218D0C24948312068884213D0C049D1
S31508002D806031206888420ED0BD4978312068884273
S31508002D9009D0BB4990312068884204D0B849A83187
S31508002DA02068884201D1012000E00020F0B3042009
S31508002DB084F83500B149206888424BD0AF491831AC
S31508002DC02068884246D0AD4930312068884241D0D3
S31508002DD0AA494831206888423CD0A8496031206811
S31508002DE0884237D0A54978312068884232D0A3492D
S31508002DF09031206888422DD0A049A83120688842A1
S31508002E0028D09F492068884224D09D4918312068D7
S31508002E1088421FD09A493031206888421AD098498A
S31508002E2048312068884215D0954900E020E0603195
S31508002E30206888420ED0924978312068884209D0A5
S31508002E408F4990312068884204D08D49A83120687E
S31508002E50884206D12068006820F0010021680860D1
S31508002E6009E12068006820F001002168086002E195
S31508002E702068006820F00E00216808607F492068F5
S31508002E80884249D07D4918312068884244D07B4918
S31508002E903031206888423FD07849483120688842D6
S31508002EA03AD0764960312068884235D073497831FE
S31508002EB02068884230D071499031206888422BD0EA
S31508002EC06E49A8312068884226D06D492068884214
S31508002ED022D06B491831206888421DD068493031A4
S31508002EE02068884218D0664948312068884213D03D
S31508002EF063496031206888420ED06149783120687C
S31508002F00884209D05E4990312068884204D05C49DD
S31508002F10A8312068884206D12068006820F00100A0
S31508002F202168086005E02068006820F00100216833
S31508002F30086052492068884270D050491831206884
S31508002F4088426BD04D4930312068884266D04B495B
S31508002F5048312068884261D04849603120688842F3
S31508002F605CD0464978312068884257D04349903129
S31508002F702068884252D04149A831206888424DD0FD
S31508002F803F492068884249D03D491831206888421F
S31508002F9044D03B493031206888423FD038494831CF
S31508002FA0206888423AD0364960312068884235D050
S31508002FB0334978312068884230D0314990312068C9
S31508002FC088422BD02E49A8312068884226D02D4920
S31508002FD02068884222D02B491431206888421DD0A7
S31508002FE0284928312068884218D026493C3120686B
S31508002FF0884213D023495031206888420ED021498F
S3150800300064312068884209D01E4978312068884290
S3150800301004D01C498C312068884201D1012000E087
S315080030200020D8B1206E006820F48070216E0860F8
S31508003030A56D94F85C0000F01F01012088406860C7
S31508003040D4E919104860E06E40B1E06E006820F4DB
S315080030508070E16E0860D4E91C104860012084F88D
S31508003060350000BF002084F8340000BF206D10B181
S315080030702046216D884700203EE6000010000240E9
S3150800308010040240085402582DE9F84F044600205F
S315080030900090FE4800684FF41651B0FBF1FAA66D91
S315080030A0D4F858803768D8F80090F94920688842DB
S315080030B049D0F74918312068884244D0F44930315C
S315080030C0206888423FD0F2494831206888423AD081
S315080030D0EF4960312068884235D0ED49783120685B
S315080030E0884230D0EA499031206888422BD0E84996
S315080030F0A8312068884226D0E6492068884222D02E
S31508003100E4491831206888421DD0E24930312068E8
S31508003110884218D0DF4948312068884213D0DD49F3
S315080031206031206888420ED0DA49783120688842B2
S3150800313009D0D84990312068884204D0D549A831A9
S315080031402068884201D1012000E0002000287DD0B7
S3150800315094F85C0000F01F010820884038400028D9
S3150800316068D0CB492068884249D0C94918312068B7
S31508003170884244D0C6493031206888423FD0C44985
S315080031804831206888423AD0C1496031206888426F
S3150800319035D0BF4978312068884230D0BC49903153
S315080031A0206888422BD0BA49A8312068884226D0A0
S315080031B0B8492068884222D0B64918312068884222
S315080031C01DD0B44930312068884218D0B1494831F9
S315080031D02068884213D0AF496031206888420ED0F3
S315080031E0AC4978312068884209D0AA4990312068CC
S315080031F0884204D0A749A8312068884204D12068AB
S31508003200006800F0040003E02068006800F0080089
S3150800321080B12068006820F004002168086094F8EE
S315080032205C0000F01F0108208840B060606D40F027
S315080032300100606594F85C0000F01F0101208840D9
S315080032403840E8B392492068884200E0B7E24BD09C
S315080032508F4918312068884246D08D493031206818
S31508003260884241D08A494831206888423CD08849FA
S3150800327060312068884237D085497831206888428D
S3150800328032D083499031206888422DD08049A831B0
S315080032902068884228D07F492068884224D07D4902
S315080032A01831206888421FD07A4930312068884210
S315080032B01AD0784948312068884215D0754900E007
S315080032C026E06031206888420ED07249783120683D
S315080032D0884209D06F4990312068884204D06D49E8
S315080032E0A8312068884204D12068406900F080002F
S315080032F002E020680068002050B194F85C0000F0F5
S315080033001F0101208840B060606D40F002006065D2
S3150800331094F85C0000F01F01042088403840E8B3A8
S315080033205B49206888424BD0594918312068884241
S3150800333046D0574930312068884241D054494831EF
S31508003340206888423CD0524960312068884237D08C
S315080033504F4978312068884232D04D4990312068EB
S3150800336088422DD04A49A8312068884228D0494940
S315080033702068884224D047491831206888421FD0DF
S3150800338044493031206888421AD042494831206879
S31508003390884215D03F496031206800E024E0884221
S315080033A00ED03C4978312068884209D03949903195
S315080033B02068884204D03749A8312068884204D159
S315080033C02068006800F0020002E02068006800201B
S315080033D050B194F85C0000F01F0104208840B060EA
S315080033E0606D40F00400606594F85C0000F01F0111
S315080033F0102088403840E8B325492068884251D0D3
S3150800340023491831206888424CD021493031206838
S31508003410884247D01E4948312068884242D01C4914
S315080034206031206888423DD0194978312068884241
S3150800343038D0174990312068884233D01449A831CA
S31508003440206888422ED01349206888422AD011491C
S3150800345018312068884225D00E49303120688842C4
S3150800346020D00C494831206888421BD00949603170
S31508003470206800E04DE0884214D00649783120687B
S3150800348088420FD003499031206805E0C80000241F
S315080034901000024010040240884203D0FE4920680A
S315080034A0884204D12068006800F0080003E020681C
S315080034B0006800F0040060B394F85C0000F01F0197
S315080034C010208840B0602068006800F4802080B131
S315080034D02068006800F4002028B9206CC8B120468E
S315080034E0216C884715E0A06C98B12046A16C8847E6
S315080034F00FE02068006800F4807028B9206800682A
S3150800350020F0080021680860206C10B12046216C64
S31508003510884794F85C0000F01F0120208840384056
S3150800352000287DD0DD492068884249D0DB4918311A
S315080035302068884244D0D9493031206888423FD033
S31508003540D6494831206888423AD0D4496031206843
S31508003550884235D0D14978312068884230D0CF4961
S315080035609031206888422BD0CC49A83120688842FF
S3150800357026D0C949A8392068884221D0C649903939
S31508003580206888421CD0C44978392068884217D0F8
S31508003590C14960392068884212D0BF494839206835
S315080035A088420DD0BC4930392068884208D0BA49CB
S315080035B018392068884203D0B7492068884204D160
S315080035C02068006800F0100003E02068006800F03A
S315080035D0020028B394F85C0000F01F012020884000
S315080035E0B06094F8350004282DD12068006820F0D2
S315080035F01600216808602068406920F0800021686C
S315080036004861206C08B9A06C28B12068006820F0D1
S3150800361008002168086094F85C0000F01F0100E0CB
S315080036203FE03F208840B060012084F8350000BFA5
S31508003630002084F8340000BF206D10B12046216DAB
S315080036408847BDE8F88F2068006800F4802080B1BC
S315080036502068006800F4002028B9606C08B320468A
S31508003660616C88471DE0E06BD8B12046E16B88475E
S3150800367017E02068006800F4807068B92068006860
S3150800368020F0100021680860012084F8350000BF8A
S31508003690002084F8340000BFE06B10B12046E16BCF
S315080036A08847606D00287AD0606D00F00100E8B3A5
S315080036B0042084F835007949206888424BD0774938
S315080036C018312068884246D07449303120688842CB
S315080036D041D072494831206888423CD06F496031F0
S315080036E02068884237D06D4978312068884232D0C0
S315080036F06A499031206888422DD06849A8312068E7
S31508003700884228D06449A8392068884223D062496B
S315080037109039206888421ED05F49783920688842E7
S3150800372019D05D4960392068884200E040E012D02F
S3150800373059494839206888420DD057493039206898
S31508003740884208D0544918392068884203D052491B
S315080037502068884206D12068006820F001002168A8
S31508003760086005E02068006820F00100216808600C
S3150800377000BF0098401C0090504500D905E020681D
S31508003780006800F001000028F3D100BF2068006837
S3150800379000F0010020B1032084F8350003E00DE0B5
S315080037A0012084F8350000BF002084F8340000BFEB
S315080037B0E06C002802D02046E16C8847D9E13849F8
S315080037C02068884222D036491431206888421DD0A4
S315080037D0334928312068884218D031493C3120685D
S315080037E0884213D02E495031206888420ED02C4981
S315080037F064312068884209D029497831206888428E
S3150800380004D027498C312068884201D1012000E084
S3150800381000200028D2D02068056894F85C0000F0E3
S315080038201F010420884000EA0900D8B305F0040007
S31508003830C0B394F85C0000F01F0104208840C8F863
S31508003840040005F4004080B105F4803030B9A06C5E
S315080038500028B3D02046A16C88478AE1206C00284E
S31508003860ACD02046216C884783E105F02000E8BBF0
S315080038700A492068884253D0084918312068884286
S315080038804ED0064930312068884249D0034948312C
S315080038902068884244D006E0B8040240100002407E
S315080038A0085402584FE0B44960312068884237D03E
S315080038B0B14978312068884232D0AF4990312068C2
S315080038C088422DD0AC49A8312068884228D0AB4917
S315080038D02068884224D0A9491831206888421FD018
S315080038E0A6493031206888421AD000E025E0A3496D
S315080038F048312068884213D0A04960312068884240
S315080039000ED09E4978312068884209D09B4990316B
S315080039102068884204D09949A8312068884206D18F
S315080039202068006820F008002168086005E0206823
S31508003930006820F0040021680860206C10B3204657
S31508003940216C884715E194F85C0000F01F010220FD
S31508003950884000EA0900E8B305F00200D0B394F8FD
S315080039605C0000F01F0102208840C8F8040005F436
S31508003970004070B105F4803028B9606C10B120465B
S31508003980616C8847F5E0E06BF0B32046E16B884749
S31508003990EFE005F02000C0BB7749206888424ED08A
S315080039A0754918312068884249D0734930312068F2
S315080039B0884244D070494831206888423FD06E49D1
S315080039C06031206888423AD06B497831206888424D
S315080039D035D000E04EE068499031206888422ED004
S315080039E06549A8312068884229D0644920688842F8
S315080039F025D0624918312068884220D05F49303185
S31508003A00206888421BD001E06EE02DE05B49483112
S31508003A102068884213D059496031206888420ED000
S31508003A20564978312068884209D05449903120682F
S31508003A30884204D05149A8312068884206D12068B6
S31508003A40006820F014002168086005E02068006816
S31508003A5020F00A0021680860012084F8350000BFBC
S31508003A60002084F8340000BFE06BE8B32046E16B21
S31508003A7088477EE094F85C0000F01F010820884023
S31508003A8000EA090080B305F0080068B33A492068DF
S31508003A9088424BD0384918312068884246D0364982
S31508003AA030312068884241D03349483120688842FD
S31508003AB03CD0314960312068884237D02E49783168
S31508003AC02068884232D02C499031206888422DD00F
S31508003AD02949A8312068884228D028492068884280
S31508003AE024D02649183100E043E0206888421DD0DA
S31508003AF0224930312068884218D020494831206848
S31508003B00884213D01D496031206888420ED01B496F
S31508003B1078312068884209D018499031206888424F
S31508003B2004D01649A8312068884206D12068006862
S31508003B3020F01C002168086005E02068006820F075
S31508003B400E002168086094F85C0000F01F0101204F
S31508003B508840C8F804000120606584F8350000BF75
S31508003B60002084F8340000BFE06C10B12046E16CF8
S31508003B70884700BF65E500001000024010040240B7
S31508003B802DE9F041044601F01FFD804614B90120D5
S31508003B90BDE8F081FE492068884249D0FC491831C1
S31508003BA02068884244D0FA493031206888423FD09C
S31508003BB0F7494831206888423AD0F549603120688B
S31508003BC0884235D0F24978312068884230D0F049A9
S31508003BD09031206888422BD0ED49A8312068884268
S31508003BE026D0EC492068884222D0EA491831206854
S31508003BF088421DD0E74930312068884218D0E54907
S31508003C0048312068884213D0E249603120688842EA
S31508003C100ED0E04978312068884209D0DD499031D4
S31508003C202068884204D0DB49A8312068884201D13F
S31508003C30012000E00020002873D0606A00B100BFB0
S31508003C40022084F8350000BF002084F8340000BF45
S31508003C50CF492068884249D0CD4918312068884222
S31508003C6044D0CB493031206888423FD0C8494831D2
S31508003C70206888423AD0C64960312068884235D0E3
S31508003C80C34978312068884230D0C14990312068CC
S31508003C9088422BD0BE49A8312068884226D0BD4923
S31508003CA02068884222D0BB491831206888421DD036
S31508003CB0B84930312068884218D0B649483120685A
S31508003CC0884213D0B3496031206888420ED0B14982
S31508003CD078312068884209D0AE49903120688842F8
S31508003CE004D0AC49A8312068884206D1206800680B
S31508003CF020F001002168086005E02068006820F0CF
S31508003D000100216808600DE001F05EFCA0EB0800E8
S31508003D10052807D920206065032084F8350001208E
S31508003D2036E769E02068006800F001000028EBD15A
S31508003D302068056898480540D4E9020108432169C6
S31508003D40084361690843A1690843E1690843216A90
S31508003D5008430543606A042803D1D4E90B010843E4
S31508003D6005436068292802D360682E2817D9606839
S31508003D703F2802D36068422811D96068472802D3D1
S31508003D80606848280BD960684F2802D360685228B3
S31508003D9005D96068742804D36068772801D801209B
S31508003DA000E0002008B145F4801520680560206809
S31508003DB0456925F00705606A0543606A04280DD140
S31508003DC0A06A0543E06A48B12046FDF72DFA28B1F6
S31508003DD040206065012084F83500D9E620684561F1
S31508003DE02046FDF7FDF8064694F85C0000F01F0132
S31508003DF03F208840B0609EE068492068884222D00B
S31508003E0066491431206888421DD0644928312068E3
S31508003E10884218D061493C312068884213D05F49EE
S31508003E205031206888420ED05C4964312068884247
S31508003E3009D05A4978312068884204D057498C31CC
S31508003E402068884201D1012000E00020E0B35349F0
S31508003E502068884222D051491431206888421DD0F2
S31508003E604E4928312068884218D04C493C31206890
S31508003E70884213D049495031206888420ED04749B4
S31508003E8064312068884209D04449783120688842DC
S31508003E9004D042498C312068884201D1012000E0D3
S31508003EA0002000B100BF022084F8350000BF0020C2
S31508003EB084F8340000BF2068056839480540A068C2
S31508003EC0402802D1102106E02EE0A068802801D102
S31508003ED0C10100E00021E06841EAD001206941EA19
S31508003EE0D001606941EAD001A06941EAD001E069E0
S31508003EF041EAD001206A41EA1010054320680560AE
S31508003F0026492068401A1421B0FBF1F08000E065CC
S31508003F102046FDF765F8074694F85C0000F01F0197
S31508003F2001208840786006E040206065032084F818
S31508003F30350001202CE61649206888427AD01449B3
S31508003F4018312068884275D0114930312068884276
S31508003F5070D00F494831206888426BD00C496031CF
S31508003F602068884266D00A4978312068884261D03C
S31508003F7007499031206888425CD00549A8312068F5
S31508003F80884257D003492068884253D0014909E03E
S31508003F9010000240100402403F8010FE08540258E8
S31508003FA00F00FEFF18312068884243D03749206841
S31508003FB088423FD035491831206888423AD033497B
S31508003FC030312068884235D03049483120688842E7
S31508003FD030D02E496031206888422BD02B49783161
S31508003FE02068884226D02A492068884222D0284953
S31508003FF01431206888421DD0254928312068884216
S3150800400018D023493C312068884213D020495031C2
S31508004010206888420ED01E4964312068884209D03B
S315080040201B4978312068884204D019498C312068A8
S31508004030884201D1012000E0002000B32046FDF7A8
S3150800404045F8A068802801D1002060602079216E9B
S315080040500860D4E919104860606860B1606808288B
S3150800406009D82046FDF794F80020E16E0860D4E9E7
S315080040701C10486003E00020E066206760670020A7
S315080040806065012084F83500002081E5400402407F
S31508004090085402582DE9F04104460D4616461F46B7
S315080040A04FF0000814B90120BDE8F08100BF94F86C
S315080040B03400012801D10220F6E7012084F83400F3
S315080040C000BF94F8350001287ED1022084F8350017
S315080040D000206065E4492068884249D0E2491831E1
S315080040E02068884244D0E0493031206888423FD071
S315080040F0DD494831206888423AD0DB49603120687A
S31508004100884235D0D84978312068884230D0D64997
S315080041109031206888422BD0D349A831206888423C
S3150800412026D0D2492068884222D0D0491831206842
S3150800413088421DD0CD4930312068884218D0CB49F5
S3150800414048312068884213D0C849603120688842BF
S315080041500ED0C64978312068884209D0C3499031C3
S315080041602068884204D0C149A8312068884206D10F
S315080041702068006820F001002168086005E02068D2
S31508004180006820F00100216808603B46324629464F
S315080041902046FDF7A1F8B449206888424BD0B249B9
S315080041A018312068884246D0AF49303120688842A5
S315080041B041D0AD494831206888423CD0AA4960318F
S315080041C02068884237D000E042E1A7497831206864
S315080041D0884230D0A4499031206888422BD0A24921
S315080041E0A8312068884226D0A0492068884222D073
S315080041F09E491831206888421DD09C493031206874
S31508004200884218D0994948312068884213D097497E
S315080042106031206888420ED09449783120688842F7
S3150800422009D0924990312068884204D08F49A83134
S315080042302068884201D1012000E0002080B1206872
S31508004240006820F01E0040F0160021680860206C07
S31508004250B0B12068006840F00800216808600FE0E7
S315080042602068006820F00E0040F00A002168086007
S31508004270206C28B12068006840F0040021680860B6
S3150800428079492068884270D0774918312068884271
S315080042906BD0754930312068884266D072494831FA
S315080042A02068884261D070496031206888425CD0B5
S315080042B06D4978312068884257D06B49903120681B
S315080042C0884252D06849A831206888424DD067494B
S315080042D02068884249D0654918312068884244D008
S315080042E062493031206888423FD0604948312068A9
S315080042F088423AD05D4960312068884235D05B49AA
S3150800430078312068884230D05849903120688842F0
S315080043102BD05649A8312068884226D054492068AF
S31508004320884222D052491431206888421DD050490B
S3150800433028312068884218D04D493C312068884287
S3150800434013D04B495031206888420ED04849643111
S315080043502068884209D0464978312068884204D0C6
S3150800436043498C312068884201D1012000E00020B1
S3150800437090B1206E006800F4803028B1206E006885
S3150800438040F48070216E0860E06E28B1E06E006827
S3150800439040F48070E16E086033492068884249D04D
S315080043A0314918312068884244D02F493031206875
S315080043B088423FD02C494831206888423AD02A4959
S315080043C060312068884235D027497831206888428C
S315080043D030D025499031206888422BD02249A8310F
S315080043E02068884226D021492068884222D01F4961
S315080043F01831206888421DD01C493031206888420F
S3150800440018D01A4948312068884213D017496031B4
S31508004410206888420ED0154978312068884209D02C
S31508004420124990312068884204D01049A831206882
S31508004430884206D12068006840F0010021680860BB
S3150800444010E02068006840F001002168086009E073
S315080044504FF40060606500BF002084F8340000BF98
S315080044604FF0010840461FE61000024010040240C3
S315080044700854025870B5044601F0A6F806462546C3
S31508004480681C10B104480078054400BF01F09CF888
S31508004490801BA842FAD370BDD800002430B5034665
S315080044A093F89840012C01D0022C3ED11868806DF3
S315080044B0084030B91868C06D40F001001D68E8650D
S315080044C00EE01868806D0840884206D11868C06DED
S315080044D040F002001D68E86502E003201D68E865F3
S315080044E001F4007030B11868D0F8E00010431D6878
S315080044F0C5F8E00001F4806030B11868D0F8E4002F
S3150800450010431D68C5F8E40000BF1868406D0B4DE0
S315080045100D4028431D6868650948006840EA91709F
S31508004520074D286000BF002030BDD3F89C0040F03E
S315080045300200C3F89C000120F6E70000FFFFCF3F0A
S3150800454014A800402DE9F04104460E461746706847
S3150800455000B900E000BF94F89800022832D120681C
S31508004560D0F8C00000F07C5040B9D4F89C0040F068
S315080045702000C4F89C000120BDE8F0812068D0F82E
S31508004580C40000F4001038B1D4F89C0040F4007060
S31508004590C4F89C000120EFE72068D0F8C400C0F3F7
S315080045A004452B463A4631462046FDF713F90120C5
S315080045B0A8402168C1F8D0000120A840C4F894009A
S315080045C00020D9E7D4F89C0040F00800C4F89C0005
S315080045D00120D1E7704710B5034601B900E000BFD6
S315080045E093F89800012824D151B91868D0F8F0003A
S315080045F020F07C5040EA02601C68C4F8F00016E01F
S3150800460001290AD11868D0F8A00020F0FE4040EA37
S3150800461002601C68C4F8A00009E01868D0F8B00069
S3150800462020F0FE4040EA02601C68C4F8B000002092
S3150800463010BDD3F89C0040F00400C3F89C0001208C
S31508004640F6E7F0B5024692F89860012E01D0022EE0
S3150800465043D1C868072800D100BF086818BBC868D6
S31508004660072800D000BFC86807280BD1088A4FF072
S31508004670605747EA0040CF6940EA07208F6940EA59
S3150800468007040AE0087A80070F7B40EAC7600F8AAA
S3150800469040EA07404F6940EA0704D76E486807EBC7
S315080046A080031C6017E0C868072800D000BF0F7B8E
S315080046B0086940EA4774C868072801D18D6903E08C
S315080046C00F7A486940EA8775176F486807EBC00391
S315080046D01C601B1D1D600020F0BDD2F89C0040F038
S315080046E00200C2F89C000120F6E7704770470000F8
S315080046F02DE9F04304460D469C46002394F898801D
S31508004700B8F1020F74D1402D38D12068D0F8A00036
S3150800471000F4FE0040B9D4F89C0040F02000C4F82C
S315080047209C000120BDE8F0832068D0F8A40000F0C2
S315080047307F0038B9D4F89C0040F48070C4F89C0017
S315080047400120EFE72068D0F8A400C0F3006040B16C
S315080047502068D0F8A0004FF00109B9EBD07F00D14E
S3150800476001232068D0F8A400C0F305200344606C38
S315080047705843D4F8749009EB80014BE0412D38D1A9
S315080047802068D0F8B00000F4FE0038B9D4F89C00D0
S3150800479040F02000C4F89C000120C3E72068D0F848
S315080047A0B40000F07F0038B9D4F89C0040F480705B
S315080047B0C4F89C000120B5E72068D0F8B400C0F31F
S315080047C0006040B12068D0F8B0004FF00109B9EB9D
S315080047D0D07F00D101232068D0F8B400C0F30520AB
S315080047E00344E06C5843D4F8789009EB800111E053
S315080047F06DE0206DA84207D8D4F89C0040F0200050
S31508004800C4F89C0001208DE7606D6843D4F87C905D
S3150800481009EB8001086800F080405060506820B9B4
S315080048200868C0F38A40106003E0086820F060401A
S315080048301060086800F000509060086800F00040BA
S315080048401061091D088880B2D0610868C0F303406A
S31508004850D060086800F480105061086800F4001001
S3150800486090610868C0F3066010620868C00F50625D
S31508004870091D0F46002603E0B85D0CF80600761CF5
S31508004880DFF85C90D06819F80000B042F4D8402DE3
S3150800489003D12068C0F8A83017E0412D03D120685D
S315080048A0C0F8B83011E0202D06D20120A840D4F86F
S315080048B00090C9F8980008E005F01F09012000FAE1
S315080048C009F0D4F80090C9F89C0000202AE7D4F82B
S315080048D09C0040F00800C4F89C00012022E7000074
S315080048E01C520108704700002DE9F04F8DB00446B0
S315080048F0EF4800688707EE48001D006807EA8077DA
S315080049002068006D00F470482068406D00EA0808C9
S315080049102068006D00F00F092068406D00EA09095B
S315080049202068006D00F0F00A2068406D00EA0A0A67
S315080049302068006D00F0715B2068406D00EA0B0B83
S315080049402068006D00F060700C902068406D0C992E
S3150800495008400C902068456D2068066DC5F3002058
S3150800496070B1C6F3002058B100BF4FF480702168BB
S3150800497008650020CE49086000BF2046FFF7B2FF51
S31508004980C5F38020C8B1C6F38020B0B12068D0F83E
S31508004990DC000A902068D0F8E4000A9908400A90DA
S315080049A000BF4FF48060216808650020C049086090
S315080049B000BF20460A9900F04EFC67B100BFBD480B
S315080049C0384021680865B80FB949086000BF3946FC
S315080049D02046FFF7FFFDB8F1000F0ED000BFB5481F
S315080049E008EA0000216808654FEA9870B04908602F
S315080049F000BF4146204600F030FCB9F1000F0ED04A
S31508004A0000BFAC4809EA0000216808654FEA9970BA
S31508004A10A749086000BF4946204600F0DFFBBAF107
S31508004A20000F0ED000BFA3480AEA000021680865F7
S31508004A304FEA9A709E49086000BF5146204600F02A
S31508004A40E9FBC5F3C02070B1C6F3C02058B100BF5A
S31508004A504FF400602168086500209549086000BF8A
S31508004A60204600F0FBFBC5F34020C8B1C6F3402042
S31508004A70B0B12068D0F8D8000B902068D0F8E000D4
S31508004A800B9908400B9000BF4FF400702168086529
S31508004A9000208749086000BF20460B9900F0DCFB20
S31508004AA0C5F3C04070B1C6F3C04058B100BF4FF45B
S31508004AB000202168086500207D49086000BF20465F
S31508004AC000F08AFBC5F3004070B1C6F3004058B148
S31508004AD000BF4FF4803021680865002074490860DB
S31508004AE000BF204600F0B6FBC5F3804070B1C6F3A0
S31508004AF0804058B100BF4FF4802021680865002027
S31508004B006B49086000BF204600F0A3FBC5F3404090
S31508004B1088B1C6F3404070B100BF4FF40030216839
S31508004B20086500206249086000BFD4F89C0040F080
S31508004B308000C4F89C000C9870B100BF5D490C98C1
S31508004B400840216808650C98800F5949086000BF1D
S31508004B5020460C99FFF7CAFDBBF1000F10D000BF25
S31508004B6054480BEA0000216808654FEA9B705049D3
S31508004B70086000BFD4F89C0040EA0B00C4F89C000B
S31508004B804D49206888427DD16068806800F003003E
S31508004B90002877D06068006A00F00F000990606806
S31508004BA0406A0999084009906068006A00F0300078
S31508004BB008906068406A0899084008906068006A2A
S31508004BC000F4C07007906068406A0799084007902B
S31508004BD06068006A00F4FC4006906068406A0699BE
S31508004BE0084006906068006A00F4F0200590606846
S31508004BF0406A0599084005906068406A02906068B6
S31508004C00006A0190099830B10998616808622046DF
S31508004C10099900F01BFB089830B10898616808628A
S31508004C202046089900F014FB0298C0F38010A0B142
S31508004C300198C0F3801080B16068C06B000C0490C6
S31508004C406068C06B00F03F0003904020616808620E
S31508004C502046DDE9032100F0FAFA079830B10798F3
S31508004C60616808622046079900F0EFFA069840B195
S31508004C70069861680862D4F89C0006990843C4F847
S31508004C809C0000E00AE0059840B105986168086252
S31508004C90D4F89C0005990843C4F89C00D4F89C00F5
S31508004CA010B12046FFF721FD0DB0BDE8F08F0000DA
S31508004CB010A80040FFFFCF3F00A0004070B594B099
S31508004CC004464C22B34901A8FBF7ADFB14B90120F1
S31508004CD014B070BDB0492068884203D1206800F539
S31508004CE080706060A068B0F5407F00D100BF206C7E
S31508004CF000B100BFA06C00B100BF206D00B100BFBD
S31508004D00206E00B100BFD4E91710084400B100BFF7
S31508004D1094F8980028B9002084F89900204600F0F5
S31508004D203DF92068806920F010002168886100F04C
S31508004D304BFC05460EE000F047FC401B0A2809D943
S31508004D409834606840F001006060032004F8980910
S31508004D500120BDE72068806900F008000828EAD02D
S31508004D602068806940F001002168886100F02CFC09
S31508004D7005460EE000F028FC401B0A2809D998349D
S31508004D80606840F001006060032004F8980901207B
S31508004D909EE72068806900F001000028EAD02068B4
S31508004DA0806940F0020021688861207C012806D1CC
S31508004DB02068806920F040002168886105E0206845
S31508004DC0806940F0400021688861607C012806D12E
S31508004DD02068806940F480402168886105E0206881
S31508004DE0806920F4804021688861A07C012806D16A
S31508004DF02068806920F480502168886105E0206871
S31508004E00806940F48050216888612068806920F4B0
S31508004E104070A1680843216888612068806920F08D
S31508004E20A400216888612068006920F010002168C4
S31508004E300861E068012806D12068806940F004000E
S31508004E402168886120E0E068F0B1E068022815D0A2
S31508004E502068806940F080002168886120680069C0
S31508004E6040F0100021680861E06803280CD120682A
S31508004E70806940F020002168886105E02068806923
S31508004E8040F0200021688861207E401E4106E069C6
S31508004E90401E41EA0020216A491E0843A18A491E8C
S31508004EA040EA01402168C861A068B0F5407F0FD18B
S31508004EB0A06A401EE16A491E40EA0121206B401E95
S31508004EC041EA0011A08C401E41EA00402168C860F2
S31508004ED0206E38B12068D0F8C000616E084321689A
S31508004EE0C1F8C000D4E91710084460B12068D0F8AA
S31508004EF0C80020F0070001AAA16E52F82110084345
S31508004F002168C1F8C800206C60B12068D0F8BC00E0
S31508004F1020F0070001AA616C52F8211008432168A5
S31508004F20C1F8BC00A06C68B12068D0F8BC0020F0BD
S31508004F30700101AAE06C52F8200041EA00102168CD
S31508004F40C1F8BC00206D68B12068D0F8BC0020F418
S31508004F50E06101AA606D52F8200041EA002021684C
S31508004F60C1F8BC000C492068884205D16068806891
S31508004F7020F0030061688860002044F8940FA06060
S31508004F8001202071943C2046FCF714FB0646304667
S31508004F909EE600002C52010800A0004010B5B6B0ED
S31508004FA00446142130A8FBF757FAB82102A8FBF7E4
S31508004FB053FA82492068884251D14FF400410020B3
S31508004FC0CDE9021048031D9002A802F085FF08B13A
S31508004FD0FCF7BDFA7A480068401C7949086008461B
S31508004FE0006801280DD100BF7648006840F480703B
S31508004FF0744908600846006800F48070019000BF94
S3150800500000BF00BF6F480C38006840F008006D49C3
S315080050100C3908600846006800F00800019000BFD7
S3150800502000BF032030900220319000203290339048
S315080050300920349030A9644800F0C8F900220521F7
S31508005040132000F079FB132000F062FB00220521F3
S31508005050152000F071FB152000F05AFBABE05B4908
S315080050602068884251D14FF400410020CDE9021052
S3150800507048031D9002A802F02FFF08B1FCF767FA53
S315080050804F480068401C4E490860084600680128D9
S315080050900DD100BF4B48006840F48070494908604C
S315080050A00846006800F48070019000BF00BF00BF8A
S315080050B044480C38006840F0020042490C39086040
S315080050C00846006800F00200019000BF00BF60209B
S315080050D0309002203190002032903390092034908D
S315080050E030A93B4800F072F900220521142000F08F
S315080050F023FB142000F00CFB00220521162000F0EB
S315080051001BFB162000F004FB55E032492068884254
S3150800511051D14FF400410020CDE9021048031D90FB
S3150800512002A802F0D9FE08B1FCF711FA2448006873
S31508005130401C234908600846006801280DD100BFB5
S315080051402048006840F480701E49086008460068D8
S3150800515000F48070019000BF00BF00BF19480C38EA
S31508005160006840F0080017490C39086008460068CE
S3150800517000F00800019000BF00BF4FF44050309087
S31508005180022031900020329033900520349030A9C7
S315080051900D4800F01BF9002205219F2000F0CCFAEB
S315080051A09F2000F0B5FA00220521A02000F0C4FADD
S315080051B0A02000F0ADFA36B010BD000000A00040F7
S315080051C0A8000024EC440258000C025800A4004031
S315080051D00004025800D400407047000070B5044629
S315080051E00D4605F0010070B10748844201D10DF063
S315080051F093FD0648844201D10DF098FD0448844287
S3150800520001D10DF09DFD70BDDC0A00247C0B002445
S315080052101C0C00247047014691F8980001280CD10F
S31508005220022081F898000868806920F001000A6861
S3150800523090610020C1F89C007047D1F89C0040F0AE
S315080052400400C1F89C000120F6E7704770477047D4
S31508005250704770477047704770477047704700003F
S31508005260F0B50C4600214E4B93E001268E4006EA27
S315080052700402002A7ED04B4E8F0856F827508E0718
S31508005280370F0F26BE403540474EB04201D10026A3
S3150800529028E0464EB04201D1012623E0444EB042F2
S315080052A001D102261EE0434EB04201D1032619E081
S315080052B0414EB04201D1042614E0404EB04201D11D
S315080052C005260FE03E4EB04201D106260AE03D4EC5
S315080052D0B04201D1072605E03B4EB04201D109266E
S315080052E000E00A268F073F0FBE40AE421FD11E6858
S315080052F096431E605E6896435E604FF0B0467668D9
S3150800530096434FF0B0477E603E46366896433E6009
S315080053108E07370F0F2606FA07F5224E8F0856F81E
S315080053202760AE431F4F4FEA910C47F82C6006687A
S315080053304FEA410C032707FA0CF73E430660CF08ED
S3150800534000F1200656F827604F074FEAD76C0F275B
S3150800535007FA0CF7BE434FEAD10C00F1200747F8CD
S315080053602C60C6684FEA410C032707FA0CF7BE43C0
S31508005370C66000E00CE0476801268E40B7434760E8
S3150800538086684FEA410C032707FA0CF7BE43866086
S31508005390491C24FA01F6002E7FF467AFF0BD000021
S315080053A080000058080400580000025800040258FB
S315080053B000080258000C025800100258001402583F
S315080053C000180258001C025800240258F8B5024674
S315080053D00B4600216D4DD2E001278F401E6806EA74
S315080053E00704002C72D01E7906F00306012E04D09D
S315080053F01E7906F00306022E13D190684F00032685
S31508005400BE40B0434F00DE68BE40304390605068EF
S3150800541001268E40B0431E79C6F300168E403043EF
S3150800542050601E7906F00306032E09D0D0684F0097
S315080054300326BE40B0434F009E68BE403043D0604E
S315080054401E7906F00306022E13D1CF0802F12006B4
S3150800545056F827004E07F70E0F26BE40B0434F07F3
S31508005460FF0E1E69BE403043CF0802F1200646F8FB
S31508005470270010684F000326BE40B0431E7906F089
S3150800548003064F00BE40304310605E6806F440369F
S31508005490002E73D000BF3E4E366846F002063C4FDB
S315080054A03E603E46366806F00206009600BF00BF1C
S315080054B0384E8F0856F827008E07370F0F26BE403E
S315080054C0B043354EB24202D1002629E056E0334EAB
S315080054D0B24201D1012623E0314EB24201D1022661
S315080054E01EE0304EB24201D1032619E02E4EB242DA
S315080054F001D1042614E02D4EB24201D105260FE053
S315080055002B4EB24201D106260AE02A4EB24201D1FA
S31508005510072605E0284EB24201D1092600E00A26F0
S315080055208F073F0FBE4030431A4E8F0846F82700B4
S315080055304FF0B0463068A0435E6806F4801606B1A0
S3150800554020434FF0B04630607068A0435E6806F4AA
S31508005550001606B120434FF0B04670606868A04355
S315080055605E6806F4003606B1204368602868A043E2
S315080055705E6806F4803606B120432860491C1E681A
S31508005580CE40002E7FF428AFF8BD000080000058FA
S31508005590F44402580804005800000258000402584F
S315080055A000080258000C025800100258001402584D
S315080055B000180258001C0258002402580AB18161DA
S315080055C001E00B04836170470148006870470000DA
S315080055D0D0000024034800680349097808440149B3
S315080055E008607047D0000024D800002410B50320B6
S315080055F000F0E0F803F0E4FC10490968C1F3032160
S315080056000F4A515C01F01F0120FA01F40B480068AB
S3150800561000F00F001146085C00F01F0024FA00F0A5
S3150800562008490860084804600F2000F00FF808B120
S31508005630012010BD00F054F80020FAE7184402587B
S3150800564004520108CC000024C800002470B58AB0B2
S315080056500446102C0AD200222146A12000F06CF83C
S31508005660A12000F055F81948046002E001200AB0AC
S3150800567070BD00BF1648006840F080701449086085
S315080056800846006800F08070009000BF00BF01A9BE
S3150800569002A803F015FC03F081FC45000D48B5FB94
S315080056A0F0F0461E0C480D49086040F2E7310B48F9
S315080056B0C160466000210161816004F0FDFE18B9F1
S315080056C0064804F053FFD2E70120D0E7D4000024AF
S315080056D0EC44025840420F0000E000402028002415
S315080056E008B500BF0948006840F00200074908608D
S315080056F00846006800F00200009000BF00BF0022C4
S315080057000F21901E00F018F808BD0000F444025856
S315080057100146084600280DDB00BF00BF00F01F0346
S3150800572001229A4043099B0003F1E023C3F80021B4
S3150800573000BF00BF00BF70472DE9F05F80460D46E9
S3150800574016460CF013FB074639462A46334601F03F
S315080057500700C0F1070ABAF1040F02D94FF0040A8C
S3150800576001E0C0F1070AD14600F1040ABAF1070FB1
S3150800577002D24FF0000A01E0A0F1030AD4464FF026
S31508005780010A0AFA09FAAAF1010A0AEA020A0AFA4F
S315080057900CFA4FF0010B0BFA0CFBABF1010B0BEA01
S315080057A0030B4AEA0B04214640460CF0E7FABDE82B
S315080057B0F09F000000BF00F00702064B19684FF67D
S315080057C0FF031940044B0B4343EA0221014B1960BE
S315080057D000BF70470CED00E00000FA052DE9F04F18
S315080057E08DB081460C4693464FF0000AD046FE49D6
S315080057F0D9F80000884202D10026012501E00126D9
S315080058000025002710E007EB470201AB03EBC201B6
S315080058107A1CD0B207F054FB20B14FF0010A0820D9
S31508005820C9F85400781CC7B2022FECD3BAF1000F9E
S315080058307ED1ED48006800F0010038B1EA480068FA
S3150800584020F00100E849086048F00108E7480068C8
S3150800585000F0010038B1E548006820F00100E3498E
S31508005860086048F00208E24806EB460101AA02EB86
S31508005870C1018968491E50F8210020F48072DC486D
S3150800588006EB460101AB03EBC1018968491E40F8E6
S315080058902120001F006800F0010000287FD0D448AE
S315080058A0001F006820F00100D149091F0860012D7A
S315080058B073D1081D05EB450101AA52F83110491E9E
S315080058C050F8210040F00202C94805EB450153F89B
S315080058D03110491E40F8212005EB450001A901EBCE
S315080058E0C0004068A0B1C24805EB450101AA02EB19
S315080058F0C1014968491E50F8210040F02002BC4801
S3150800590005EB450103EBC1014968491E40F8212012
S3150800591005EB450001A901EBC000C068D8B1B44841
S3150800592005EB450101AA02EBC101097B491E00E00E
S31508005930C9E201F0010150F8210040F48022AC4888
S3150800594005EB450101AB03EBC101097B491E01F0DB
S31508005950010140F8212005EB450001A901EBC00033
S315080059600069002819D0A24805EB450101AA02EBF7
S31508005970C101097C491E01F0010150F8210040F0DF
S3150800598080629B4805EB450101AB03EBC101097C2D
S31508005990491E01F0010140F8212079E0FFE706EBF6
S315080059A0460001A951F83000002871D0904806EB4E
S315080059B0460101AA52F83110491E50F8210020F07C
S315080059C001028B4806EB460101AB53F83110491E1C
S315080059D040F8212006EB460001A901EBC00040680B
S315080059E0A0B1834806EB460101AA02EBC10149684A
S315080059F0491E50F8210020F010027D4806EB4601AA
S31508005A0003EBC1014968491E40F8212006EB460010
S31508005A1001A901EBC000C068C8B1754806EB46018C
S31508005A2001AA02EBC101097B491E01F0010150F8E8
S31508005A30210020F480326E4806EB460101AB03EBE9
S31508005A40C101097B491E01F0010140F8212006EB3E
S31508005A50460001A901EBC0000069C8B1644806EB1D
S31508005A60460101AA02EBC101097C491E01F00101A8
S31508005A7050F8210020F080725D4806EB460101AB24
S31508005A8003EBC101097C491E01F0010140F8212000
S31508005A9005EB450101AA52F831102068884222D048
S31508005AA005EB450102EBC101A068896888421AD056
S31508005AB005EB450102EBC10160684968884201D1DE
S31508005AC0606880B905EB450101AA02EBC101E068EF
S31508005AD0C968884207D005EB450102EBC101206978
S31508005AE00969884227D105EB450101AA52F8311008
S31508005AF02068884220D105EB450102EBC1016068A8
S31508005B004968884218D105EB450102EBC101E068F6
S31508005B10C968884210D105EB450102EBC10120692D
S31508005B200969884208D13248001F006840F0010020
S31508005B302F49091F08608DE02D4805EB450101AA8C
S31508005B4052F83110491E50F8210020F00102284869
S31508005B5005EB450101AB53F83110491E40F82120E9
S31508005B6005EB450001A901EBC0004068A0B120483B
S31508005B7005EB450101AA02EBC1014968491E50F827
S31508005B80210020F010021A4805EB450103EBC1017C
S31508005B904968491E40F82120154805EB450101AA28
S31508005BA002EBC1018968491E50F8210020F4807271
S31508005BB00F4805EB450101AB03EBC1018968491E96
S31508005BC040F8212005EB450001A901EBC000C0689B
S31508005BD0F8B1074805EB450101AA02EBC101097BAB
S31508005BE0491E01F0010105E00050005200A00052D4
S31508005BF004B4005250F8210020F48032B44805EB72
S31508005C00450103EBC101097B491E01F0010140F87A
S31508005C10212005EB450001A901EBC0000069C8B1C8
S31508005C20AB4805EB450101AA02EBC101097C491EF7
S31508005C3001F0010150F8210020F08072A44805EB1C
S31508005C40450101AB03EBC101097C491E01F00101C5
S31508005C5040F821209E48A168491E50F8210020F4EA
S31508005C6040714FF4807040EA462001439848A26884
S31508005C70521E40F822106069401E9549091F09689E
S31508005C80C1F3074188420BD99148001F006820F4E8
S31508005C907F01A08A401E41EA00408D49091F08601D
S31508005CA08B48001F006800F00100002875D088485E
S31508005CB02168491E50F8210020F00300401C844941
S31508005CC02268521E41F82200606868B10846616879
S31508005CD0491E50F8210020F0300040F010027C48A0
S31508005CE06168491E40F82120E06800F4803090B1D0
S31508005CF07748217B491E01F0010150F8210020F464
S31508005D00E02040F480327248217B491E01F00101EF
S31508005D1040F8212013E0E06888B16D48217B491ED0
S31508005D2001F0010150F8210020F0E06040F0807297
S31508005D306748217B491E01F0010140F821202069AE
S31508005D4000F4803090B16248217C491E01F00101BF
S31508005D5050F8210020F4E02040F440325C48217CD1
S31508005D60491E01F0010140F821209AE02069002827
S31508005D7011D05748217C491E01F0010150F8210035
S31508005D8020F0E06040F040725148217C491E01F045
S31508005D90010140F8212084E0FFE74D482168491EAB
S31508005DA050F8210020F00301012040EA4600014393
S31508005DB047482268521E40F82210606878B1444865
S31508005DC06168491E50F8210020F03000102141EA90
S31508005DD0461108433E496268521E41F82200E068AF
S31508005DE000F48030A8B13A48217B491E01F0010130
S31508005DF050F8210020F4E0204FF4803141EA864132
S31508005E0008433349227B521E02F0010241F8220060
S31508005E1016E0E068A0B12E48217B491E01F0010179
S31508005E2050F8210020F0E0604FF0807141EA866169
S31508005E3008432749227B521E02F0010241F822003C
S31508005E40206900F48030A8B12148217C491E01F060
S31508005E50010150F8210020F4E0204FF4403141EAD6
S31508005E60864108431A49227C521E02F0010241F873
S31508005E70220016E02069A0B11548217C491E01F0D0
S31508005E80010150F8210020F0E0604FF0407141EA2E
S31508005E90866108430E49227C521E02F0010241F82F
S31508005EA0220008F0010028B10A48006840F0010005
S31508005EB00849086008F0020028B10748006840F061
S31508005EC001000549086050460DB0BDE8F08F000096
S31508005ED004B400520050005200A0005270B50446A7
S31508005EE000250CB9012510E02068006820F00100A3
S31508005EF0216808602068806820F0020021688860B0
S31508005F00204600F08DF800202065284670BD000068
S31508005F10F8B504460025FFF757FB06460CB90125D8
S31508005F207AE000206065206D002875D1204600F0D3
S31508005F30A7F841F28831204600F074F9208A401EFD
S31508005F40E16841EA00416069401E41EA0020616B50
S31508005F500843E169084321688968304A11400843C3
S31508005F60216888602068C06820F4E020216A084318
S31508005F702168C860208EA16B41EA0040216808614B
S31508005F802168E06B48612068006820F4F851606871
S31508005F90401E41EA002021680860A06D33460022B1
S31508005FA020210090204606F0FFFF05468DBB20689D
S31508005FB0C06820F0FF00616A491E08432168C8606E
S31508005FC02068006820F04000A1680843216808603E
S31508005FD0D4E90A0108432168D1F8081121F0A04143
S31508005FE008432168C1F808012068006840F00100EC
S31508005FF021680860A069022805D12068806840F0F9
S31508006000020021688860E068B0F1806F02D1012043
S31508006010206501E0022020652846F8BDF4F8E0F87E
S3150800602010B504461049206888421CD10F480068FC
S3150800603020F400100D4908600846006820F4002086
S3150800604008600A210A48FFF70BF905210948FFF7F6
S3150800605007F94FF400610848FFF702F94FF40061A9
S315080060600648FFF7FDF810BD00A00052D4440258B8
S31508006070000002580004025800100258000C02588A
S3150800608010B5B6B00446142130A8FAF7E5F9B821D8
S3150800609002A8FAF7E1F95D49206888427ED14FF0F7
S315080060A000710020CDE90210159002A801F014FF36
S315080060B008B1FBF74CFA00BF5548006840F40010D9
S315080060C0534908600846006800F40010019000BFB4
S315080060D000BF00BF0846006840F400200860084674
S315080060E0006800F40020019000BF00BF00BF4848C8
S315080060F00C30006840F0010045490C31086008463C
S31508006100006800F00100019000BF00BF00BF08460C
S31508006110006840F0020008600846006800F00200C7
S31508006120019000BF00BF00BF0846006840F010009D
S3150800613008600846006800F01000019000BF00BF24
S3150800614000BF0846006840F0080008600846006876
S3150800615000F00800019000BF00BF02203090319087
S3150800616000203290032033900920349030A9294822
S31508006170FFF72CF908203090022031900020329049
S31508006180032033900620349030A92248FFF71EF9E1
S315080061900120309002203190002000E034E0329057
S315080061A0032033900420349030A91B48FFF70EF9DA
S315080061B00420309002203190002032900320339042
S315080061C00920349030A91448FFF700F94FF400600D
S315080061D030900220319000203290032033900B201B
S315080061E0349030A90D48FFF7F1F84FF4006030906D
S315080061F002203190002032900320339009203490F9
S3150800620030A90748FFF7E2F836B010BD00A00052E3
S31508006210D4440258000002580004025800100258DC
S31508006220000C0258024691650020704701460A682C
S315080062300120C1F8D804002081F8CC04906940F008
S3150800624000609061506D024B1843506500207047FE
S31508006250030000107047024610684162002070472C
S31508006260F0B5034615461868446A21B944EA05405C
S315080062701E68B06219E01868806A04EB10440022B0
S3150800628008E0186800F5827050F8220004EB104404
S31508006290501CC2B2481E9042F3D844EA0547186813
S315080062A000F582704E1E40F826700020F0BD10B52D
S315080062B00446D4F8E00409F0B7FF10BD70B50446EB
S315080062C00D4605EBC50304F1140101EB8301CA6809
S315080062D02946D4F8E00409F0A2FE70BD70B504465C
S315080062E00D4605EBC50304F5157101EB8301CA6874
S315080062F02946D4F8E00409F016FF70BD10B5044627
S31508006300D4F8E00409F093FF10BD2DE9F0410446E6
S315080063100D4605F08000802808D105F00F0000EB37
S31508006320C00104F1140000EB810607E005F00F0038
S3150800633000EBC00104F5157000EB810631462068B4
S315080063400BF0CAF907463846BDE8F08170B5044631
S315080063500E4606F0800080280AD106F00F0000EBF2
S31508006360C00104F1140000EB81050120687009E002
S3150800637006F00F0000EBC00104F5157000EB81056F
S315080063800020687006F00F00287000BF94F8940487
S31508006390012801D1022070BD012084F8940400BFB1
S315080063A0294620680AF02AFD00BF002084F89404D4
S315080063B000BF00BFEFE770B504460E4606F00F00B3
S315080063C02179884201D9012070BD06F08000802815
S315080063D00AD106F00F0000EBC00104F1140000EB2F
S315080063E081050120687009E006F00F0000EBC00186
S315080063F004F5157000EB8105002068700020A87070
S3150800640006F00F00287000BF94F89404012801D103
S315080064100220D9E7012084F8940400BF29462068A1
S315080064200AF0E6FE00BF002084F8940400BF00BF0F
S31508006430CAE7024601F00F0000EBC00302F515702B
S3150800644000EB8300406970472DE9F04705460E4684
S3150800645090461F464FF0000906F0800080280AD1B2
S3150800646006F00F0000EBC00105F1140000EB8104F3
S315080064700120607009E006F00F0000EBC00105F589
S31508006480157000EB81040020607006F00F00207084
S31508006490C8F30A00A0602771607808B12078608385
S315080064A0022F01D10020607100BF95F894040128DD
S315080064B002D10220BDE8F087012085F8940400BFC8
S315080064C0214628680AF0A4FB00BF002085F894043A
S315080064D000BF4846EEE72DE9F04105460E46174649
S315080064E0984606F00F0000EBC00105F5157000EBA5
S315080064F08104E760C4F8108000206061607006F0CF
S315080065000F002070A879012800D1E761AA792146F1
S3150800651028680AF001FF0020BDE8F08170B504463E
S315080065200D4605F00F002179884201D9012070BD7A
S3150800653005F0800080280AD105F00F0000EBC001A5
S3150800654004F1140000EB81060120707007E005EBEA
S31508006550C50104F5157000EB810600207070012056
S31508006560B07005F00F00307000BF94F8940401284D
S3150800657001D10220DBE7012084F8940400BF3146EC
S3150800658020680AF07CFE05F00F0028B9A17904F20C
S315080065909C4220680AF0F4FD00BF002084F89404A9
S315080065A000BF00BFC3E72DE9F04105460E46174672
S315080065B0984606F00F0000EBC00105F1140000EB49
S315080065C08104E760C4F810800020606101206070D3
S315080065D006F00F002070A879012800D1E761AA7992
S315080065E0214628680AF098FE0020BDE8F0812DE9CA
S315080065F0FE4F0446D4F800B05E4620680BF04EF90C
S31508006600002874D120680BF088F908B9BDE8FE8F18
S3150800661040F608008059C0F30D20C4F8D404206859
S315080066200BF07BF900F00200022805D120684069CA
S3150800663000F002002168486120680BF06EF900F04E
S315080066401000102845D12068806920F010002168C4
S315080066508861DBF8209009F00F0000EBC00104F513
S31508006660157000EB810AC9F3434002281AD147F690
S31508006670F07009EA000030B3C9F30A125846DAF88E
S315080066800C100BF04FF9C9F30A11DAF80C0008449C
S31508006690CAF80C00C9F30A11DAF814000844CAF853
S315080066A0140010E0C9F3434006280CD1082204F26E
S315080066B09C4158460BF036F9C9F30A11DAF814006A
S315080066C00844CAF814002068806940F01000216860
S315080066D0886120680BF021F900F40020B0F5002F3E
S315080066E07BD1002520680BF0E8F8029072E003E3FE
S315080066F0029800F00100002868D0E9B220680BF083
S31508006700FFF8804608F0010048B1012106F530601F
S3150800671000EB451081602946204606F0A5FC08F0E6
S315080067200800082809D1082106F5306000EB451055
S3150800673081602946204606F065FC08F010001028FE
S3150800674005D1102106F5306000EB4510816008F090
S315080067500200022824D1DBF8140000F0800080280B
S3150800676007D140F60400805940F4806140F60400E1
S31508006770815105EBC50104F5157000EB810A9AF8FD
S315080067800300012806D100208AF80300E9B2204652
S3150800679000F0BDFA022106F5306000EB4510816075
S315080067A008F02000202805D1202106F5306000EBEE
S315080067B04510816008F40050B0F5005F06D14FF42B
S315080067C0005106F5306000EB451081606D1C02989B
S315080067D040080290029800288AD120680BF09DF89C
S315080067E000F48020B0F5802F7DD120680BF05BF88F
S315080067F0029000259AE0029800F00100002873D064
S31508006800E9B220680BF063F8804608F00100F0B39F
S3150800681005F00F0101208840019040F634008159A7
S31508006820019821EA000040F634018851012106F555
S31508006830106000EB45108160A079012824D105EB92
S31508006840C50104F1140000EB810005EBC502C1681F
S3150800685004F1140000EB82008068014405EBC502D0
S3150800686004F1140000EB8200C1606DB905EBC501A7
S3150800687004F1140000EB8100006928B904F29C4277
S31508006880012120680AF07CFCE9B2204600E001E01C
S31508006890FFF714FD08F00800082805D1082106F5B9
S315080068A0106000EB4510816008F01000102805D133
S315080068B0102106F5106000EB4510816008F04000D5
S315080068C0402805D1402106F5106000EB451081608F
S315080068D008F0020002281DD1294658460AF0A1FFF1
S315080068E005EBC50101E025E01CE004F1140000EB0E
S315080068F0810A9AF80300012806D100208AF80300C5
S31508006900E9B2204600F0FAF9022106F5106000EB1C
S315080069104510816008F08000802803D1294620466A
S3150800692006F044FC6D1C0298400802900298002864
S315080069307FF461AF20680AF0F0FF00F00040B0F184
S31508006940004F1CD140F60400805920F0010140F6A2
S315080069500400815194F8CC04012807D1002084F85A
S31508006960CC0400212046FFF775FC02E0204600F023
S31508006970D7FA2068406900F000402168486120681D
S315080069800AF0CBFF00F40060B0F5006F0ED140F6B8
S315080069900800805900F0010010B1204600F018FBED
S315080069A02068406900F400602168486120680AF0A0
S315080069B0B4FF00F00060B0F1006F19D1206840699B
S315080069C000F000602168486194F8CC0468B9012099
S315080069D084F8CC042068406DC0F38300C4F8D00462
S315080069E001212046FFF736FC02E0204600F0F0FAC7
S315080069F020680AF092FF00F48050B0F5805F7ED1DF
S31508006A0040F60400805920F0010140F60400815147
S31508006A10102120680AF005FF002732E04FF67F3183
S31508006A2006F5106000EB4710816006F5106000EB74
S31508006A304710006820F4001106F5106000EB4710B7
S31508006A4001604FF67F3106F5306000EB4710816034
S31508006A5006F5306000EB4710006820F4001106F5D3
S31508006A60306000EB4710016006F5306000EB471018
S31508006A70006840F0006106F5306000EB47100160E1
S31508006A807F1C2079B842C9D840F61C00805940F0CE
S31508006A90011140F61C008151E07B70B1D6F88408DC
S31508006AA040F00B01C6F8841840F64400805940F0BF
S31508006AB00B0140F6440081510FE040F6140080595E
S31508006AC042F22B01084340F614018851081F8059E9
S31508006AD040F00B014FF401608151D6F8000820F40C
S31508006AE0FE60C6F80008A17904F29C4220680AF004
S31508006AF047FB2068406900F48050216800E000E008
S31508006B00486120680AF009FF00F40050B0F5005FFC
S31508006B1017D120680AF0E4F820680AF0ACFEE071A4
S31508006B2002F004FA0090E279206800990AF07CFFE6
S31508006B30204600F0DDF92068406900F4005021681D
S31508006B40486120680AF0E9FE00F00800082808D124
S31508006B50204600F0ECF92068406900F0080021683A
S31508006B60486120680AF0D9FE00F08000802818D114
S31508006B70DBF8180020F08000CBF8180001250DE09E
S31508006B8005EBC50104F5157000EB8100C0780128F6
S31508006B9003D1E9B22046FFF7B8FB6D1C2079A8425D
S31508006BA0EED820680AF0B9FE00F48010B0F5801F10
S31508006BB02DD1012522E006F5106000EB4510D0F82E
S31508006BC0009005EBC50104F1140000EB8100007983
S31508006BD0012812D109F00040B0F1004F0DD1012172
S31508006BE005EBC50204F1140000EB8200C170E8B29F
S31508006BF040F080012046FFF788FB6D1C2079A842EB
S31508006C00D9D82068406900F4801021684861206856
S31508006C100AF083FE00F40010B0F5001F44D10125E8
S31508006C2038E006F5306000EB4510D0F8009005EB2B
S31508006C30C50104F5157000EB81000079012828D1FB
S31508006C4009F00040B0F1004F23D194F8D40400F0C5
S31508006C500100C9F3004188421BD1012105EBC50299
S31508006C6004F5157000EB8200C170DBF8180040F0DF
S31508006C708000CBF81800DBF8140000F0800040B95B
S31508006C8040F60400805940F4007140F60400815132
S31508006C9003E06D1C2079A842C3D800BF206840696C
S31508006CA000F400102168486120680AF036FE00F0FA
S31508006CB08040B0F1804F08D12046FFF7F8FA2068E7
S31508006CC0406900F080402168486120680AF025FE86
S31508006CD000F0040004280FD12068D0F8049009F0C9
S31508006CE00400042802D12046FFF708FB2068406804
S31508006CF040EA09002168486000BF87E470B5044689
S31508006D000D462946D4F8E00409F002FB70BD70B5BB
S31508006D1004460D462946D4F8E00409F01DFB70BD6B
S31508006D2038B504460CB9012038BD94F8950428B93D
S31508006D30002084F89404204600F0A2F8032084F882
S31508006D40950420680AF014FA207C8DF8000094E86F
S31508006D500F0009F0D9FF20B1022084F8950401201C
S31508006D60E2E7002120680AF00DFE20B1022084F82F
S31508006D7095040120D8E7002531E0012105EBC5027D
S31508006D8004F1140000EB8200417005EBC50104F123
S31508006D90140000F8215005EBC50100EB810045837E
S31508006DA0002105EBC50204F1140000EB8200017115
S31508006DB005EBC50204F1140000EB8200816005EBC7
S31508006DC0C50204F1140000EB8200C16005EBC502A0
S31508006DD004F1140000EB82000161681CC5B2207939
S31508006DE0A842CADC00252AE0002105EBC50204F505
S31508006DF0157000EB8200417005EBC50104F51570AE
S31508006E0000F82150002105EBC50200EB8200017154
S31508006E1005EBC50204F5157000EB8200816005EBF1
S31508006E20C50204F5157000EB8200C16005EBC502CA
S31508006E3004F5157000EB82000161681CC5B2207963
S31508006E40A842D1DC207C8DF8000094E80F000AF0F7
S31508006E509FF820B1022084F89504012064E70020F9
S31508006E606074012084F89504207B012802D120460D
S31508006E70FFF7DCF920680AF079F8002054E70000EB
S31508006E8010B5B0B00446B82102A8F9F7E5FA1649D4
S31508006E902068884225D14FF480210020CDE90210D0
S31508006EA04FF44010239002A801F016F808B1FAF73B
S31508006EB04EFB00F0D7F800BF0C48006840F00070A1
S31508006EC00A4908600846006800F00070019000BF93
S31508006ED000BF002205214D20FEF72EFC4D20FEF7AF
S31508006EE017FC30B010BD000000000440D84402581A
S31508006EF070B504460125E07908B9002506E0E07971
S31508006F00022801D1012501E0FAF721FB2946D4F828
S31508006F10E00409F0CAFAD4F8E00409F071FA70BD81
S31508006F2010B50446D4F8E00409F0A0FA10BD10B56F
S31508006F300446D4F8E00409F0A4FA10BD70B5044676
S31508006F400D4600BF94F89404012801D1022070BDB3
S31508006F50012084F8940400BF6574294620680AF065
S31508006F6045FD00BF002084F8940400BF00BFEEE78B
S31508006F7010B5044604F29C41D4F8E00409F0ACFAD2
S31508006F8010BD70B50446256800BF94F8940401281E
S31508006F9001D1022070BD012084F8940400BFE8687E
S31508006FA000F0400030B1607B012803D1A86B40F4A3
S31508006FB08030A86320680AF005FC206809F0C4FF41
S31508006FC000BF002084F8940400BF00BFE2E7000079
S31508006FD010B50446D4F8E00409F0DBFA2068D0F8C6
S31508006FE0000E40F001002168C1F8000EE07A28B1D1
S31508006FF00348006840F006000149086010BD00001B
S3150800700010ED00E070B5044615480068C0F380002E
S3150800701048B91348006800F00700A04201D00120D3
S3150800702070BD0020FCE70E48006820F007002043EA
S315080070300B490860FEF7C8FA054607E0FEF7C4FAEA
S31508007040401BB0F57A7F01D90120E9E704480838E2
S315080070500068C0F340300028F0D00020E0E70000C8
S315080070600C4802580348006840F0807001490860DF
S31508007070704700000C48025810B501F057FF054943
S315080070800968C1F30211044A515C01F01F01C840A6
S3150800709010BD0000204402580452010870B501468C
S315080070A0844D2D6805F00303824D2D68C5F3051040
S315080070B0804D2D1D2D6805F001047E4D0C352D687B
S315080070C0C5F3CC0515FB04F501EE105AB8EE411AC6
S315080070D0F0EE410A00286FD023B1012B4ED0022BC7
S315080070E06BD16BE0734D283D2D68C5F340153DB354
S315080070F0704D283D2D68C5F3C1066F4D25FA06F279
S3150800710001EE102AF8EE411A01EE100AB8EE411AFD
S3150800711081EE812A9FED691AC0EE811A654D083500
S315080071202D68C5F3080501EE105AB8EE411A31EE7E
S31508007130811AF7EE001A31EE211A22EE010A1CE036
S3150800714001EE100AB8EE411ADFED5D1A81EE812ACA
S315080071509FED5A1AC0EE811A564D08352D68C5F3AB
S31508007160080501EE105AB8EE411A31EE811AF7EE0B
S31508007170001A31EE211A22EE010A5BE001EE100A2E
S31508007180B8EE411ADFED4F1A81EE812A9FED4B1AB0
S31508007190C0EE811A474D08352D68C5F3080501EE7E
S315080071A0105AB8EE411A31EE811AF7EE001A31EE8E
S315080071B0211A22EE010A3DE077E01DE001EE100AF1
S315080071C0B8EE411A9FED402AC2EE011A9FED3B1A0E
S315080071D080EE812A374D08352D68C5F3080501EE7E
S315080071E0105AB8EE411A32EE011AB7EE002A31EEFD
S315080071F0021A21EE810A1DE001EE100AB8EE411AC4
S31508007200DFED2F1A81EE812A9FED2C1AC0EE811A26
S31508007210284D08352D68C5F3080501EE105AB8EE55
S31508007220411A31EE811AF7EE001A31EE211A22EED2
S31508007230010A00BF00BF1F4D08352D68C5F3462556
S3150800724001EE105AB8EE411AF7EE001A31EE211A7D
S31508007250C0EE011ABCEEE11A81ED001A154D08358B
S315080072602D68C5F3064501EE105AB8EE411AF7EE39
S31508007270001A31EE211AC0EE011ABCEEE11A81EDB0
S31508007280011A0C4D08352D68C5F3066501EE105A2E
S31508007290B8EE411AF7EE001A31EE211AC0EE011ABD
S315080072A0BCEEE11A81ED021A03E000250D604D607F
S315080072B08D6070BD284402580090D0030000004637
S315080072C00024744C0024744A001BB74B70B5014661
S315080072D0844D2D6805F00303824D2D68C5F30530EE
S315080072E0804D2D1D2D68C5F300147E4D14352D686F
S315080072F0C5F3CC0515FB04F501EE105AB8EE411A94
S31508007300F0EE410A00286FD023B1012B4ED0022B94
S315080073106BD16BE0734D283D2D68C5F340153DB321
S31508007320704D283D2D68C5F3C1066F4D25FA06F246
S3150800733001EE102AF8EE411A01EE100AB8EE411ACB
S3150800734081EE812A9FED691AC0EE811A654D1035C6
S315080073502D68C5F3080501EE105AB8EE411A31EE4C
S31508007360811AF7EE001A31EE211A22EE010A1CE004
S3150800737001EE100AB8EE411ADFED5D1A81EE812A98
S315080073809FED5A1AC0EE811A564D10352D68C5F371
S31508007390080501EE105AB8EE411A31EE811AF7EED9
S315080073A0001A31EE211A22EE010A5BE001EE100AFC
S315080073B0B8EE411ADFED4F1A81EE812A9FED4B1A7E
S315080073C0C0EE811A474D10352D68C5F3080501EE44
S315080073D0105AB8EE411A31EE811AF7EE001A31EE5C
S315080073E0211A22EE010A3DE077E01DE001EE100ABF
S315080073F0B8EE411A9FED402AC2EE011A9FED3B1ADC
S3150800740080EE812A374D10352D68C5F3080501EE43
S31508007410105AB8EE411A32EE011AB7EE002A31EECA
S31508007420021A21EE810A1DE001EE100AB8EE411A91
S31508007430DFED301A81EE812A9FED2C1AC0EE811AF3
S31508007440284D10352D68C5F3080501EE105AB8EE1B
S31508007450411A31EE811AF7EE001A31EE211A22EEA0
S31508007460010A00BF00BF1F4D10352D68C5F346251C
S3150800747001EE105AB8EE411AF7EE001A31EE211A4B
S31508007480C0EE011ABCEEE11A81ED001A154D103551
S315080074902D68C5F3064501EE105AB8EE411AF7EE07
S315080074A0001A31EE211AC0EE011ABCEEE11A81ED7E
S315080074B0011A0C4D10352D68C5F3066501EE105AF4
S315080074C0B8EE411AF7EE001A31EE211AC0EE011A8B
S315080074D0BCEEE11A81ED021A03E000250D604D604D
S315080074E08D6070BD284402580090D0030000004605
S315080074F00024744C0024744A001BB74B70B501462F
S31508007500844D2D6805F00303824D2D68C5F305509B
S31508007510804D2D1D2D68C5F300247E4D1C352D6824
S31508007520C5F3CC0515FB04F501EE105AB8EE411A61
S31508007530F0EE410A00286FD023B1012B4ED0022B62
S315080075406BD16BE0734D283D2D68C5F340153DB3EF
S31508007550704D283D2D68C5F3C1066F4D25FA06F214
S3150800756001EE102AF8EE411A01EE100AB8EE411A99
S3150800757081EE812A9FED691AC0EE811A654D18358C
S315080075802D68C5F3080501EE105AB8EE411A31EE1A
S31508007590811AF7EE001A31EE211A22EE010A1CE0D2
S315080075A001EE100AB8EE411ADFED5D1A81EE812A66
S315080075B09FED5A1AC0EE811A564D18352D68C5F337
S315080075C0080501EE105AB8EE411A31EE811AF7EEA7
S315080075D0001A31EE211A22EE010A5BE001EE100ACA
S315080075E0B8EE411ADFED4F1A81EE812A9FED4B1A4C
S315080075F0C0EE811A474D18352D68C5F3080501EE0A
S31508007600105AB8EE411A31EE811AF7EE001A31EE29
S31508007610211A22EE010A3DE077E01DE001EE100A8C
S31508007620B8EE411A9FED402AC2EE011A9FED3B1AA9
S3150800763080EE812A374D18352D68C5F3080501EE09
S31508007640105AB8EE411A32EE011AB7EE002A31EE98
S31508007650021A21EE810A1DE001EE100AB8EE411A5F
S31508007660DFED301A81EE812A9FED2C1AC0EE811AC1
S31508007670284D18352D68C5F3080501EE105AB8EEE1
S31508007680411A31EE811AF7EE001A31EE211A22EE6E
S31508007690010A00BF00BF1F4D18352D68C5F34625E2
S315080076A001EE105AB8EE411AF7EE001A31EE211A19
S315080076B0C0EE011ABCEEE11A81ED001A154D183517
S315080076C02D68C5F3064501EE105AB8EE411AF7EED5
S315080076D0001A31EE211AC0EE011ABCEEE11A81ED4C
S315080076E0011A0C4D18352D68C5F3066501EE105ABA
S315080076F0B8EE411AF7EE001A31EE211AC0EE011A59
S31508007700BCEEE11A81ED021A03E000250D604D601A
S315080077108D6070BD284402580090D00300000046D2
S315080077200024744C0024744A001BB74B2DE9F0431F
S3150800773089B006460F464FF4807186EA0100384341
S3150800774070D1F748006800F00709B9F1050F65D24E
S31508007750DFE809F0031221623000F148503800686A
S3150800776000F00070B0F1007F04D106A8FFF796FC80
S31508007770079C00E0002453E0E9485038006800F010
S315080077800060B0F1006F04D103A8FFF79FFD039CCA
S3150800779000E0002444E0E2485038006800F0005059
S315080077A0B0F1005F04D16846FFF7A8FE009C00E030
S315080077B0002435E0DA48001F006800F04055D84834
S315080077C05038006800F00400042809D145B9D448A7
S315080077D050380068C0F3C101D24820FA01F41AE013
S315080077E0CF485038006800F48070B0F5807F04D127
S315080077F0B5F1805F01D1CC4C0DE0C948503800681E
S3150800780000F40030B0F5003F04D1B5F1005F01D1B6
S31508007810C64C00E0002403E0C54C01E0002400BF8C
S315080078204BE3FFE74FF4806186EA010038437BD1DA
S31508007830BB480830006800F46009B9F5800F2CD001
S3150800784006DCB9F1000F0AD0B9F5001F69D115E0B9
S31508007850B9F5C00F63D0B9F5000F62D12CE0B04876
S315080078605038006800F00070B0F1007F04D106A817
S31508007870FFF714FC079C00E0002454E0A8485038A1
S31508007880006800F00060B0F1006F04D103A8FFF7AC
S315080078901DFD039C00E0002445E0A148503800681F
S315080078A000F00050B0F1005F04D16846FFF726FEED
S315080078B0009C00E0002436E09948001F006800F0AC
S315080078C0405597485038006800F00400042809D14C
S315080078D045B9934850380068C0F3C101914820FA69
S315080078E001F41BE08E485038006800F48070B0F54B
S315080078F0807F04D1B5F1805F01D18B4C0EE08848BA
S315080079005038006800F40030B0F5003F05D1B5F1F5
S31508007910005F02D1854C01E006E0002403E0844CB8
S3150800792001E0002400BFC8E24FF4006186EA0100C6
S3150800793038437BD17A480830006800F0E069B9F12D
S31508007940007F2CD006DCB9F1000F0AD0B9F1807F90
S3150800795069D115E0B9F1407F63D0B9F1806F62D182
S315080079602CE06F485038006800F00070B0F1007FD6
S3150800797004D106A8FFF792FB079C00E0002454E018
S3150800798067485038006800F00060B0F1006F04D115
S3150800799003A8FFF79BFC039C00E0002445E0604831
S315080079A05038006800F00050B0F1005F04D1684616
S315080079B0FFF7A4FD009C00E0002436E05848001FAD
S315080079C0006800F0405556485038006800F004003A
S315080079D0042809D145B9524850380068C0F3C10196
S315080079E0504820FA01F41BE04D485038006800F46E
S315080079F08070B0F5807F04D1B5F1805F01D14A4C23
S31508007A000EE047485038006800F40030B0F5003FF3
S31508007A1005D1B5F1005F02D1444C01E006E000242F
S31508007A2003E0434C01E0002400BF46E24FF48051D6
S31508007A3086EA0100384372D13948006800F4E04804
S31508007A40B8F5005F2CD006DCB8F1000F0AD0B8F5FF
S31508007A50805F75D115E0B8F5405F6FD0B8F5804FF7
S31508007A606ED12CE02E485038006800F00070B0F156
S31508007A70007F04D106A8FFF711FB079C00E000244D
S31508007A8060E027485038006800F00060B0F1006FE9
S31508007A9004D103A8FFF71AFC039C00E0002451E078
S31508007AA01F485038006800F00050B0F1005F04D15C
S31508007AB06846FFF723FD009C00E0002442E01848D2
S31508007AC0001F006800F0405515485038006800F05F
S31508007AD00400042809D145B9114850380068C0F394
S31508007AE0C101104820FA01F427E00D485038006813
S31508007AF000F48070B0F5807F04D1B5F1805F01D1C4
S31508007B00094C1AE006485038006800F40030B0F511
S31508007B10003F11D1B5F1005F0ED1044C0DE012E023
S31508007B20504402580090D00300093D0000366E010B
S31508007B300080BB0004E001E0002403E0E14C01E022
S31508007B40002400BFB9E14FF4005186EA010038432A
S31508007B5067D1DD48006800F4E028B8F5403F33D027
S31508007B6009DCB8F1000F0DD0B8F5803F0ED0B8F596
S31508007B70003F53D119E0B8F5802F37D0B8F5A02FBC
S31508007B804CD13FE001F0F8F9044649E0CE485038B8
S31508007B90006800F00060B0F1006F04D103A8FFF799
S31508007BA095FB049C00E000243AE0C748503800687A
S31508007BB000F00050B0F1005F04D16846FFF79EFC64
S31508007BC0019C00E000242BE0BF485038006800F014
S31508007BD00400042808D1BC4850380068C0F3C10125
S31508007BE0BA4820FA01F400E0002419E0B6485038F3
S31508007BF0006800F48070B0F5807F01D1B44C00E0D5
S31508007C0000240DE0B0485038006800F40030B0F5A4
S31508007C10003F01D1AF4C00E0002401E0002400BF82
S31508007C204BE14FF4002186EA0100384361D1A648AA
S31508007C300830006800F44038B8F1000F06D0B8F5EF
S31508007C40803F12D0B8F5003F50D11DE09E4850380D
S31508007C50006800F00060B0F1006F04D103A8FFF7D8
S31508007C6035FB039C00E0002442E097485038006842
S31508007C7000F00050B0F1005F04D16846FFF73EFC03
S31508007C80029C00E0002433E08F48001F006800F0E3
S31508007C9040558D485038006800F00400042809D182
S31508007CA045B9894850380068C0F3C101874820FAA9
S31508007CB001F41AE084485038006800F48070B0F582
S31508007CC0807F04D1B5F1805F01D1814C0DE07E48FB
S31508007CD05038006800F40030B0F5003F04D1B5F123
S31508007CE0005F01D17B4C00E0002401E0002400BFC6
S31508007CF0E3E04FF4803186EA010038432CD172481C
S31508007D00001F006800F48038B8F1000F03D0B8F5FA
S31508007D10803F1ED10EE06C485038006800F00070B5
S31508007D20B0F1007F04D106A8FFF7B8F9079C00E078
S31508007D30002410E064485038006800F00060B0F194
S31508007D40006F04D103A8FFF7C1FA059C00E00024E0
S31508007D5001E0002400BFB0E04FF4804186EA01004C
S31508007D60384368D158480830006800F0E048B8F150
S31508007D70405F33D009DCB8F1000F0DD0B8F1805F51
S31508007D800ED0B8F1005F53D119E0B8F1804F37D063
S31508007D90B8F1A04F4CD13FE0FFF76EF9044649E031
S31508007DA049485038006800F00060B0F1006F04D10F
S31508007DB003A8FFF78BFA049C00E000243AE0424847
S31508007DC05038006800F00050B0F1005F04D16846F2
S31508007DD0FFF794FB019C00E000242BE03A4850385A
S31508007DE0006800F00400042808D1374850380068B5
S31508007DF0C0F3C101354820FA01F400E0002419E077
S31508007E0031485038006800F48070B0F5807F01D1A1
S31508007E102F4C00E000240DE02B485038006800F491
S31508007E200030B0F5003F01D12A4C00E0002401E003
S31508007E30002400BF41E04FF4004186EA01003843C0
S31508007E403AD12148006800F04058B8F1000F06D032
S31508007E50B8F1805F0FD0B8F1005F2AD11AE01A484E
S31508007E605038006800F40030B0F5003F01D1194CD5
S31508007E7000E000241FE014485038006800F0007045
S31508007E80B0F1007F04D106A8FFF708F9079C00E0C7
S31508007E90002410E00C485038006800F00060B0F18B
S31508007EA0006F04D103A8FFF711FA049C00E0002430
S31508007EB001E0002400BF00E00024204609B0BDE828
S31508007EC0F08300000080BB00504402580090D003A5
S31508007ED000093D0000366E012DE9F04104460025F3
S31508007EE0A8464FF00062D4E900101140002013465E
S31508007EF059404040014331D1606E48B1B0F5801F0A
S31508007F000DD0B0F5001F11D0B0F5401F16D114E002
S31508007F10FE48006840F40030FC49086010E0022181
S31508007F2004F1080005F014FA054609E0022104F1F7
S31508007F30280005F0BFFA054602E001E0012500BF6A
S31508007F4000BF55B9F1482430006820F44010616E2E
S31508007F500843EE492431086000E0A8464FF48072D1
S31508007F60D4E900101140002013465940404001430F
S31508007F702ED1A06D05281BD2DFE800F0030A1118E0
S31508007F801900E248006840F40030E049086011E052
S31508007F90002104F1080005F0DBF905460AE0002196
S31508007FA004F1280005F086FA054603E002E001E040
S31508007FB0012500BF00BF55B9D4482430006820F019
S31508007FC00700A16D0843D1492431086000E0A8469E
S31508007FD04FF48062D4E9001011400020134659403E
S31508007FE0404001433DD1D4F8A400B0F5C00F24D0D9
S31508007FF007DC68B1B0F5001F11D0B0F5800F1FD1AE
S3150800800014E0B0F5000F19D0B0F5200F18D116E01E
S31508008010BE48006840F40030BC49086012E0002100
S3150800802004F1080005F094F905460BE0002104F177
S31508008030280005F03FFA054604E003E002E001E007
S31508008040012500BF00BF5DB9B0482C30006820F498
S315080080506000D4F8A4100843AC492C31086000E04D
S31508008060A8464FF40062D4E90001104000211346E7
S315080080705840494008433DD1D4F8A800B0F1407FA4
S3150800808024D007DC68B1B0F1807F11D0B0F1007F51
S315080080901FD114E0B0F1806F19D0B0F1A06F18D1DC
S315080080A016E09A48006840F400309849086012E0E3
S315080080B0002104F1080005F04BF905460BE0002104
S315080080C004F1280005F0F6F9054604E003E002E0AD
S315080080D001E0012500BF00BF5DB98C482C3000685F
S315080080E020F0E060D4F8A810084388492C310860CD
S315080080F000E0A8464FF00073D4E9001019400020AC
S3150800810059404040014328D1E06CA8B1102804D05A
S31508008110202809D0302810D10DE07C48006840F4AA
S3150800812000307A4908600AE0022104F1080005F0E7
S315080081300FF9054603E002E001E0012500BF00BF94
S3150800814055B972482030006820F03000E16C0843C9
S315080081506E492031086000E0A8464FF48053D4E900
S3150800816000101940002059404040014337D1E06DC6
S31508008170B0F5005F1AD004DC50B1B0F5805F1ED1AF
S315080081800DE0B0F5405F18D0B0F5804F17D115E077
S315080081905E48006840F400305C49086011E0002140
S315080081A004F1080005F0D4F805460AE0002104F1B8
S315080081B0280005F07FF9054603E002E001E0012505
S315080081C000BF00BF55B951482430006820F4E0408C
S315080081D0E16D08434D492431086000E0A8464FF494
S315080081E00053D4E90010194000205940404001438B
S315080081F035D1206EB0F5403F1ED007DC68B1B0F52A
S31508008200803F0BD0B0F5003F19D10EE0B0F5802FB6
S3150800821013D0B0F5A02F12D110E012E0012104F11D
S31508008220080005F095F805460BE0012104F1280041
S3150800823005F040F9054604E003E002E001E0012507
S3150800824000BF00BF55B931482430006820F4E0204B
S31508008250216E08432D492431086000E0A8464FF4F2
S315080082608042D4E900011040002113465840494095
S31508008270084337D1D4F8AC00B0F1405F1ED007DC14
S3150800828068B1B0F1805F0BD0B0F1005F19D10EE094
S31508008290B0F1804F13D0B0F1A04F12D110E012E028
S315080082A0012104F1080005F053F805460BE0012109
S315080082B004F1280005F0FEF8054604E003E002E0B4
S315080082C001E0012500BF00BF5DB910482C300068E9
S315080082D020F0E040D4F8AC1008430C492C31086073
S315080082E000E0A8464FF40043D4E9000118400021F5
S315080082F05840494008432AD1E06EB8B1B0F1805FD2
S3150800830006D0B0F1005F12D109E000002C440258F3
S31508008310F948006840F40030F749086009E001218F
S3150800832004F1080005F014F8054602E001E001250D
S3150800833000BF00BF55B9F0482430006820F040500F
S31508008340E16E0843EC492431086000E0A8464FF086
S315080083508073D4E900101940002059404040014379
S3150800836028D1A06CA8B1012804D0022809D0032876
S3150800837010D10DE0E048006840F40030DE4908609E
S315080083800AE0022104F1080004F0E2FF054603E0D2
S3150800839002E001E0012500BF00BF55B9D6482030EC
S315080083A0006820F00300A16C0843D3492031086017
S315080083B000E0A8464FF48003D4E9001019400020D5
S315080083C05940404001437DD1CC48006840F4807054
S315080083D0CA490860FDF7F8F8064606E0FDF7F4F81E
S315080083E0801B642801D9032505E0C448006800F409
S315080083F080700028F2D000BF85BBBF4844300068B3
S3150800840000F44070B4F8B01001F44071884213D0FB
S31508008410B9484430006820F44077B74844300068CB
S3150800842040F48030B449443108600846006820F4B6
S315080084308030086008460760D4F8B000B0F5807F41
S3150800844015D1FDF7C1F8064609E0FDF7BDF8801B12
S3150800845041F28831884202D9032507E038E0A64868
S3150800846044300068C0F340000028EED000BF55BB7A
S3150800847000BFB4F8B00000F44070B0F5407F0ED1EC
S315080084809D481C38006820F47C519D4AD4F8B000F9
S31508008490104041EA101098491C39086007E09648D0
S315080084A01C38006820F47C5093491C3908609248AF
S315080084B044300068B4F8B010C1F30B0108438E4984
S315080084C0443101E005E001E0086002E0A84600E06A
S315080084D0A8460122D4E9000110400021134658405D
S315080084E04940084330D1A06F18281AD005DC48B196
S315080084F0082808D0102817D10CE0202812D02828E0
S3150800850012D110E012E0012104F1080004F020FF66
S3150800851005460BE0012104F1280004F0CBFF0546CF
S3150800852004E003E002E001E0012500BF00BF55B901
S3150800853071482830006820F03800A16F08436E495A
S315080085402831086000E0A8460223D4E90010194043
S31508008550002059404040014329D1606F062816D2B1
S31508008560DFE800F003040B12131412E0012104F1F2
S31508008570080004F0EDFE05460BE0012104F1280091
S3150800858004F098FF054604E003E002E001E0012557
S3150800859000BF00BF55B958482830006820F00700CA
S315080085A0616F084354492831086000E0A846042250
S315080085B0D4E90010114000201346594040400143B9
S315080085C02BD1D4F89000062816D2DFE800F0030471
S315080085D00B12131412E0012104F1080004F0B8FE8E
S315080085E005460BE0012104F1280004F063FF054667
S315080085F004E003E002E001E0012500BF00BF5DB929
S315080086003D482C30006820F00700D4F89010084345
S3150800861039492C31086000E0A8462023D4E9000136
S315080086201840002158404940084337D1D4F88C00F7
S31508008630B0F1405F1ED007DC68B1B0F1805F0BD0A7
S31508008640B0F1005F19D10EE0B0F1804F13D0B0F150
S31508008650A04F12D110E012E0002104F1080004F046
S3150800866077FE05460BE0022104F1280004F022FFFC
S31508008670054604E003E002E001E0012500BF00BF73
S315080086805DB91D482830006820F0E040D4F88C1009
S31508008690084319492831086000E0A8464023D4E970
S315080086A00010194000205940404001433CD1D4F8FD
S315080086B09800B0F5406F25D007DC68B1B0F5806F3B
S315080086C00BD0B0F5006F20D10EE0B0F5805F1AD060
S315080086D0B0F5A05F19D117E019E0002104F10800F0
S315080086E004F036FE054612E0022104F1280004F0E3
S315080086F0E1FE05460BE000002C44025800480258EB
S31508008700FFFCFF0F03E002E001E0012500BF00BF08
S315080087104DB9FE48006820F4E050D4F89810084394
S31508008720FA49086000E0A8468023D4E900101940F9
S31508008730002059404040014335D1D4F89C00B0F59B
S31508008740C04F1ED007DC68B1B0F5005F0BD0B0F59E
S31508008750804F19D10EE0B0F5004F13D0B0F5204F79
S3150800876012D110E012E0002104F1080004F0F0FD37
S3150800877005460BE0022104F1280004F09BFE05469D
S3150800878004E003E002E001E0012500BF00BF4DB9A7
S31508008790DE48006820F46040D4F89C100843DB49A2
S315080087A0086000E0A8460823D4E900011840002123
S315080087B058404940084317D1D4F88000B0F5805F87
S315080087C007D1022104F1280004F074FE08B14FF025
S315080087D00108CE48001F006820F44050D4F88010E5
S315080087E00843CA49091F08601023D4E90001184044
S315080087F0002158404940084315D1D4F89400B0F5F3
S31508008800807F07D1022104F1280004F053FE08B145
S315080088104FF00108BD48006820F44070D4F8941061
S315080088200843BA4908604FF40023D4E90001184008
S31508008830002158404940084327D1D4F8A00030B158
S31508008840B0F5803F0AD0B0F5003F0FD10DE000210A
S3150800885004F1080004F07CFD054609E0022104F154
S31508008860280004F027FE054602E001E0012500BFC6
S3150800887000BF4DB9A548006820F44030D4F8A010D0
S315080088800843A249086000E0A8464FF48023D4E9CB
S315080088900001184000215840494008432DD1D4F81A
S315080088A08400B0F5801F06D0B0F5001F0CD0B0F5D7
S315080088B0401F11D10FE095482C38006840F400306D
S315080088C092492C39086009E0012104F1280004F0D6
S315080088D0F1FD054602E001E0012500BF00BF5DB9D4
S315080088E08A48001F006820F44010D4F88410084312
S315080088F08649091F086000E0A8464FF48032D4E98B
S31508008900000110400021134658404940084325D12C
S31508008910206D18B1B0F5803F10D108E07B482C389F
S31508008920006840F4003079492C39086008E00221D3
S3150800893004F1080004F00CFD054601E0012500BF1E
S3150800894000BF55B971480C38006820F48030216D95
S3150800895008436E490C39086000E0A8464FF00053FA
S31508008960D4E900101940002059404040014307D17E
S31508008970022104F1280004F09DFD08B14FF001081A
S315080089804FF40032D4E90001104000211346584044
S315080089904940084327D1E06FA0B1B0F5807F06D0E3
S315080089A0B0F5007F0CD0B0F5407F0CD109E05748F0
S315080089B02C38006840F4003054492C39086004E02B
S315080089C003E002E001E0012500BF00BF55B94F48AA
S315080089D0001F006820F44070E16F08434B49091FE7
S315080089E0086000E0A8464FF48012D4E90010114050
S315080089F00020134659404040014309D143480838EE
S31508008A00006820F00040216F084340490839086093
S31508008A104FF40013D4E9000118400021584049409A
S31508008A20084309D139480838006820F08070A16EDB
S31508008A3008433649083908604FF08043D4E90010E6
S31508008A401940002059404040014311D100BF2F482A
S31508008A504838006820F400402C4948390860084620
S31508008A600068D4F8B410084328494839086000BF9C
S31508008A704FF00042D4E90001104000211346584047
S31508008A804940084309D121480C38006820F0405075
S31508008A90616D08431D490C3908604FF40002D4E99A
S31508008AA000101140002013465940404001430AD1A6
S31508008AB01648001F006820F44000D4F888100843C0
S31508008AC01249091F086001220021606810404940C8
S31508008AD05040014306D104F1080004F039FC05466C
S31508008AE005B1A8460222002160681040494050405E
S31508008AF0014307D1012104F1080004F029FC0546C9
S31508008B0005B1A84604230020616801E058440258CC
S31508008B101940042240405140084307D1022104F17C
S31508008B20080004F015FC054605B1A84608230020F0
S31508008B3061681940082240405140084307D1002186
S31508008B4004F1280004F0B6FC054605B1A846102332
S31508008B50002061681940102240405140084307D15F
S31508008B60012104F1280004F0A5FC054605B1A84634
S31508008B70202200216068104049405040014307D137
S31508008B80022104F1280004F095FC054605B1A84623
S31508008B90B8F1000F02D10020BDE8F0810120FBE703
S31508008BA02DE9F04104460D4614B90120BDE8F081CF
S31508008BB0BD48006800F00F00A8420ED2BA48006807
S31508008BC020F00F002843B84908600846006800F0FE
S31508008BD00F00A84201D00120E8E7207800F0040041
S31508008BE004280ED1B1492069096801F0700188424C
S31508008BF007D9AE48006820F0700021690843AB49E0
S31508008C000860207800F00800082811D1A749091D36
S31508008C106069096801F07001884209D9A348001DF6
S31508008C20006820F0700061690843A049091D0860C2
S31508008C30207800F01000102811D19C49091DA06960
S31508008C40096801F4E061884209D99848001D00685E
S31508008C5020F4E060A16908439449091D086020785A
S31508008C6000F02000202811D190490831E0690968F0
S31508008C7001F07001884209D98C480830006820F054
S31508008C807000E1690843894908310860207800F0D6
S31508008C90020002280ED18549E068096801F00F0133
S31508008CA0884207D98148006820F00F00E168084328
S31508008CB07E490860207800F00100002850D07B48E3
S31508008CC0006820F47060A168084378490860606805
S31508008CD0022807D1754818380068C0F34040F8B92B
S31508008CE0012063E76068032807D1704818380068D0
S31508008CF0C0F34060A0B9012058E76068012807D191
S31508008D006A4818380068C0F3002048B901204DE7C2
S31508008D10664818380068C0F3800008B9012045E79E
S31508008D2062480838006820F00700616808435F4910
S31508008D3008390860FCF748FC064608E0FCF744FCDE
S31508008D40801B41F28831884201D903202EE7574813
S31508008D500838006800F038006168B0EBC10FEDD143
S31508008D60207800F0020002280ED15049E068096810
S31508008D7001F00F01884207D24C48006820F00F0026
S31508008D80E1680843494908604748006800F00F0051
S31508008D90A8420ED94448006820F00F0028434249EB
S31508008DA008600846006800F00F00A84201D00120BC
S31508008DB0FCE6207800F0040004280ED13B4920691F
S31508008DC0096801F07001884207D23848006820F027
S31508008DD070002169084335490860207800F00800CA
S31508008DE0082811D13149091D6069096801F0700127
S31508008DF0884209D22D48001D006820F0700061697C
S31508008E0008432A49091D0860207800F01000102838
S31508008E1011D12649091DA069096801F4E061884253
S31508008E2009D22248001D006820F4E060A1690843C1
S31508008E301E49091D0860207800F02000202811D15D
S31508008E401A490831E069096801F07001884209D2B7
S31508008E5016480830006820F07000E1690843134995
S31508008E600831086000F0ACF810490968C1F303211D
S31508008E700F4A515C01F01F0120FA01F70B48006800
S31508008E8000F00F001146085C00F01F0027FA00F0FA
S31508008E90084908600848076008480068FCF7D6FBD8
S31508008EA08046404682E600000020005218440258D8
S31508008EB004520108CC000024C8000024D400002471
S31508008EC03F220260174A126802F007024260154AFA
S31508008ED00832126802F470628260124A0832126816
S31508008EE002F00F02C2600F4A0832126802F07002DE
S31508008EF002610C4A0C32126802F070024261094A99
S31508008F000C32126802F4E0628261064A1032126874
S31508008F1002F07002C261044A126802F00F020A6087
S31508008F2070470000104402580020005210B500F0A7
S31508008F3047F80D490968C1F303210C4A515C01F051
S31508008F401F0120FA01F40848006800F00F001146D6
S31508008F50085C00F01F0024FA00F00549086005487F
S31508008F6004600846006810BD1844025804520108F7
S31508008F70CC000024C800002400B5FFF7D7FF054938
S31508008F800968C1F30211044A515C01F01F01C84087
S31508008F9000BD00001C4402580452010800B5FFF742
S31508008FA0C5FF05490968C1F30221044A515C01F06D
S31508008FB01F01C84000BD00001C44025804520108A5
S31508008FC0F0B5824E366806F0380636B1082E15D04A
S31508008FD0102E15D0182E7DD114E07C4E103E366822
S31508008FE0C6F3401646B1794E103E3668C6F3C10739
S31508008FF0774E26FA07F000E07548E5E07548E3E0A5
S315080090007548E1E0714E1836366806F003046F4E6F
S3150800901018363668C6F305116C4E1C36366806F0E7
S3150800902001056A4E24363668C6F3CC0616FB05F6E5
S3150800903001EE106AB8EE410A002971D024B1012C5C
S3150800904050D0022C6DD16DE0604E103E3668C6F3E6
S3150800905040163EB35D4E103E3668C6F3C1075C4EF9
S3150800906026FA07F301EE103AF8EE411A01EE101A45
S31508009070B8EE411A81EE812A9FED581AC0EE011A00
S31508009080524E20363668C6F3080601EE106AB8EE68
S31508009090411A31EE811AF7EE001A31EE211A62EE04
S315080090A0010A1EE001EE101AB8EE411ADFED4C1A5D
S315080090B081EE812A9FED491AC0EE011A434E2036E9
S315080090C03668C6F3080601EE106AB8EE411A31EEA4
S315080090D0811A00E076E0F7EE001A31EE211A62EE08
S315080090E0010A5BE001EE101AB8EE411A9FED3D2A1F
S315080090F0C2EE011A9FED391A80EE012A334E203648
S315080091003668C6F3080601EE106AB8EE411A32EE62
S31508009110011AB7EE002A31EE021A61EE810A3DE025
S315080091204EE01DE001EE101AB8EE411ADFED2E1AD8
S3150800913081EE812A9FED291AC0EE011A234E2036A8
S315080091403668C6F3080601EE106AB8EE411A31EE23
S31508009150811AF7EE001A31EE211A62EE010A1DE0B5
S3150800916001EE101AB8EE411A9FED1E2AC2EE011A38
S315080091709FED1A1A80EE012A144E20363668C6F379
S31508009180080601EE106AB8EE411A32EE011AB7EE79
S31508009190002A31EE021A61EE810A00BF00BF0B4EAB
S315080091A020363668C6F34626721C01EE102AB8EE3B
S315080091B0411AC0EE811ABCEEE11A11EE100A00E05F
S315080091C0002001E0034800BF00BFF0BD104402586C
S315080091D00090D00300093D0000366E0100000046ED
S315080091E00024744C0024744A001BB74B70B586B033
S315080091F006460C4615463EBB00BF2848006840F0A8
S315080092000100264908600846006800F00100009041
S3150800921000BF00BF4FF48070019002200290032027
S31508009220049000200390059001A91D48FCF7CEF88C
S315080092301A48D038006820F0FE7044EA0501084351
S315080092401649D039086026E000BF1448006840F087
S315080092500400124908600846006800F004000090FF
S3150800926000BF00BF4FF40070019002200290032057
S31508009270049000200390059001A90A48FCF7A6F877
S315080092800648D038006820F07E4044EAC5110843F5
S315080092900249D039086006B070BD0000E0440258A3
S315080092A000000258000802582DE9F047044614B990
S315080092B00120BDE8F087207800F00100002870D072
S315080092C0F948006800F03808F7481830D0F80090D8
S315080092D0B8F1100F06D0B8F1180F0FD109F0030036
S315080092E002280BD1F04810380068C0F34040002827
S315080092F06AD06068002867D10120DAE700BF606895
S31508009300B0F5803F08D1E8481038006840F480304E
S31508009310E549103908602EE0606868B9E2481038F7
S31508009320006820F48030E049103908600846006873
S3150800933020F4802008601EE06068B0F5A02F0DD1EB
S31508009340D9481038006840F48020D7491039086099
S315080093500846006840F4803008600CE0D2481038AF
S31508009360006820F48030D049103908600846006843
S3150800937020F48020086000BF606898B1FCF724F9E3
S31508009380054606E0FCF720F9401B642801D90320AE
S315080093908FE7C54810380068C0F340400028F1D070
S315080093A012E012E0FCF710F9054606E0FCF70CF9A6
S315080093B0401B642801D903207BE7BB4810380068A6
S315080093C0C0F340400028F1D100BF207800F0020029
S315080093D0022879D1B448006800F03808B248183035
S315080093E0D0F80090B8F1000F05D0B8F1180F35D1B4
S315080093F009F0030088BBAC4810380068C0F3800049
S3150800940018B1E06808B9012053E7A7481038006882
S3150800941020F01900E1680843A34910390860FCF7F1
S31508009420D3F8054606E0FCF7CFF8401B022801D919
S3150800943003203EE79C4810380068C0F380000028E7
S31508009440F1D099480C38006820F0FE40217C40EAAB
S31508009450016095490C39086045E0FFE7E06838B3D4
S3150800946091481038006820F01900E16808438E49D1
S3150800947010390860FCF7A8F8054606E0FCF7A4F8DA
S31508009480401B022801D9032013E7874810380068D3
S31508009490C0F380000028F1D083480C38006820F01B
S315080094A0FE40217C40EA01607F490C3908601AE0D9
S315080094B07D481038006820F001007B4910390860A3
S315080094C0FCF782F8054607E00EE0FCF77DF8401B3E
S315080094D0022801D90320ECE6734810380068C0F367
S315080094E080000028F1D100BF207800F01000102875
S315080094F06FD16D48006800F038086B481830D0F80E
S315080095000090B8F1080F06D0B8F1180F1CD109F071
S315080095100300012818D1644810380068C0F30020F9
S3150800952020B1E069802801D00120C2E600BF5E486C
S31508009530001F006820F07C5094F8201040EA016073
S315080095405949091F086043E0E06938B3564810389E
S31508009550006840F08000544910390860FCF734F878
S31508009560054606E0FCF730F8401B022801D903201F
S315080095709FE64D4810380068C0F300200028F1D057
S3150800958000BF4948001F006820F07C5094F820105E
S3150800959040EA01604449091F086019E0424810384A
S315080095A0006820F08000404910390860FCF70CF884
S315080095B0054606E0FCF708F8401B022801D90320F7
S315080095C077E6394810380068C0F300200028F1D142
S315080095D000BF207800F00800082836D16069D0B1AD
S315080095E031486430006840F001002F496431086052
S315080095F0FBF7EAFF054606E0FBF7E6FF401B0228F5
S3150800960001D9032055E6284864300068C0F34000B5
S315080096100028F1D019E024486430006820F00100E1
S31508009620214964310860FBF7CFFF054606E0FBF7E2
S31508009630CBFF401B022801D903203AE61A486430BA
S315080096400068C0F340000028F1D1207800F020001F
S31508009650202838D1A069D0B113481038006840F4E2
S315080096608050114910390860FBF7AEFF054606E041
S31508009670FBF7AAFF401B022801D9032019E60A486E
S3150800968010380068C0F340300028F1D01BE00648C7
S315080096901038006820F48050034910390860FBF739
S315080096A093FF054609E0000010440258FBF78CFFBB
S315080096B0401B022801D90320FBE5D0480068C0F307
S315080096C040300028F2D1207800F0040004287DD12B
S315080096D0CB48006840F48070C9490860FBF774FFFE
S315080096E0054606E0FBF770FF401B642801D90320F6
S315080096F0DFE5C348006800F480700028F2D000BF98
S31508009700A068012808D1BD487030006840F0010003
S31508009710BA49703108602DE0A06868B9B74870305A
S31508009720006820F00100B5497031086008460068F5
S3150800973020F0040008601DE0A06805280DD1AF4898
S315080097407030006840F00400AC4970310860084683
S31508009750006840F0010008600CE0A8487030006816
S3150800976020F00100A549703108600846006820F01D
S315080097700400086000BFA068A0B1FBF725FF0546F6
S3150800978008E0FBF721FF401B41F28831884201D9E6
S3150800979003208EE5994870300068C0F34000002821
S315080097A0EFD013E0FBF710FF054608E0FBF70CFFC8
S315080097B0401B41F28831884201D9032079E58F4858
S315080097C070300068C0F340000028EFD1606A0028B6
S315080097D07DD08A481030006800F03800182877D005
S315080097E0606A022875D18548006820F08070834930
S315080097F00860FBF7E9FE054606E0FBF7E5FE401BB9
S31508009800022801D9032054E57C480068C0F340606B
S315080098100028F2D100BFD4E90A1041EA00107749BE
S315080098202831096840F2F3329143084373492831D5
S315080098300860208E401EC0F30800616B491E4FF475
S315080098407E4202EA41210843218F491ED20102EADB
S31508009850014108433C21095D491E120202EA0161E1
S31508009860084366493031086000BF081F006820F0C9
S315080098700100091F08606148343000684FF6F87126
S315080098808843A16C40EAC1005C49343108605B48F2
S315080098902C30006820F00C00216C084357492C3105
S315080098A008600846006820F00200616C08435349C6
S315080098B02C3108600846006840F480300860084685
S315080098C0006840F4003008600846006802E092E04C
S315080098D038E01FE040F4802008600846006840F041
S315080098E0010008604548006840F0807043490860F8
S315080098F0FBF76AFE054606E0FBF766FE401B0228F4
S3150800990001D90320D5E43D480068C0F3406000282B
S31508009910F2D070E03948006820F080703749086056
S31508009920FBF752FE054606E0FBF74EFE401B0228F3
S3150800993001D90320BDE431480068C0F3406000281F
S31508009940F2D158E02D48283007682C483030066890
S31508009950606A012821D007F00301A06A81421CD160
S31508009960C7F30511E06A884217D1C6F30801206BD0
S31508009970401E814211D1606B401EC6F346218842C3
S315080099800BD1A06B401EC6F30641884205D1E06B99
S31508009990401EC6F30661884201D0012089E41748B3
S315080099A034300068C0F3CC07A06CB84223D0134803
S315080099B02C30006820F0010010492C310860FBF7B4
S315080099C003FE054600BFFBF7FFFD401BFBD00B4817
S315080099D0343000684FF6F8718843A16C40EAC1003C
S315080099E006493431086005482C30006840F001000B
S315080099F002492C31086000205BE40000004402584C
S31508009A00004802582DE9F04104460D4616461F4601
S31508009A1014B90120BDE8F081D4F8880028B90020DF
S31508009A2084F88400204601F0C1FD2420C4F888008B
S31508009A302068006820F0010021680860A06A10B15B
S31508009A40204604F045FA204604F078FF012800D1A4
S31508009A50E0E72068806840F48040216888602068D4
S31508009A60806820F400402843216888604FEA4658F9
S31508009A7048EA0748206800680749084040EA08009D
S31508009A80216808602068006840F0010021680860C5
S31508009A90204604F099FABDE7FFFF00FC70B50446BE
S31508009AA00CB9012070BD606A00B900BF0021A1622F
S31508009AB06349206888420CD062492068884208D0E9
S31508009AC061492068884204D0E0680F2801D901203E
S31508009AD0E8E7204603F00BFE054659492068884208
S31508009AE009D058492068884205D0574920688842D5
S31508009AF001D0082D0DD852492068884207D051490F
S31508009B002068884203D050492068884203D1102D26
S31508009B1001D90120C6E794F8810028B9002084F805
S31508009B208000204600F092F8022084F88100206820
S31508009B30006820F00100216808602068806800F449
S31508009B40F816A069B0F1806F11D16068B0F5800F82
S31508009B5001D1A06B28B1606848B9A06BB0F1805FED
S31508009B6005D12068006840F4805021680860606864
S31508009B7000F48000B0F5800F0BD1E068072808D301
S31508009B802068006820F48070216D08432168086009
S31508009B9005E02068006820F4807021680860A16AE2
S31508009BA0E06908433043E16B0843E16808432168EC
S31508009BB08860616A606B0843A16B0843A169084322
S31508009BC02169084361690843216A084361680843B3
S31508009BD0E16C0843A1680843A16C0843A16D0843DA
S31508009BE02168C860606878B92068806820F4C05029
S31508009BF040F40060216888602068806820F4C060AE
S31508009C0040F48060216888602068006D20F00100BB
S31508009C1021680865606800F48000B0F5800F07D1F8
S31508009C202068C06820F00040616D08432168C8605C
S31508009C300020C4F88400012084F88100002031E760
S31508009C400030014000380040003C004010B5B6B076
S31508009C500446142130A8F6F7FFFBB82102A8F6F748
S31508009C60FBFB86492068884252D181140020CDE941
S31508009C700210199002A8FEF72FF908B1F7F767FC4A
S31508009C8000BF7F48006840F480507D490860084658
S31508009C90006800F48050019000BF00BF00BF7848FC
S31508009CA01038006840F00800754910390860084601
S31508009CB0006800F00800019000BF00BF00BF08461A
S31508009CC0006840F0020008600846006800F00200DC
S31508009CD0019000BF00BF8020309002203190002004
S31508009CE03290032033900520349030A96548FBF75D
S31508009CF06DFB08203090022031900020329003201E
S31508009D0033900520349030A95F48FBF75FFBB3E03A
S31508009D105E492068884255D181140020CDE9021099
S31508009D20199002A8FEF7D8F808B1F7F710FC00BF9B
S31508009D3053480838006840F480405149083908609B
S31508009D400846006800F48040019000BF00BF00BFCD
S31508009D504B481038006840F004004949103908603B
S31508009D600846006800F00400019000BF00BF00BF6D
S31508009D700846006840F0020008600846006800F0DF
S31508009D800200019000BF00BF0620309002203190EB
S31508009D9000203290032033900520349030A93C48A7
S31508009DA0FBF714FB4FF4005030900220319000204E
S31508009DB03290032033900520349030A93248FBF7BF
S31508009DC005FB59E033492068884255D14FF4804154
S31508009DD00020CDE902104FF0A0402D9002A8FEF712
S31508009DE07BF808B1F7F7B3FB00BF2548001D0068EC
S31508009DF040F020002249091D08600846006800F066
S31508009E002000019000BF00BF00BF1D481038006841
S31508009E1040F001001A49103908600846006800F049
S31508009E200100019000BF00BF00BF0846006840F06F
S31508009E30040008600846006800F00400019000BFAE
S31508009E4000BF80203090022031900020329033905D
S31508009E500820349030A91048FBF7B8FA4FF4805020
S31508009E6030900220319000203290339005203490B3
S31508009E7030A90748FBF7AAFA36B010BD00300140F2
S31508009E80F0440258000C02580004025800380040FA
S31508009E900008025800140058000002582DE9FF4F28
S31508009EA085B004469846129E2068203004902068A3
S31508009EB000F1300BE06B4009401C80B20290FBF7C2
S31508009EC083FB03904746454694F88100012803D052
S31508009ED0022009B0BDE8F08F069820B1079810B1A6
S31508009EE0B8F1000F01D10120F3E700BF94F8800014
S31508009EF0012801D10220ECE7012084F8800000BF88
S31508009F00052084F881000020C4F88400079860665C
S31508009F10A4F86A80A4F868800698E065A4F86280C8
S31508009F20A4F860800020206760672068C06820F475
S31508009F30C0202168C860EB492068884207D0EA49F2
S31508009F402068884203D0E9492068884202D14FF048
S31508009F50100A01E04FF0080A206840686FF30F0006
S31508009F6040EA0800216848602068006840F001005F
S31508009F70216808606068B0F5800F05D12068006820
S31508009F8040F4007021680860E0680F2869D94FEA34
S31508009F909A0A61E02068406900F00200022812D19E
S31508009FA08FB107EB0A00A8420DD9E06D0068216859
S31508009FB00862E06D001DE065B4F86200401EA4F872
S31508009FC06200B4F862702068D0F814903DB3206837
S31508009FD0406900F0010070B12068006B616E08608E
S31508009FE0606E001D6066B4F86A00401EA4F86A0038
S31508009FF0B4F86A5030E00298854211DA09F4004054
S3150800A00070B12068006B616E0860606E001D606646
S3150800A010B4F86A00401EA4F86A00B4F86A501BE057
S3150800A020FBF7D2FA0399401AB04201D3701C00B963
S3150800A03096B9204603F0F0FAD4F8840040F480700C
S3150800A040C4F88400012084F8810000BF002084F849
S3150800A050800000BF03203CE7002F9BD1002D99D13B
S3150800A0601EE1E06807287CD94FEA5A0A7AE0206898
S3150800A070406900F00200022811D187B107EB0A00F7
S3150800A080A8420CD954F85C0F01880498018020680E
S3150800A090801C2060E088401EE080E7885C3C2068E1
S3150800A0A0D0F81490002D5DD02068406900F00100BA
S3150800A0B068B1BBF8000054F8641F08802068801C4B
S3150800A0C02060E088401EE080E588643C4AE002980B
S3150800A0D0854217DA09F40040A0B1BBF8000054F82D
S3150800A0E0641F08802068801C2060BBF80000216877
S3150800A0F008802068801C2060E088801EE080E58853
S3150800A100643C2FE0012D10D109F4005068B1BBF86A
S3150800A110000054F8641F08802068801C2060E088CE
S3150800A120401EE080E588643C1CE0FBF74DFA039985
S3150800A130401AB04201D3701C00B99EB9204603F0FC
S3150800A1406BFAD4F8840040F48070C4F884000120C7
S3150800A15084F8810000BF002084F8800000BF032037
S3150800A160B7E604E0002F82D1002D80D198E092E076
S3150800A1702068406900F00200022813D197B107EB66
S3150800A1800A00A8420ED9E06D0078216881F82000FF
S3150800A190E06D401CE065B4F86200401EA4F8620059
S3150800A1A0B4F862702068D0F81490002D73D0206837
S3150800A1B0406900F0010078B1206890F83000616EBF
S3150800A1C00870606E401C6066B4F86A00401EA4F809
S3150800A1D06A00B4F86A505EE0029885422ADA09F401
S3150800A1E0004038B3206890F83000616E0870606EE1
S3150800A1F0401C6066206890F83000616E0870606EDA
S3150800A200401C6066206890F83000616E0870606EC9
S3150800A210401C6066206890F83000616E0870606EB9
S3150800A220401C6066B4F86A00001FA4F86A00B4F817
S3150800A2306A5030E0042D12D209F4C04078B1206883
S3150800A24090F83000616E0870606E401C6066B4F865
S3150800A2506A00401EA4F86A00B4F86A501BE0FBF7CF
S3150800A260B3F90399401AB04201D3701C00B996B9E4
S3150800A270204603F0D1F9D4F8840040F48070C4F87D
S3150800A2808400012084F8810000BF002084F8800043
S3150800A29000BF03201DE6002F7FF46AAF002DFBD117
S3150800A2A003983346002208210090204603F02CFA32
S3150800A2B028B1D4F8840040F02000C4F88400204671
S3150800A2C003F0AAF9012084F8810000BF002084F871
S3150800A2D0800000BFD4F8840008B10120F9E5002009
S3150800A2E0F7E500000030014000380040003C00401F
S3150800A2F0034A126882430A43014B1A6070470000FA
S3150800A30004040058704770477047000010B50346AC
S3150800A310002200BF93F83C00012801D1022010BD9D
S3150800A320012083F83C0000BF22F0FF00CC6840EA19
S3150800A330040222F440708C6840EA040222F4806029
S3150800A3404C6840EA040222F400600C6840EA040201
S3150800A35022F480500C6940EA040222F400504C6949
S3150800A36040EA040222F480400C6B40EA040222F41C
S3150800A37070200C8B40EA044222F08050CC6940EAF7
S3150800A3800402124C1868A04203D0114C1868A04267
S3150800A39013D122F470000C8D40EA045222F080702A
S3150800A3A00C6A40EA040222F000704C6A40EA040291
S3150800A3B022F00050CC6A40EA04021868426400BFE2
S3150800A3C0002083F83C0000BF00BFA8E7000001405A
S3150800A3D00004014030B502460B4600BF92F83C0027
S3150800A3E0012801D1022030BD012082F83C0000BFBF
S3150800A3F0022082F83D001068416810688468254D7F
S3150800A4001068A84203D0244D1068A84203D121F44D
S3150800A41070015868014321F07001186801431068FB
S3150800A42041601C4D1068A84223D01068B0F1804FD7
S3150800A4301FD01A4D1068A8421BD0194D1068A842A3
S3150800A44017D0184D1068A84213D0134D1068A842AB
S3150800A4500FD0154D1068A8420BD0144D1068A842AD
S3150800A46007D0134D1068A84203D0124D1068A842B1
S3150800A47005D124F08004986804431068846001209C
S3150800A48082F83D0000BF002082F83C0000BF00BFF4
S3150800A490A9E7000000000140000401400004004054
S3150800A4A000080040000C0040001800400040014031
S3150800A4B000E0004000E4004010B504460CB9012055
S3150800A4C010BD94F83D0028B9002084F83C002046C9
S3150800A4D000F02AF8022084F83D00211D206803F0C8
S3150800A4E04BFA012084F8480000BF84F83E00012199
S3150800A4F03F20015540200155412001554220015574
S3150800A5004320015500BF00BF012084F844004520C0
S3150800A5100155462001554720015500BF012084F802
S3150800A5203D000020CCE7000038B504460D492068F8
S3150800A530884215D100BF0C48006840F004000A495B
S3150800A54008600846006800F00400009000BF00BFDD
S3150800A550002205211E20FBF7EFF81E20FBF7D8F88E
S3150800A56038BD000000080040E8440258014691F84A
S3150800A5703D00012801D001207047022081F83D00E6
S3150800A5800868C06840F001000B68D860204B08686E
S3150800A590984223D00868B0F1804F1FD01D4B086839
S3150800A5A098421BD01C4B0868984217D01B4B08686A
S3150800A5B0984213D01A4B086898420FD0194B08686E
S3150800A5C098420BD0184B0868984207D0174B086872
S3150800A5D0984203D0164B0868984210D108688068DC
S3150800A5E0144B00EA0302062A0FD0B2F5803F0CD0BE
S3150800A5F00868006840F001000B68186005E0086804
S3150800A600006840F001000B6818600020B4E70000FD
S3150800A610000001400004004000080040000C004013
S3150800A62000040140001800400040014000E00040DE
S3150800A63000E40040070001002DE9F04104460D46FC
S3150800A640002700BF94F83C00012802D10220BDE88B
S3150800A650F081012084F83C0000BF022084F83D0008
S3150800A660206886684048064026F47F46206886604B
S3150800A6702868702826D00CDC00F00F01002966D166
S3150800A6800011072863D2DFE800F0555657584B37B4
S3150800A6904100B0F1101F52D009DCB0F5805F10D030
S3150800A6A0B0F5005F1BD0B0F5801F50D146E0A0F58D
S3150800A6B080102038002843D0102842D0202846D1C0
S3150800A6C040E046E0D5E902136A68206803F0D9F944
S3150800A6D02068866846F077062068866039E0D5E9FE
S3150800A6E002136A68206803F0CCF92068806840F491
S3150800A6F08040216888602CE0EA686968206803F071
S3150800A7008BFB5021206803F0C7F922E0EA686968E4
S3150800A710206803F094FB6021206803F0BDF918E077
S3150800A720EA686968206803F077FB4021206803F02F
S3150800A730B3F90EE000BF00BF00BF00BF00BF00BFF7
S3150800A74000BF00BF2968206803F0A6F901E00127C9
S3150800A75000BF00BF012084F83D0000BF002084F838
S3150800A7603C0000BF384672E788FFCEFF704770B5D9
S3150800A77004462068C6682068056905F002000228B4
S3150800A78019D106F00200022815D1401F2168086178
S3150800A790012020772068806900F0030018B1204660
S3150800A7A0FFF7E4FF05E0204600F046F9204600F0F2
S3150800A7B08BFA0020207705F00400042819D106F04A
S3150800A7C00400042815D1C0432168086102202077B7
S3150800A7D02068806900F4407018B12046FFF7C6FF6C
S3150800A7E005E0204600F028F9204600F06DFA002022
S3150800A7F0207705F00800082819D106F0080008286F
S3150800A80015D1C04321680861042020772068C069F3
S3150800A81000F0030018B12046FFF7A8FF05E0204620
S3150800A82000F00AF9204600F04FFA0020207705F0DC
S3150800A8301000102819D106F01000102815D1C043B1
S3150800A84021680861082020772068C06900F44070F4
S3150800A85018B12046FFF78AFF05E0204600F0ECF81D
S3150800A860204600F031FA0020207705F0010048B1B3
S3150800A87006F0010030B16FF001002168086120463A
S3150800A88000F0E2FA05F08000802804D005F40050B4
S3150800A890B0F5005F0AD106F08000802806D16FF473
S3150800A8A00250216808612046FFF72DFD05F48070E7
S3150800A8B0B0F5807F0AD106F08000802806D16FF4B3
S3150800A8C08070216808612046FFF71CFD05F04000EE
S3150800A8D0402809D106F04000402805D1C043216828
S3150800A8E00861204600F0BCFA05F02000202809D1AE
S3150800A8F006F02000202805D1C043216808612046BB
S3150800A900FFF702FD70BD000010B586B0044614219D
S3150800A91001A8F5F7A1FD4149206888421CD100BF6E
S3150800A9203F48006840F010003D4908600846006846
S3150800A93000F01000009000BF00BF4FF400700190B7
S3150800A940022002900020039004900120059001A99E
S3150800A9503448FAF73BFD5EE02068B0F1804F1BD122
S3150800A96000BF2F48006840F001002D4908600846DE
S3150800A970006800F00100009000BF00BF05200190AC
S3150800A980022002900020039004900120059001A95E
S3150800A9902548FAF71BFD3EE02449206888421AD16B
S3150800A9A000BF1F48006840F002001D4908600846BD
S3150800A9B0006800F00200009000BF00BF022001906E
S3150800A9C002900020039004900220059001A91848DF
S3150800A9D0FAF7FCFC1FE01749206888421BD100BF24
S3150800A9E00F48006840F002000D49086008460068F4
S3150800A9F000F00200009000BF00BF4FF40040019035
S3150800AA00022002900020039004900220059001A9DC
S3150800AA100748FAF7DBFC06B010BD0000000001404D
S3150800AA20E044025800100258000002580004004092
S3150800AA30000402580018004070472DE9F04104460A
S3150800AA400D461646002700BF94F83C00012802D19F
S3150800AA500220BDE8F081012084F83C0000BF0C2EDE
S3150800AA6051D005DC4EB1042E1ED0082E7AD133E023
S3150800AA70102E60D0142EF9D175E02946206803F00F
S3150800AA8017F82068806940F0080021688861206806
S3150800AA90806920F004002168886120688069296936
S3150800AAA008432168886178E02946206803F056F84B
S3150800AAB02068806940F400602168886120688069A0
S3150800AAC020F480602168886120688069296940EAE5
S3150800AAD001202168886160E02946206803F098F81B
S3150800AAE02068C06940F008002168C8612068C0690C
S3150800AAF020F004002168C8612068C06929690843F4
S3150800AB002168C86149E02946206803F0DBF8206817
S3150800AB10C06940F400602168C8612068C06920F4F3
S3150800AB2080602168C8612068C069296940EA0120F7
S3150800AB302168C86131E02946206803F0FDF82068DD
S3150800AB40406D40F00800216848652068406D20F097
S3150800AB500400216848652068406D29690843216812
S3150800AB6048651AE017E02946206803F01DF92068B1
S3150800AB70406D40F40060216848652068406D20F407
S3150800AB808060216848652068406D296940EA01208F
S3150800AB902168486501E0012700BF00BF00BF00200B
S3150800ABA084F83C0000BF384653E710B504460CB994
S3150800ABB0012010BD94F83D0028B9002084F83C0017
S3150800ABC0204600F029F8022084F83D00211D20685F
S3150800ABD002F0D2FE012084F8480000BF84F83E0047
S3150800ABE001213F20015540200155412001554220B1
S3150800ABF001554320015500BF00BF012084F84400D9
S3150800AC0045200155462001554720015500BF012022
S3150800AC1084F83D000020CCE708B5274A0168914230
S3150800AC200DD100BF2549096841F00101234A116089
S3150800AC301146096801F00101009100BF3BE0016877
S3150800AC40B1F1804F0FD100BF1C490839096841F09E
S3150800AC5001011A4A083A11601146096801F0010112
S3150800AC60009100BF27E0164A016891420FD100BF44
S3150800AC7012490839096841F00201104A083A116078
S3150800AC801146096801F00201009100BF13E00D4A60
S3150800AC90016891420FD100BF08490839096841F097
S3150800ACA04001064A083A11601146096801F0400158
S3150800ACB0009100BF00BF08BD00000140F0440258E3
S3150800ACC000040040001800407047000070B50446B4
S3150800ACD00D4615B994F83E0015E0042D02D13F2023
S3150800ACE0005D10E0082D02D14020005D0BE00C2D20
S3150800ACF002D14120005D06E0102D02D14220005D00
S3150800AD0001E04320005D012801D0012070BD1DB976
S3150800AD10022084F83E001AE0042D03D102213F20C8
S3150800AD20015514E0082D03D10221402001550EE0FB
S3150800AD300C2D03D102214120015508E0102D03D125
S3150800AD4002214220015502E0022143200155012239
S3150800AD502946206802F084FE2F49206888420FD0D1
S3150800AD602E49206888420BD02D492068884207D092
S3150800AD702C492068884203D02B492068884201D193
S3150800AD80012000E0002028B12068406C40F4004013
S3150800AD902168486420492068884223D02068B0F199
S3150800ADA0804F1FD02149206888421BD0204920683F
S3150800ADB0884217D01F492068884213D0174920684F
S3150800ADC088420FD01C49206888420BD01449206855
S3150800ADD0884207D019492068884203D01849206854
S3150800ADE0884210D120688068164900EA0106062EB6
S3150800ADF00FD0B6F5803F0CD02068006840F00100FF
S3150800AE002168086005E02068006840F001002168B4
S3150800AE10086000207AE700000000014000040140B5
S3150800AE200040014000440140004801400004004041
S3150800AE3000080040000C00400018004000E00040F8
S3150800AE4000E400400700010010B5044603492068E5
S3150800AE50884201D1FAF7BEFB10BD000000E00040B1
S3150800AE607047014600BF91F88400012801D10220ED
S3150800AE707047012081F8840000BF2420C1F88800AB
S3150800AE80086802680868006820F001000B68186006
S3150800AE9022F0005200204866086802602020C1F8A7
S3150800AEA0880000BF002081F8840000BF00BFDFE7EC
S3150800AEB02DE9F04104460E461746D4F88C002028A2
S3150800AEC025D106B117B90120BDE8F0810120E06659
S3150800AED0002020673A463146204604F043F80546E6
S3150800AEE09DB9E06E01280FD110202168086200BFC5
S3150800AEF000BF216851E8001F41F01000226842E8AF
S3150800AF0000010029F5D100E001252846DCE70220EA
S3150800AF10DAE7000038B505460C461649286888421F
S3150800AF2026D1002000901448048022461349801C2C
S3150800AF30F5F779FA08F04AFE1148006868B1002367
S3150800AF406A460D490E48006809F094FC012804D0A9
S3150800AF500C480068401C0B490860009838B14FF04F
S3150800AF60805009490860BFF34F8FBFF36F8F00BF4A
S3150800AF7038BD000000780040980400249803002497
S3150800AF809C000024A000002404ED00E0704770B582
S3150800AF9004460D4600BF94F88400012801D102201A
S3150800AFA070BD012084F8840000BF2420C4F88800FE
S3150800AFB0206806682068006820F00100216808609B
S3150800AFC02068806820F060602843216888602046F1
S3150800AFD002F052FF206806602020C4F8880000BFEF
S3150800AFE0002084F8840000BF00BFD9E770B5044686
S3150800AFF00D4600BF94F88400012801D1022070BDD7
S3150800B000012084F8840000BF2420C4F88800206842
S3150800B01006682068006820F001002168086020683A
S3150800B020806820F06040284321688860204602F046
S3150800B03023FF206806602020C4F8880000BF00208F
S3150800B04084F8840000BF00BFD9E770477047000046
S3150800B05010B504460749206888420AD106480068A0
S3150800B060401C05490860D4F88C00202801D108F056
S3150800B070ADFD10BD00780040A40000242DE9F0477E
S3150800B08004462068C569206806682068876840F60F
S3150800B0900F0005EA0009B9F1000F0FD105F02000ED
S3150800B0A060B106F0200010B907F0805030B1606F2B
S3150800B0B010B12046616F8847BDE8F087B9F1000FE7
S3150800B0C07ED0F848384018B9F74830400028F7D0FD
S3150800B0D005F0010058B106F4807040B101202168DE
S3150800B0E00862D4F8900040F00100C4F8900005F01A
S3150800B0F0020058B107F0010040B102202168086239
S3150800B100D4F8900040F00400C4F8900005F004005C
S3150800B11058B107F0010040B1042021680862D4F84C
S3150800B120900040F00200C4F8900005F0080070B1E5
S3150800B13006F0200010B9DB48384040B108202168E5
S3150800B1400862D4F8900040F00800C4F8900005F4AE
S3150800B150006060B106F0806048B14FF40060216875
S3150800B1600862D4F8900040F02000C4F89000D4F8A3
S3150800B1709000002852D005F0200050B106F02000BB
S3150800B18010B907F0805020B1606F10B12046616F8A
S3150800B1908847D4F890A02068806800F040004028CE
S3150800B1A002D00AF0280070B3204603F057F820684A
S3150800B1B0806800F04000402826D100BF00BF00E0AC
S3150800B1C02DE02168083151E8001F21F04000216870
S3150800B1D0083141E80002002AF1D100BFD4F8800006
S3150800B1E068B1B248D4F880100865D4F88000F7F73B
S3150800B1F07FFD98B1D4F88000016D88470EE020469F
S3150800B200FFF726FF0AE003E02046FFF721FF05E0E7
S3150800B2102046FFF71DFF0020C4F890004CE7E06EBB
S3150800B22001287DD105F01000002879D006F010001D
S3150800B2300028FAD01020216808622068806800F08B
S3150800B240400040286DD1D4F88000006898498842AB
S3150800B2506BD0D4F88000006895491831884264D0CC
S3150800B260D4F8800000689249303188425DD0D4F81D
S3150800B270800000688E494831884256D0D4F880004C
S3150800B28000688B49603188424FD0D4F88000006846
S3150800B29087497831884248D0D4F8800000688449C4
S3150800B2A09031884241D0D4F8800000688049A8319E
S3150800B2B088423AD0D4F8800000687E49884234D063
S3150800B2C0D4F8800000687B49183188422DD0D4F81C
S3150800B2D08000006877493031884226D0D4F880004B
S3150800B2E000687449483188421FD0D4F88000006845
S3150800B2F070496031884218D0D4F8800000686D49DA
S3150800B3007831884211D0D4F88000006869499031B4
S3150800B31088420AD0D4F8800000686649A83102E05D
S3150800B320CAE07BE001E0884204D1D4F880000068D6
S3150800B330406803E0D4F88000006840681FFA80F887
S3150800B340B8F1000F58D0B4F85C00404554DDA4F8B5
S3150800B3505E80D4F88000C069B0F5807F40D000BF19
S3150800B36000BF216851E8001F21F48070226842E876
S3150800B37000010029F5D100BF00BF00BF21680831D0
S3150800B38051E8001F21F001002168083141E8000258
S3150800B390002AF3D100BF00BF00BF2168083151E879
S3150800B3A0001F21F040002168083141E80002002A08
S3150800B3B0F3D100BF2020C4F88C000020E06600BF4F
S3150800B3C000BF216851E8001F21F01000226842E8FA
S3150800B3D000010029F5D100BFD4F88000F7F71AFA62
S3150800B3E002202067B4F85C00B4F85E20801A81B2A7
S3150800B3F02046FFF78FFD10E0B4F85C0040450CD1FD
S3150800B400D4F88000C069B0F5807F06D10220206795
S3150800B410B4F85C102046FFF77DFD4DE634F85C0F66
S3150800B4206188401A1FFA80F860885C3CC8B3B8F196
S3150800B430000F36D000BF00BF216851E8001F21F475
S3150800B4409070226842E800010029F5D100BF00BFCC
S3150800B45000BF2168083151E8001F124AD24301EAA9
S3150800B46002002168083141E80002002AF1D100BF34
S3150800B4702020C4F88C000020E066606700BF00BF8B
S3150800B480216851E8001F21F01000226842E80001F7
S3150800B4900029F5D100BF0220206741462046FFF764
S3150800B4A039FD09E60100001020010004B3E0000898
S3150800B4B0100002401004024005F4801050B107F451
S3150800B4C0800038B14FF48010216808622046FFF7E3
S3150800B4D0BDFDF1E505F0800058B106F0800010B911
S3150800B4E007F4000028B1A06F10B12046A16F884765
S3150800B4F0E2E505F0400030B106F0400018B12046FC
S3150800B50002F0E2FED8E505F4000030B106F080400E
S3150800B51018B12046FFF799FDCEE505F0807030B1E9
S3150800B52006F0004018B12046FFF730FDC4E500BF1D
S3150800B530C2E510B504460CB9012010BDA06900B1DA
S3150800B54000E000BFD4F8880028B9002084F88400F9
S3150800B550204600F02BF82420C4F8880020680068EC
S3150800B56020F0010021680860A06A10B1204602F0A8
S3150800B570AFFC204603F0E2F9012800D1DDE7206898
S3150800B580406820F49040216848602068806820F070
S3150800B5902A00216888602068006840F00100216858
S3150800B5A00860204602F010FDC7E7000010B5B6B0E7
S3150800B5B00446142130A8F4F74FFFB82102A8F4F77F
S3150800B5C04BFFDD49206888427BD102210020CDE966
S3150800B5D002101F9002A8FCF77FFC08B1F5F7B7FF29
S3150800B5E000BFD648006840F08040D4490860084645
S3150800B5F0006800F08040019000BF00BF00BFCF4840
S3150800B6000838006840F01000CC4908390860084638
S3150800B610006800F01000019000BF00BF4FF4C07032
S3150800B62030900220319000203290339007203490D9
S3150800B63030A9C348F9F7CAFEC248C34908604F2073
S3150800B64048600021C0488160C1604FF48061016193
S3150800B650002141618161C16101624162F8F790FA96
S3150800B66008B1F5F774FF00BFB748C4F880008463D3
S3150800B67000BFB4481830B5490860502048604021DA
S3150800B680B24881600021C1604FF4806101610021E8
S3150800B69041618161C16101624162F8F771FA08B1DD
S3150800B6A0F5F755FF00BFA948E067846300BF00228D
S3150800B6B005215220FAF740F85220FAF729F839E11D
S3150800B6C0FFE7A3492068884241D101210020CDE93E
S3150800B6D00210209002A8FCF7FFFB08B1F5F737FF28
S3150800B6E000BF96480830006840F0100093490831BA
S3150800B6F008600846006800F01000019000BF00BF0F
S3150800B70000BF8E480838006840F001008B490839A8
S3150800B71008600846006800F00100019000BF00BFFD
S3150800B7204FF4C06030900220319000203290339060
S3150800B7300720349030A98748F9F748FE00220521EA
S3150800B7402520F9F7F9FF2520F9F7E2FFF2E082490B
S3150800B750206888423ED102210020CDE902101F90C0
S3150800B76002A8FCF7B9FB08B1F5F7F1FE00BF73486C
S3150800B770006840F40030714908600846006800F423
S3150800B7800030019000BF00BF00BF6C480838006851
S3150800B79040F008006949083908600846006800F062
S3150800B7A00800019000BF00BF702030900220319041
S3150800B7B00020329033900720349030A96748F9F773
S3150800B7C005FE002205212620F9F7B6FF2620F9F7FF
S3150800B7D09FFFAFE06249206888425AD102210020C3
S3150800B7E0CDE902101F9002A8FCF776FB08B1F5F721
S3150800B7F0AEFE00BF5148006840F480204F490860FB
S3150800B8000846006800F48020019000BF00BF00BF12
S3150800B8104A480838006840F0020048490839086074
S3150800B8200846006800F00200019000BF00BF00BF94
S3150800B8300846006840F0080008600846006800F0FE
S3150800B8400800019000BF00BF4FF4804030900220EE
S3150800B85031900020329033900720349030A9414827
S3150800B860F9F7B4FD4FF44070309002203190002073
S3150800B870329033900720349030A93848F9F7A6FD5E
S3150800B880002205212720F9F757FF2720F9F740FF5F
S3150800B89050E03549206888424CD101210020CDE985
S3150800B8A00210209002A8FCF717FB08B1F5F74FFE27
S3150800B8B000BF22480830006840F080001F49083160
S3150800B8C008600846006800F08000019000BF00BFCD
S3150800B8D000BF1A480838006840F0100017490839B0
S3150800B8E008600846006800F01000019000BF00BF1D
S3150800B8F004203090022031900020329033900420AA
S3150800B900349030A90E48F9F761FD082030900220DE
S3150800B91031900020329033900B20349030A908489B
S3150800B920F9F754FD002205219C20F9F705FF9C2014
S3150800B930F9F7EEFE36B010BD00780040E84402582C
S3150800B9400010025828000240CC2C0024442D002464
S3150800B950001001400000025800440040000C025844
S3150800B9600048004000040258001C014070B5044617
S3150800B9700D461646D4F88C00202821D105B10EB9FB
S3150800B980012070BD0020E0660E492068884211D06B
S3150800B9902068406800F4000060B100BF00BF21685D
S3150800B9A051E8001F41F08060226842E80001002942
S3150800B9B0F5D100BF32462946204603F037FBE0E7BB
S3150800B9C00220DEE7000C005810B504461A488442E7
S3150800B9D00ED1052219A11B48F4F757FD10B901200D
S3150800B9E019490870052217491348FFF7BFFF22E0D7
S3150800B9F0164884420ED1052210A11548F4F745FDD4
S3150800BA0010B9012013490870052211490F48FFF79C
S3150800BA10ADFF10E0104884420DD1052207A10F485A
S3150800BA20F4F733FD10B901200D49087005220B49BA
S3150800BA300948FFF79BFF10BD7C2A002474657374C0
S3150800BA400A0000001400002419000024E829002434
S3150800BA502000002425000024382C00242600002479
S3150800BA602B0000247047000070B504460E461546A4
S3150800BA70D4F8880020283FD106B10DB9012070BD41
S3150800BA8044F8506FA580E580002020642120A0633B
S3150800BA90E06A503CE0B11948E16FC8631848E16FA5
S3150800BAA008641848E16FC8640020E16F08652368D8
S3150800BAB003F128022B46216DE06FF8F7EBFA38B14F
S3150800BAC01020C4F890002020C4F888000120D6E78A
S3150800BAD040202168086200BF00BF2168083151E88C
S3150800BAE0001F41F080002168083141E80002002A61
S3150800BAF0F3D100BF0020C2E70220C0E7F9E1000841
S3150800BB004DE20008C7E000087047704700BFFEE72F
S3150800BB102DED028B98B04FF4FA7007F0DAF90C2184
S3150800BB209B48FFF7D3F806219AA0F5F725FA02E015
S3150800BB30642007F0CEF9F5F778F80028F8D1974A87
S3150800BB4097499848F5F780F89748F4F7DDFF0821F4
S3150800BB5096A0F5F711FA984903C9CDE91601964951
S3150800BB60083103C9CDE914014FF4FA7007F0B1F9A9
S3150800BB7016A801F076FB322007F0ABF914A801F0FD
S3150800BB8070FB322007F0A5F90024F5EE008A00BF05
S3150800BB90824A83498348F5F757F8814A814982489A
S3150800BBA0F4F7C6FF854B1A1F111F7F48F5F780FE6D
S3150800BBB07D4807F0FDF8B0EE408A814880ED008A9E
S3150800BBC0601C0446322813D300249FED7E0B8DEDAE
S3150800BBD0020BB7EEC80A8DED000B7CA2402104A823
S3150800BBE006F098F80546A9B204A8F5F7C5F900BF06
S3150800BBF0794890ED000A794880ED000A784890ED7A
S3150800BC00000A754880ED000A644890ED000ADFEDE9
S3150800BC10750A30EEC00A724880ED000A90ED000AF7
S3150800BC20DFED710A20EE200AD0ED000A6A4890ED91
S3150800BC30001A70EE810A694890ED001A70EE810AC2
S3150800BC409FED6A1A01EE200A6548D0ED000A62489F
S3150800BC5090ED001A70EEC10AB2EE041A01EE200A3F
S3150800BC60634880ED000A90ED000ADFED620AB4EE43
S3150800BC70E00AF1EE10FA03DD9FED5E0A80ED000A98
S3150800BC805B4890ED000AB5EEC00AF1EE10FA03D251
S3150800BC909FED590A80ED000A554890ED000ABCEE62
S3150800BCA0C00A10EE100A80B2394909680864534878
S3150800BCB00078002845D052480078002841D15148DC
S3150800BCC00078D8B100204F4908704F48007820B94D
S3150800BCD0B5EE000AF0EE408A10E04B4800780128DD
S3150800BCE004D1B0EE040AF0EE408A07E04648007830
S3150800BCF0022803D19FED450AF0EE408AB0EE680AA5
S3150800BD0016A801F0CDFA28B941480068401C4049F8
S3150800BD10086004E03F480068401C3E4908609FED03
S3150800BD203E0A14A801F0BCFA28B939480068401C34
S3150800BD303749086027E037480068401C35490860DD
S3150800BD4021E09FED2D0A16A801F0D6FA28B9304849
S3150800BD500068401C2E49086004E02E480068401C14
S3150800BD602C4908609FED240A14A801F0C5FA28B9E1
S3150800BD7027480068401C2649086004E025480068F2
S3150800BD80401C24490860012007F0A3F800E70000DA
S3150800BD9004290024424F4F540D0A000034000024A1
S3150800BDA06C0200246002002478020024494D555F85
S3150800BDB04F4B0D0A0000000058510108900200245C
S3150800BDC054000024000000803D0A1240252E3266E9
S3150800BDD02C252E32660D0A0040000024440000245B
S3150800BDE03C000024000020420000C84200004842EF
S3150800BDF0380000240000FA43000000005000002428
S3150800BE0051000024E5010024E4010024666686400A
S3150800BE10480000244C000024EC51904030B50B46F5
S3150800BE20002100BF16E00A24B4EB107F05D93024A0
S3150800BE3004EB107403F8114005E0412404EB107478
S3150800BE400A3C03F81140000100254C00641C1D55EE
S3150800BE504C1CE1B29142E6DB30BD024602F16000BD
S3150800BE6000EB8103186800F0F840704701468868BF
S3150800BE70C0F3C00070470146886800F001007047AB
S3150800BE800146886800F00100704701468868C0F3DB
S3150800BE900070704701468868C0F380007047014605
S3150800BEA08868C0F380007047826822F0E0720A430F
S3150800BEB08260704710B5034603F1600404EB810005
S3150800BEC0074CA34205D1046824F0004414430460D7
S3150800BED004E0046824F000441443046010BD000024
S3150800BEE00060025800B58DB000200A900B900C90A7
S3150800BEF0242101A8F4F7B0FA2848294908604FF424
S3150800BF001010486000212648816001210161042142
S3150800BF10416100210176012141760221C16100219A
S3150800BF2080F820108162C162032101630021C16388
S3150800BF30016480F8441001218164F6F735FA08B1E6
S3150800BF40F5F705FB00200A900AA91548F5F738FD0C
S3150800BF5008B1F5F7FCFA1348019006200290042070
S3150800BF60039040F2FF70049004200590002006908C
S3150800BF708DF8250001A90A48F5F7D4FD08B1F5F7AB
S3150800BF80E6FA094801900C20029001A90448F5F741
S3150800BF90C9FD08B1F5F7DBFA0DB000BD0020024077
S3150800BFA0F40900241000C0100000B84F08B500BFFF
S3150800BFB01248006840F00100104908600846006809
S3150800BFC000F00100009000BF00BF002205210B20F1
S3150800BFD0F9F7B2FB0B20F9F79BFB002205210C2091
S3150800BFE0F9F7AAFB0C20F9F793FB002205210D208F
S3150800BFF0F9F7A2FB0D20F9F78BFB08BDD8440258C8
S3150800C00010B51C481C4908600020886000211A48A1
S3150800C010C1600174417481741421416101218161F7
S3150800C0200321C16102210162012141628162C1626B
S3150800C030016300214163012181630021C16320213D
S3150800C040016404214164002181640421C164002142
S3150800C05001650421416500218165C16520210166CC
S3150800C0600021416604218166F8F728FE08B1F5F734
S3150800C0706EFA10BD00A00040DC0A002410B51D4869
S3150800C0801D4908600020886000211B48C1600174B2
S3150800C0904174817414214161012181610321C161C7
S3150800C0A002210162012141628162C162016340F29B
S3150800C0B006414163012181630021C1632021016496
S3150800C0C004214164002181640421C16400210165C1
S3150800C0D00421416500218165C16520210166002191
S3150800C0E0416604218166F8F7E9FD08B1F5F72FFAEC
S3150800C0F010BD000000A400407C0B002410B51B48AE
S3150800C1001B4908600020886000211948C160017435
S3150800C110417481741821416101218161C161016203
S3150800C12041628162C162016340F6120141630121E5
S3150800C13081630021C1632021016404214164002137
S3150800C14081640421C164002101650421416500213F
S3150800C1508165C16520210166002141660421816649
S3150800C160F8F7ACFD08B1F5F7F2F910BD00D40040B8
S3150800C1701C0C002400B5ABB0002029902A900121A0
S3150800C18029A806F0CBFE29490860002027902890A8
S3150800C190012127A806F0C2FE25490860254B0FCBCA
S3150800C1A0CDE92523CDE92301002123A806F0A2FE27
S3150800C1B0214908601C221F4910311CA8F4F733F9DD
S3150800C1C000211CA806F0D6FE1C4908601C22194945
S3150800C1D02C3115A8F4F727F9002115A806F0CAFE90
S3150800C1E0174908601C22134948310EA8F4F71BF9B1
S3150800C1F000210EA806F0BEFE124908601C220D4951
S3150800C200643107A8F4F70FF9002107A806F0B2FE73
S3150800C2100D4908601C22074980316846F4F703F97E
S3150800C2200021684606F0A6FE2BB000BDC00000241B
S3150800C230C400002468510108BC000024AC00002496
S3150800C240B0000024B4000024B800002400B587B06C
S3150800C250142102A8F4F700F900BF9248006840F0DC
S3150800C2601000904908600846006800F01000019028
S3150800C27000BF00BF00BF0846006840F00400086021
S3150800C2800846006800F00400019000BF00BF00BF28
S3150800C2900846006840F0800008600846006800F01C
S3150800C2A08000019000BF00BF00BF0846006840F04C
S3150800C2B0010008600846006800F00100019000BF10
S3150800C2C000BF00BF0846006840F002000860084644
S3150800C2D0006800F00200019000BF00BF00BF0846DA
S3150800C2E0006840F0080008600846006800F008008A
S3150800C2F0019000BF00BF012244F229016A48F9F7FC
S3150800C3005DF9012251036848F9F758F900224FF4FC
S3150800C31000416548F9F752F9012251036348F9F7D4
S3150800C3204DF900224FF400416048F9F747F9002219
S3150800C3304FF440615E48F9F741F9012211035C4860
S3150800C340F9F73CF900224FF480615A48F9F736F9B3
S3150800C3504FF4C040029001200390002004900590FD
S3150800C36002A95148F9F732F84FF40040029001202B
S3150800C370039000200490059002A94B48F9F726F887
S3150800C3804FF400500290012003900020049005907D
S3150800C39002A94648F9F71AF8012250214248F9F746
S3150800C3A00DF95020029001200390002004900320EC
S3150800C3B0059002A93C48F9F709F8292002900120BE
S3150800C3C00390002004900320059002A93648F8F748
S3150800C3D0FDFF4FF4A05002904FF488100390002000
S3150800C3E0049002A93148F8F7F1FF4FF40040029093
S3150800C3F00120039000200490059002A92B48F8F725
S3150800C400E5FF4FF44060029001200390002004905D
S3150800C410059002A92648F8F7D9FF4FF480500290F4
S3150800C4200120039004900320059002A92048F8F7FC
S3150800C430CDFF4FF480600290012003900020049005
S3150800C440059002A91B48F8F7C1FF4FF4C0500290A7
S3150800C4500220039000200490032005900A200690ED
S3150800C46002A91548F8F7B2FF4FF48070029002202F
S3150800C4700390002004900590069002A90E48F8F74C
S3150800C480A5FF4FF40040029000200390049002A9F3
S3150800C4900948F8F79BFF00214FF00060FDF728FFD9
S3150800C4A007B000BDE04402580008025800100258C0
S3150800C4B000040258000C02580000025830B587B034
S3150800C4C0182101A8F3F7C8FF224D002403E0002035
S3150800C4D005F8010B641C5C2CF9D31F481D4908603C
S3150800C4E00846F9F7FBFC1D481A4908600820486009
S3150800C4F0002118488160C16017210161012141614D
S3150800C500002181610121C16100210162032141628B
S3150800C5104FF0804181620021C162016308214163B5
S3150800C52000218163C163F9F7F3FC08B1F5F70FF849
S3150800C5300120019003904FF00110049041F28832D7
S3150800C54001A90448F9F74AF908B1F5F700F807B060
S3150800C55030BD00002C2600240050005200A00052D6
S3150800C56010B51648164908604FF480004860411116
S3150800C570134881600721C1604FF0007101610021F5
S3150800C58041614FF0806181618900C16100210162CA
S3150800C59041628162C1624FF080414163002181633B
S3150800C5A0C163016441648164C16401654165816553
S3150800C5B0FDF774FA08B1F4F7CAFF10BD0030014060
S3150800C5C08826002410B51648164908604FF48000DE
S3150800C5D048600021134881600721C1604FF000714F
S3150800C5E0016149104161890081610901C161002128
S3150800C5F0016241628162C1624FF08041416300215C
S3150800C6008163C163016441648164C16401654165F4
S3150800C6108165FDF743FA08B1F4F799FF10BD0000EC
S3150800C620003800401027002410B51648164908603F
S3150800C6304FF4800048604111134881600721C160AA
S3150800C640002101614FF08071416189008161890093
S3150800C650C1610021016241628162C1624FF080417D
S3150800C660416300218163C163016441648164C164DB
S3150800C670016541658165FDF711FA08B1F4F767FFB1
S3150800C68010BD0000001400589827002400B58BB090
S3150800C6900020089009900A901C2101A8F3F7DCFEF7
S3150800C6A01748184908601720486000211548816016
S3150800C6B040F2CF71C160002101618161FEF775FA10
S3150800C6C008B1F4F744FF002008900A9008A90D481D
S3150800C6D0FDF780FE08B1F4F73AFF602001900020CC
S3150800C6E0029003900590042201A90648FEF7A5F9D1
S3150800C6F008B1F4F72CFF0348FEF706F90BB000BDA6
S3150800C700001800409C29002400B597B0002014901A
S3150800C710159016901C210DA8F3F79EFE3421684645
S3150800C720F3F79AFE27482849086018204860002130
S3150800C7302548816042F21071C160002101614161A2
S3150800C7408161FEF732FA08B1F4F701FF0020149070
S3150800C7501590169014A91C48FDF73CFE08B1F4F78D
S3150800C760F6FE60200D9041F288300E9000200F9062
S3150800C770109011901290139000220DA91248FEF7FE
S3150800C7805CF908B1F4F7E3FE0020009001900290EE
S3150800C790039004904FF400500590002006900890EE
S3150800C7A04FF00070099000200A900C9069460648E0
S3150800C7B0FDF7ACFD08B1F4F7CAFE0348FEF7A4F886
S3150800C7C017B000BD000001406C28002400B58BB0EE
S3150800C7D00020089009900A901C2101A8F3F73CFE56
S3150800C7E04FF080401C4908601820486000211A480C
S3150800C7F0816042F21071C160002101618161FEF71A
S3150800C800D4F908B1F4F7A3FE002008900A9008A905
S3150800C8101148FDF7DFFD08B1F4F799FE6020019095
S3150800C82041F288300290002003900590002201A969
S3150800C8300948FEF702F908B1F4F789FE082201A9AA
S3150800C8400548FEF7FAF808B1F4F781FE0248FEF744
S3150800C8505BF80BB000BD0000B828002400B58BB00B
S3150800C8600020089009900A901C2101A8F3F7F4FD0E
S3150800C8701848194908601720486000211648816041
S3150800C88042F20F71C1600021016180218161FEF7CA
S3150800C8908CF908B1F4F75BFE002008900A9008A905
S3150800C8A00D48FDF797FD08B1F4F751FE6020019099
S3150800C8B000200290039005900C2201A90648FEF775
S3150800C8C0BCF808B1F4F743FE0348FEF71DF80BB0B1
S3150800C8D000BD0000000400400429002400B587B00C
S3150800C8E00020039004900590069000900190029015
S3150800C8F014481549086017204860002112488160CD
S3150800C90042F20F71C160002101618161FDF7D4FD1A
S3150800C91008B1F4F71CFE4FF48050039003A90A48A7
S3150800C920FDF78AFE08B1F4F712FE00200090029087
S3150800C93069460548FDF74EFD08B1F4F708FE07B04D
S3150800C94000BD0000000800405029002410B5184812
S3150800C950184908604FF4E1304860002115488160A5
S3150800C960C16001610C21416100218161C1610162DF
S3150800C970416200200F4988620846FEF7DAFD08B1D1
S3150800C980F4F7E5FD00210B48FEF730FB08B1F4F794
S3150800C990DEFD00210748FEF7FAFA08B1F4F7D7FDDD
S3150800C9A00448FEF75EFA08B1F4F7D1FD10BD0000A1
S3150800C9B000780040E829002410B51848184908608E
S3150800C9C04FF461204860002115488160C16001610B
S3150800C9D00C21416100218161C1610162416200202F
S3150800C9E00F4988620846FEF7A4FD08B1F4F7AFFDC3
S3150800C9F000210B48FEF7FAFA08B1F4F7A8FD002162
S3150800CA000748FEF7C4FA08B1F4F7A1FD0448FEF793
S3150800CA1028FA08B1F4F79BFD10BD0000001C014080
S3150800CA20382C002410B51848184908604FF46120BE
S3150800CA304860002115488160C16001610C2141618F
S3150800CA4000218161C1610162416200200F4988624B
S3150800CA500846FEF76EFD08B1F4F779FD00210B488C
S3150800CA60FEF7C4FA08B1F4F772FD00210748FEF78D
S3150800CA708EFA08B1F4F76BFD0448FEF7F2F908B12F
S3150800CA80F4F765FD10BD0000001001407C2A002463
S3150800CA9010B51948194908604FF46120486000210B
S3150800CAA016488160C16001610C21416100218161E4
S3150800CAB0C1610162416200201049886200231A465A
S3150800CAC019460E48FCF79EFF08B1F4F740FD002111
S3150800CAD00A48FEF78BFA08B1F4F739FD0021074832
S3150800CAE0FEF755FA08B1F4F732FD0448FEF7B9F92E
S3150800CAF008B1F4F72CFD10BD00440040102B0024AB
S3150800CB0010B51948194908604FF46120486000219A
S3150800CB1016488160C16001610C2141610021816173
S3150800CB20C1610162416200201049886200231A46E9
S3150800CB3019460E48FCF766FF08B1F4F708FD002110
S3150800CB400A48FEF753FA08B1F4F701FD0021074831
S3150800CB50FEF71DFA08B1F4F7FAFC0448FEF781F966
S3150800CB6008B1F4F7F4FC10BD00480040A42B0024DB
S3150800CB7010B501220E490F4803F00EFA08B1F4F772
S3150800CB80E6FC0D490B4803F045FD08B1F4F7DFFC58
S3150800CB900A49084802F0EEFD08B1F4F7D8FC054842
S3150800CBA003F03AFE08B1F4F7D2FCFAF75BFA10BDC7
S3150800CBB0FC010024046C0024E8000024E801002499
S3150800CBC000B52DED068B0246B0EE403BB0EE414A6D
S3150800CBD0F0EE615AF0EE424AB0EE625AF5EEC05AED
S3150800CBE0F1EE10FA09D1F5EEC04AF1EE10FA04D1C9
S3150800CBF0B5EEC05AF1EE10FA7ED065EEA50A44EEFF
S3150800CC00A40A45EE050AB0EE600A06F009F9F0EE48
S3150800CC10402A25EEA20AF0EE405A24EEA20AF0EEC9
S3150800CC20404A25EE220AB0EE405A92ED010AD2EDAC
S3150800CC30030A20EE200AD2ED000A92ED021AF0EE5F
S3150800CC40408A40EEC18A92ED000AD2ED010A20EE32
S3150800CC50200AD2ED020A92ED031AF0EE409A40EE4F
S3150800CC60819AD2ED000A92ED001AB6EE000A10EE8D
S3150800CC70810AD2ED030A92ED031AB0EE409A00EE4D
S3150800CC80819A24EE890AF0EE407A45EE697A25EE15
S3150800CC90280AB0EE40AA05EEC9AA25EEA90AB0EE02
S3150800CCA0408A04EEE88A7C4890ED000AB5EEC00A90
S3150800CCB0F1EE10FA40DD90ED000A60EE270A77489B
S3150800CCC090ED000A9FED761A00EE810A80ED000AC3
S3150800CCD0714890ED000A60EE0A0A724890ED000A63
S3150800CCE09FED6F1A00EE810A80ED000A6A4890ED02
S3150800CCF0000A60EE080A00E046E06B4890ED000A7C
S3150800CD009FED671A00EE810A80ED000A634890EDF0
S3150800CD10000A33EE000AB0EE403A624890ED000A87
S3150800CD2033EE800AF0EE403A5F4890ED000A34EEA2
S3150800CD30000AB0EE404A0EE09FED5C0A574880EDC7
S3150800CD40000A9FED5A0A574880ED000A9FED570AD8
S3150800CD50554880ED000A5648D0ED000AB0EE430A61
S3150800CD6000EEA70AB0EE403AD0ED000AB0EE630A2C
S3150800CD7000EE8A0AF0EE403AD0ED000AB0EE440A18
S3150800CD8000EE880AB0EE404A9FED4A0A23EE000AF2
S3150800CD90B0EE403A9FED470A23EE800AF0EE403A9D
S3150800CDA09FED440A24EE000AB0EE404A92ED006A6E
S3150800CDB0D2ED016A92ED027AB1EE660A20EE030A16
S3150800CDC007EE630AD2ED030A00EEC40AD2ED000AA2
S3150800CDD030EE200A82ED000A26EE030A07EE040A60
S3150800CDE0D2ED030A00EEE30AD2ED010A30EE200A7C
S3150800CDF082ED010A26EE230A06EEC40AD2ED030ADC
S3150800CE0000EE830AD2ED020A30EE200A82ED020A0B
S3150800CE1026EE040A06EEA30A07EE430AD2ED030A33
S3150800CE2030EE200A82ED030AD2ED000A60EEA00A6F
S3150800CE3092ED011AD2ED011A41EE210A92ED021A7B
S3150800CE40D2ED021A41EE210A92ED031AD2ED031A27
S3150800CE5041EE210AB0EE600A05F0E2FFF0EE402A44
S3150800CE6092ED000A20EE220A82ED000A92ED010AEE
S3150800CE7020EE220A82ED010A92ED020A20EE220A2B
S3150800CE8082ED020A92ED030A20EE220A82ED030AD7
S3150800CE90BDEC068B00BD0000040000240800002439
S3150800CEA06F12833A0C0000241000002400000000D2
S3150800CEB0000000246F12033A00BFFEE700BFFEE73A
S3150800CEC0F0B505460020002415B1022D00D809B991
S3150800CED0012064E000260E604E608E60CE600E6112
S3150800CEE0022D08D12E4E366806F001060EB92D4CD5
S3150800CEF001E04FF4007400234FE0294E361D56F822
S3150800CF00232002F001063EB102F0020604F00207F1
S3150800CF10BE4201D15E1C0E6002F010063EB102F060
S3150800CF20200604F02007BE4201D15E1C4E6002F4C2
S3150800CF3080763EB102F4007604F40077BE4201D151
S3150800CF405E1C8E6002F480368EB102F4802604F4EC
S3150800CF508027BE420BD102F4003626B95E1C46F481
S3150800CF608036CE6003E05E1C46F08076CE6002F026
S3150800CF7080768EB102F0806604F08067BE420BD1DF
S3150800CF8002F0007626B95E1C46F480360E6103E090
S3150800CF905E1C46F080760E615B1C022BADD3F0BD9D
S3150800CFA000B40052220204042DE9F04104460E465C
S3150800CFB017469846069D12E0681C80B1F8F704FBF0
S3150800CFC0A0EB0800A84200D84DB94FF400702065C0
S3150800CFD0606D40F0010060650120BDE8F0812068C1
S3150800CFE0006A304008B1012000E00020B842E3D1D1
S3150800CFF00020F2E710B50248F9F7F9FA10BD00006B
S3150800D000E08000242DE9F04704460D462668374699
S3150800D010D6F8408007F5306000EB4510D0F8089048
S3150800D020104880450BD909F40040B0F5004F06D1E9
S3150800D0304FF4004107F5306000EB4510816020464B
S3150800D040F9F796FF0748804508D9A079012805D140
S3150800D05004F29C420121206804F092F80020BDE801
S3150800D060F08700000A30544F2DE9F04705460C4674
S3150800D070D5F800904E46D9F840A006F5306000EB8A
S3150800D0804410D0F80880A879012855D108F008007E
S3150800D09008280FD1434882450BD908F40040B0F55B
S3150800D0A0004F7BD14FF4004106F5306000EB441089
S3150800D0B0816073E008F02000202806D1202106F5BB
S3150800D0C0306000EB4410816068E008F02800002812
S3150800D0D064D1344882450CD908F40040B0F5004FB5
S3150800D0E007D14FF4004106F5306000EB441081602B
S3150800D0F054E004EBC40105F5157000EB810706F54D
S3150800D100306000EB4410396A0069C0F31200081A4F
S3150800D110786164B9386930B905F29C4201212868FA
S3150800D12004F02EF803E07969F8680844F860E1B27B
S3150800D1302846F9F7D3F831E01B4882451BD108F495
S3150800D1400040B0F5004F07D14FF4004106F53060B6
S3150800D15000EB4410816021E008F02000202805D16A
S3150800D160202106F5306000EB44108160E1B22846C4
S3150800D170F9F7B4F812E06CB904EBC40105F51570BB
S3150800D18000EB8100006928B905F29C420021286855
S3150800D19003F0F6FFE1B22846F9F7A0F80020BDE84B
S3150800D1A0F08700000A30544F0A31544F2DE9F84FE2
S3150800D1B007460E46D7F80090C84606EBC60107F1A3
S3150800D1C0140000EB8104D4E90410884202D9012036
S3150800D1D0BDE8F88FD4E90401451AA068A84200D230
S3150800D1E0A568E81C4FEA900A17E0D4E90401451A35
S3150800D1F0A068A84200D2A568E81C4FEA900AB87948
S3150800D200ABB2F2B200904846E16804F081FCE068EF
S3150800D2102844E06060692844606108F5106000EB06
S3150800D2204610806980B2504506D3D4E90410884276
S3150800D23002D220690028D8D1D4E9040188420ED840
S3150800D24006F00F01012000FA01FB40F6340050F801
S3150800D250080020EA0B0040F6340141F808000020D7
S3150800D260B6E710B5044600220121204600F001F871
S3150800D27010BDF8B504460E4615468DF80060E8B2AE
S3150800D2808DF80100280A8DF80200207800F58067DD
S3150800D290394603236A46606805F06EFDF8BD00004E
S3150800D2A070B52DED028B0446B0EE408A9FED0F1A3D
S3150800D2B0DFED0F0AB0EE480A05F018FDB0EE408A19
S3150800D2C0DFED0A0A88EE200ADFED0A0A20EE200AB8
S3150800D2D0BDEEC00A10EE100A05B22A460521204600
S3150800D2E0FFF7C7FFBDEC028B70BD0000DB0FC9401E
S3150800D2F00000000000FF7F4770B52DED028B044645
S3150800D300B0EE408A9FED0F1ADFED0F0AB0EE480A1D
S3150800D31005F0ECFCB0EE408ADFED0A0A88EE200A3A
S3150800D320DFED0A0A20EE200ABDEEC00A10EE100A4A
S3150800D33005B22A4604212046FFF79BFFBDEC028B67
S3150800D34070BD000000007A4400007AC400FEFF4663
S3150800D3502DE9F04104460E4600275548006800F0BE
S3150800D3600300032802D10120BDE8F081504828387F
S3150800D370006820F080604E4928390860F8F724F9DB
S3150800D380054606E0F8F720F9401B022801D90320D4
S3150800D390EAE7474828380068C0F3C0600028F1D19A
S3150800D3A000BF4348006820F47C30216840EA013019
S3150800D3B03F490860A088401EC0F30800A168491EBE
S3150800D3C04FF47E4202EA41210843A189491ED2014F
S3150800D3D002EA01410843217C491E120202EA016160
S3150800D3E0084333491031086000BF3148001D006802
S3150800D3F020F0C000616908432D49091D08600846E8
S3150800D400006820F02000A16908432949091D086021
S3150800D4100846006820F010000860254814300068A7
S3150800D4204FF6F8718843E16940EAC1002049143192
S3150800D43008601F48001D006840F010001C49091DBF
S3150800D44008602EB90846006840F40020086012E01B
S3150800D450012E08D11648001D006840F480101449B2
S3150800D460091D086007E01248001D006840F4001016
S3150800D4700F49091D08600E482838006840F080608A
S3150800D4800B4928390860F8F79FF8054606E0F8F7CB
S3150800D4909BF8401B022801D9032065E70448283871
S3150800D4A00068C0F3C0600028F1D038465CE7000089
S3150800D4B0284402582DE9F04104460E4600275548EF
S3150800D4C0006800F00300032802D10120BDE8F081BE
S3150800D4D050482838006820F080504E49283908609E
S3150800D4E0F8F772F8054606E0F8F76EF8401B0228CA
S3150800D4F001D90320EAE7474828380068C0F3407096
S3150800D5000028F1D100BF4348006820F07C702188CC
S3150800D51040EA01503F490860A088401EC0F3080051
S3150800D520A168491E4FF47E4202EA41210843A189B7
S3150800D530491ED20102EA01410843217C491E120212
S3150800D54002EA0161084333491831086000BF3148CF
S3150800D550001D006820F44060616908432D49091DD3
S3150800D56008600846006820F40070A1690843294944
S3150800D570091D08600846006820F480700860254880
S3150800D5801C3000684FF6F8718843E16940EAC1002B
S3150800D59020491C3108601F48001D006840F480704F
S3150800D5A01C49091D08602EB90846006840F4800029
S3150800D5B0086012E0012E08D11648001D006840F4E4
S3150800D5C000001449091D086007E01248001D00689C
S3150800D5D040F080700F49091D08600E482838006819
S3150800D5E040F080500B4928390860F7F7EDFF0546EB
S3150800D5F006E0F7F7E9FF401B022801D9032065E793
S3150800D600044828380068C0F340700028F1D038462E
S3150800D6105CE700002844025802685169026892696A
S3150800D62042F0080203689A610268926942F01002A1
S3150800D63003689A610268126822F0010203681A6098
S3150800D6400268126940F26F339A4303681A610268E6
S3150800D650926822F4404203689A6090F88120042A6E
S3150800D6600ED001F020025AB1D0F8842042F0800290
S3150800D670C0F884200268926942F0200203689A6121
S3150800D68090F88120032A0ED001F040025AB1D0F852
S3150800D690842042F00402C0F884200268926942F0AD
S3150800D6A0400203689A6101F400725AB1D0F88420E6
S3150800D6B042F00102C0F884200268926942F40072BE
S3150800D6C003689A6101F480725AB1D0F8842042F056
S3150800D6D00802C0F884200268926942F480720368DE
S3150800D6E09A610022A0F86220A0F86A20704710B557
S3150800D6F001460124C86B04EB5013C868421CD01DB0
S3150800D700C20802FB03F010BD2DE9F04106460D469E
S3150800D71017461C46DDF818800BE0F7F755FFA0EB17
S3150800D7200800A04201D3601C00B914B90320BDE863
S3150800D730F081306840692840A84201D1012000E004
S3150800D7400020B842E9D00020F1E730B501460A4684
S3150800D7501378521C147843EA042030BDFFF708FA00
S3150800D76000BF012005F0B5FBFBE700BF012005F06F
S3150800D770B0FBFBE710B500BF502080F31188BFF35C
S3150800D7804F8FBFF36F8F00BF07F092FA18B14FF0B3
S3150800D79080500449086000BF002080F3118800BF4C
S3150800D7A010BD000004ED00E000B59DB04C210AA8AC
S3150800D7B0F2F752FE202102A8F2F74EFE0220F9F7F0
S3150800D7C021FC00BF002001902A48006820F4404050
S3150800D7D0284908600846006800F44040019000BFE8
S3150800D7E000BF00BF2348006800F40050B0F5005F92
S3150800D7F0F8D123200A904FF480300B9001200D9029
S3150800D80040200E90012010900220139002211491BE
S3150800D81015912821169101211791042118910221A9
S3150800D82019910C211A9100211B911C910AA8FBF74A
S3150800D8303BFD08B1F3F78BFE3F20029003200390CF
S3150800D84000200490082005904020069007900001CB
S3150800D850089040200990032102A8FBF7A1F908B116
S3150800D860F3F775FE4FF4802200210846FBF7BEFC4D
S3150800D8701DB000BD184802582F48006840F47000D3
S3150800D8802D4908602D48006800F00F00072806D2C9
S3150800D8902A48006820F00F00C01D2849086028485B
S3150800D8A0006840F00100264908600020244910312C
S3150800D8B008602348006823490840214908601F4832
S3150800D8C0006800F00F00072806D91C48006820F0F9
S3150800D8D00F00C01D19490860002019491831086051
S3150800D8E0091D0860091D0860174815492831086090
S3150800D8F01648091D08601648091D08600020091DFC
S3150800D90008601348091D08600020091D08601048B2
S3150800D910091D08600020091D08600948006820F4F0
S3150800D920802007490860002005496031086043F2F5
S3150800D930D20008490860704788ED00E000200052D0
S3150800D940004402587FEDF6EA000202020000FF01D9
S3150800D950800201010040005210B50248FCF707FF9B
S3150800D96010BD00002028002410B50248FCF7FFFE71
S3150800D97010BD00005029002410B502682E4B9842AD
S3150800D9800ED0B0F1804F0BD02C4B984208D02C4BC0
S3150800D990984205D02B4B984202D02B4B984203D184
S3150800D9A022F070024B681A43234B98421DD0B0F1FF
S3150800D9B0804F1AD0214B984217D0214B984214D049
S3150800D9C0204B984211D0204B98420ED01F4B9842BC
S3150800D9D00BD01F4B984208D01E4B984205D01E4BC1
S3150800D9E0984202D01D4B984203D122F44072CB686C
S3150800D9F01A4322F080034C6943EA04028B68C36227
S3150800DA000B6883620C4B98420BD00F4B984208D098
S3150800DA100E4B984205D00E4B984202D00D4B9842B9
S3150800DA2001D10B690363036843F004030360012310
S3150800DA304361026010BD0000000001400004004080
S3150800DA4000080040000C004000040140004001406E
S3150800DA50004401400048014000E0004000E4004066
S3150800DA6030B501F01F05012404FA05F3046A9C4346
S3150800DA700462046A01F01F0502FA05F52C430462E4
S3150800DA8030BD30B50C46816821F47F4142EA032552
S3150800DA9025432943816030BD0A468168034B1940F6
S3150800DAA042F0070319438160704700008FFFCFFFDC
S3150800DAB030B5026A056A25F001050562436884697E
S3150800DAC0204D2C4024F003040D682C4322F002025A
S3150800DAD08D682A431C4DA84200D10FE01B4DA84271
S3150800DAE000D10BE01A4DA84200D107E0194DA84213
S3150800DAF000D103E0184DA84206D100BF22F0080263
S3150800DB00CD682A4322F004020F4DA8420BD00F4DD0
S3150800DB10A84208D00E4DA84205D00E4DA84202D004
S3150800DB200D4DA84207D123F4807323F400734D6981
S3150800DB302B438D692B43436084614D6845630262BC
S3150800DB4030BD00008FFFFEFF0000014000040140C9
S3150800DB5000400140004401400048014030B5026AD7
S3150800DB60056A25F01005056243688469224D2C4034
S3150800DB7024F440740D6844EA052422F020028D68D6
S3150800DB8042EA05121D4DA84200D10FE01C4DA842DD
S3150800DB9000D10BE01B4DA84200D100BF1A4DA84288
S3150800DBA000D100BF194DA84207D106E022F0800235
S3150800DBB0CD6842EA051222F04002104DA8420BD069
S3150800DBC00F4DA84208D00F4DA84205D00E4DA842C9
S3150800DBD002D00E4DA84209D123F4806323F40063D2
S3150800DBE04D6943EA85038D6943EA85034360846189
S3150800DBF04D688563026230BDFF8FFFFE000001405D
S3150800DC000004014000400140004401400048014032
S3150800DC1030B5026A056A25F4807505624368C469E9
S3150800DC20224D2C4024F003040D682C4322F4007284
S3150800DC308D6842EA05221E4DA84200D10FE01D4D0F
S3150800DC40A84200D10BE01C4DA84200D100BF1B4DD5
S3150800DC50A84200D100BF1A4DA84207D106E022F417
S3150800DC600062CD6842EA052222F48062104DA8427D
S3150800DC700BD0104DA84208D00F4DA84205D00F4D25
S3150800DC80A84202D00E4DA84209D123F4805323F4AA
S3150800DC9000534D6943EA05138D6943EA051343604A
S3150800DCA0C4614D68C563026230BD00008FFFFEFF88
S3150800DCB000000140000401400040014000440140CA
S3150800DCC00048014030B5036A056A25F480550562A7
S3150800DCD04468C269124D2A4022F440720D6842EA2D
S3150800DCE0052223F400538D6843EA05330D4DA842F7
S3150800DCF00BD00D4DA84208D00C4DA84205D00C4DAE
S3150800DD00A84202D00B4DA84204D124F480444D69A0
S3150800DD1044EA85144460C2614D680564036230BDF7
S3150800DD20FF8FFFFE00000140000401400040014053
S3150800DD30004401400048014030B5026A056A25F4EE
S3150800DD40803505624368446D114D2C400D682C439F
S3150800DD5022F400320D8942EA05420E4DA8420BD044
S3150800DD600D4DA84208D00D4DA84205D00C4DA8422D
S3150800DD7002D00C4DA84204D123F480334D6943EAFE
S3150800DD800523436044654D688565026230BD000021
S3150800DD908FFFFEFF000001400004014000400140E3
S3150800DDA0004401400048014030B5026A056A25F47E
S3150800DDB0801505624368446D114D2C400D6844EA90
S3150800DDC0052422F400120D8942EA05520D4DA84297
S3150800DDD00BD00D4DA84208D00C4DA84205D00C4DCD
S3150800DDE0A84202D00B4DA84204D123F480234D69E2
S3150800DDF043EA8523436044654D68C565026230BDC4
S3150800DE00FF8FFFFE00000140000401400040014072
S3150800DE10004401400048014030B50B461446026AEA
S3150800DE20056A25F001050562816921F0F00141EADC
S3150800DE30041122F00A021A438161026230BD30B52C
S3150800DE400B461446026A056A25F0100505628169C3
S3150800DE5021F4704141EA043122F0A00242EA031299
S3150800DE608161026230BD000010B50248FDF706F96F
S3150800DE7010BD0000E829002470B5456E2DB90125AE
S3150800DE80A0F86A50A0F868501CE010231024056812
S3150800DE90AD68C5F342610568AD686A0F0A4DAD5CA9
S3150800DEA015FB04F5094EB65C95FBF6F5A0F86A5025
S3150800DEB0054D6D5C15FB03F5044E765C95FBF6F592
S3150800DEC0A0F8685070BD00009052010898520108E9
S3150800DED090F8281001F00801082907D10168496857
S3150800DEE021F40041826B11430268516090F82810B2
S3150800DEF001F0010139B10168496821F40031C26AAB
S3150800DF0011430268516090F8281001F002010229B5
S3150800DF1007D10168496821F48031026B1143026810
S3150800DF20516090F8281001F00401042907D101680E
S3150800DF30496821F48021426B11430268516090F8C8
S3150800DF40281001F01001102907D10168896821F409
S3150800DF508051C26B11430268916090F8281001F055
S3150800DF602001202907D10168896821F40051026C33
S3150800DF7011430268916090F8281001F04001402989
S3150800DF8013D10168496821F48011426C1143026873
S3150800DF905160416CB1F5801F07D10168496821F4C9
S3150800DFA0C001826C11430268516090F8281001F094
S3150800DFB08001802907D10168496821F40021C26CD3
S3150800DFC0114302685160704738B504460020C4F80A
S3150800DFD09000F7F7F9FA05462068006800F008008F
S3150800DFE0082821D16FF07E402B4600224FF40011FD
S3150800DFF00090204601F0C8F8B0B100BF00BF216804
S3150800E00051E8001F21F08000226842E8000100293B
S3150800E010F5D100BF2020C4F8880000BF002084F88E
S3150800E020840000BF032038BD2068006800F00400A3
S3150800E030042830D16FF07E402B4600224FF4800131
S3150800E0400090204601F0A0F828B300BF00BF216861
S3150800E05051E8001F21F49070226842E80001002967
S3150800E060F5D100BF00BF00BF2168083151E8001F85
S3150800E07021F001002168083141E80002002AF3D1A5
S3150800E08000BF2020C4F88C0000BF002084F884005C
S3150800E09000BF0320C7E72020C4F88800C4F88C0016
S3150800E0A00020E066206700BF84F8840000BF00BF38
S3150800E0B0B9E770B50446A56B0020A5F85E002846AA
S3150800E0C0FCF7C6FF70BD2DE9F0410546AC6BD4F8E8
S3150800E0D08860D4F88C702068806800F080008028FA
S3150800E0E007D1212E05D10020A4F85600204600F0BD
S3150800E0F003F92068806800F04000402807D1222FE5
S3150800E10005D10020A4F85E00204600F0A7F8D4F850
S3150800E110900040F01000C4F890002046FCF798FFE5
S3150800E120BDE8F08170B50546AC6BE869B0F5807F4F
S3150800E13040D00020A4F85E0000BF00BF216851E867
S3150800E140001F21F48070226842E800010029F5D1F9
S3150800E15000BF00BF00BF2168083151E8001F21F049
S3150800E16001002168083141E80002002AF3D100BF06
S3150800E17000BF00BF2168083151E8001F21F04000A8
S3150800E1802168083141E80002002AF3D100BF2020A7
S3150800E190C4F88C00E06E01280CD100BF00BF2168CE
S3150800E1A051E8001F21F01000226842E8000100290A
S3150800E1B0F5D100BF00202067E06E012805D1B4F82C
S3150800E1C05C102046FCF7A6FE02E02046FDF7FCFBA5
S3150800E1D070BD70B50546AC6B01202067E06E01285E
S3150800E1E006D1B4F85C0041082046FCF793FE02E02D
S3150800E1F02046FDF737FC70BD70B50546AC6BE8697F
S3150800E200B0F5807F1ED00020A4F8560000BF00BFDE
S3150800E2102168083151E8001F21F080002168083183
S3150800E22041E80002002AF3D100BF00BF00BF216801
S3150800E23051E8001F41F04000226842E80001002929
S3150800E240F5D102E02046FDF75FFC70BD70B50446C7
S3150800E250A56B2846FDF759FC70BD000000BF00BF3E
S3150800E260026852E8002F22F49071036843E800120E
S3150800E270002AF5D100BF00BF00BF0268083252E885
S3150800E280002F104B02EA03010268083242E8001325
S3150800E290002BF2D100BFC16E01290CD100BF00BF0F
S3150800E2A0026852E8002F22F01001036843E80012C2
S3150800E2B0002AF5D100BF2021C0F88C100021C166C4
S3150800E2C041677047FEFFFFEF10B5044600BF00BF69
S3150800E2D0216851E8001F21F04000226842E8000149
S3150800E2E00029F5D100BF2020C4F888000020A067C7
S3150800E2F02046FDF709FC10BD00BF00BF026852E8C2
S3150800E300002F22F0C001036843E80012002AF5D165
S3150800E31000BF00BF00BF0268083252E8002F22F48F
S3150800E32000010268083242E80013002BF3D100BF4F
S3150800E3302021C0F8881070472DE9F0410446B4F84A
S3150800E3406070D4F88C0022286ED12068406A86B2A4
S3150800E350A56D06EA07002880A06D801CA065B4F8A4
S3150800E3605E00401EA4F85E00B4F85E00002861D185
S3150800E37000BF00BF216851E8001F21F49070226891
S3150800E38042E800010029F5D100BF00BF00BF21689F
S3150800E390083151E8001F21F001002168083141E8E1
S3150800E3A00002002AF3D100BF2020C4F88C00002008
S3150800E3B06067206720492068884211D02068406835
S3150800E3C000F4000060B100BF00BF216851E8001FDB
S3150800E3D021F08060226842E800010029F5D100BFDB
S3150800E3E0E06E01281CD10020E06600BF00BF21684E
S3150800E3F051E8001F21F01000226842E800010029B8
S3150800E400F5D100BF2068C069C0F3001010B1102014
S3150800E41021680862B4F85C102046FCF77BFD09E029
S3150800E4202046FDF7D1FA05E02068806940F008002B
S3150800E43021688861BDE8F081000C00582DE9F84F85
S3150800E4400446B4F860B02068C56920680068009082
S3150800E4502068D0F808A0D4F88C0022287ED1B4F819
S3150800E4606890AEE02068406A1FFA80F8A76D08EA4F
S3150800E4700B003880A06D801CA065B4F85E00401EB5
S3150800E480A4F85E002068C56905F00700B0B305F07A
S3150800E490010060B1009800F4807040B10120216845
S3150800E4A00862D4F8900040F00100C4F8900005F026
S3150800E4B0020058B10AF0010040B102202168086242
S3150800E4C0D4F8900040F00400C4F8900005F0040069
S3150800E4D058B10AF0010040B1042021680862D4F856
S3150800E4E0900040F00200C4F89000D4F8900028B1DB
S3150800E4F02046FCF7ADFD0020C4F89000B4F85E0095
S3150800E50000285ED100BF00BF216851E8001F21F432
S3150800E5108070226842E800010029F5D100BF00BFDB
S3150800E52000BF2168083151E8001F414A01EA02008C
S3150800E5302168083141E80002002AF2D100BF2020F4
S3150800E540C4F88C000020606720673A492068884232
S3150800E55013D02068406800F4000000E05FE060B176
S3150800E56000BF00BF216851E8001F21F080602268C3
S3150800E57042E800010029F5D100BFE06E01281CD150
S3150800E5800020E06600BF00BF216851E8001F21F0A7
S3150800E5901000226842E800010029F5D100BF206872
S3150800E5A0C069C0F3001010B1102021680862B4F8E1
S3150800E5B05C102046FCF7AEFC02E02046FDF704FAA4
S3150800E5C007E0B9F1000F04D005F0200000287FF419
S3150800E5D049AF00BFB4F85E6006B3B4F86800B0424D
S3150800E5E023DD00BF00BF2168083151E8001F21F074
S3150800E5F080502168083141E80002002AF3D100BFA3
S3150800E6000D48606700BF00BF216851E8001F41F050
S3150800E6102000226842E800010029F5D105E02068BB
S3150800E620806940F0080021688861BDE8F88F00001D
S3150800E630FEFFFFEF000C005839E3000870B50446EA
S3150800E640B4F86060D4F88C0022286FD12068406A3C
S3150800E65085B2F0B22840A16D0870A06D401CA06577
S3150800E660B4F85E00401EA4F85E00B4F85E00002808
S3150800E67062D100BF00BF216851E8001F21F49070E5
S3150800E680226842E800010029F5D100BF00BF00BF9B
S3150800E6902168083151E8001F21F00100216808317E
S3150800E6A041E80002002AF3D100BF2020C4F88C00FC
S3150800E6B000206067206721492068884211D02068B9
S3150800E6C0406800F4000060B100BF00BF216851E84F
S3150800E6D0001F21F08060226842E800010029F5D178
S3150800E6E000BFE06E01281CD10020E06600BF00BF15
S3150800E6F0216851E8001F21F01000226842E8000155
S3150800E7000029F5D100BF2068C069C0F3001010B118
S3150800E710102021680862B4F85C102046FCF7FAFB62
S3150800E7200AE02046FDF750F906E0FFE72068806911
S3150800E73040F008002168886170BD0000000C005890
S3150800E7402DE9F05F0446B4F860A02068C569206822
S3150800E750D0F800B02068D0F80890D4F88C002228A9
S3150800E7607ED1B4F86880ADE02068406A87B20AF0C6
S3150800E770FF003840A16D0870A06D401CA065B4F874
S3150800E7805E00401EA4F85E002068C56905F0070013
S3150800E790A8B305F0010058B10BF4807040B1012010
S3150800E7A021680862D4F8900040F00100C4F890008F
S3150800E7B005F0020058B109F0010040B102202168B5
S3150800E7C00862D4F8900040F00400C4F8900005F000
S3150800E7D0040058B109F0010040B10420216808621C
S3150800E7E0D4F8900040F00200C4F89000D4F89000E5
S3150800E7F028B12046FCF72CFC0020C4F89000B4F899
S3150800E8005E0000285ED100BF00BF216851E8001FE6
S3150800E81021F48070226842E800010029F5D100BF82
S3150800E82000BF00BF2168083151E8001F404A01EACD
S3150800E83002002168083141E80002002AF2D100BF2F
S3150800E8402020C4F88C0000206067206739492068BA
S3150800E850884213D02068406800F4000070B100E0D8
S3150800E8605EE000BF00BF216851E8001F21F080600C
S3150800E870226842E800010029F5D100BFE06E0128B0
S3150800E8801CD10020E06600BF00BF216851E8001FC8
S3150800E89021F01000226842E800010029F5D100BFE6
S3150800E8A02068C069C0F3001010B110202168086202
S3150800E8B0B4F85C102046FCF72DFB02E02046FDF775
S3150800E8C083F807E0B8F1000F04D005F0200000280F
S3150800E8D07FF44AAF00BFB4F85E6006B3B4F86800C8
S3150800E8E0B04223DD00BF00BF2168083151E8001F90
S3150800E8F021F080502168083141E80002002AF3D14E
S3150800E90000BF0D48606700BF00BF216851E8001FBF
S3150800E91041F02000226842E800010029F5D105E00F
S3150800E9202068806940F0080021688861BDE8F09F8A
S3150800E930FEFFFFEF000C00583DE600082DE9F04FFA
S3150800E94089B0054600200890F8492868884200D111
S3150800E95000E000BF2969A868084369690843E969AE
S3150800E96040EA010828680068F149084040EA0800BA
S3150800E970296808602868406820F44050E968084318
S3150800E98029684860D5F81880E8492868884202D07E
S3150800E990286A40EA080828688068E649084040EA84
S3150800E9A00800296888602868C06A20F00F00696A2C
S3150800E9B008432968C86200BFDF492868884220D111
S3150800E9C0DE48006800F03800182811D005DC48B188
S3150800E9D0082809D0102811D108E020280AD02828AC
S3150800E9E00CD109E001240BE0042409E0082407E01F
S3150800E9F0102405E0202403E0402401E0802400BF21
S3150800EA0042E1CF492868884219D1CC48006800F00D
S3150800EA100700062810D2DFE800F0030507090B0DEA
S3150800EA2000240BE0042409E0082407E0102405E08C
S3150800EA30202403E0402401E0802400BF24E1C149EA
S3150800EA402868884219D1BD48006800F007000628E2
S3150800EA5010D2DFE800F0030507090B0D00240BE0D0
S3150800EA60042409E0082407E0102405E0202403E034
S3150800EA70402401E0802400BF06E1B34928688842A3
S3150800EA8019D1AE48006800F00700062810D2DFE862
S3150800EA9000F0030507090B0D00240BE0042409E028
S3150800EAA0082407E0102405E0202403E0402401E0C0
S3150800EAB0802400BFE8E0A5492868884219D19F4804
S3150800EAC0006800F00700062810D2DFE800F003050A
S3150800EAD007090B0D00240BE0042409E0082407E0CD
S3150800EAE0102405E0202403E0402401E0802400BF30
S3150800EAF0CAE097492868884220D19048006800F003
S3150800EB003800182811D005DC48B1082809D0102883
S3150800EB1011D108E020280AD028280CD109E00124C0
S3150800EB200BE0042409E0082407E0102405E020246B
S3150800EB3003E0402401E0802400BFA5E08549286859
S3150800EB40884219D17D48006800F00700062810D2CF
S3150800EB50DFE800F0030507090B0D00240BE0042489
S3150800EB6009E0082407E0102405E0202403E04024F7
S3150800EB7001E0802400BF87E077492868884219D1D8
S3150800EB806E48006800F00700062810D2DFE800F09B
S3150800EB90030507090B0D00240BE0042409E00824EB
S3150800EBA007E0102405E0202403E0402401E0802447
S3150800EBB000BF69E069492868884220D15F48006833
S3150800EBC000F03800182811D005DC48B1082809D00B
S3150800EBD0102811D108E020280AD028280CD109E0ED
S3150800EBE001240BE0042409E0082407E0102405E0CA
S3150800EBF0202403E0402401E0802400BF44E0584973
S3150800EC002868884220D14D48006800F03800182846
S3150800EC1011D005DC48B1082809D0102811D108E020
S3150800EC2020280AD028280CD109E001240BE0042466
S3150800EC3009E0082407E0102405E0202403E0402426
S3150800EC4001E0802400BF1FE03849286888421AD1AD
S3150800EC503A48001D006800F00700062810D2DFE8D1
S3150800EC6000F0030507090B0D02240BE0042409E054
S3150800EC70082407E0102405E0202403E0402401E0EE
S3150800EC80802400BF00E0802400BF28492868884205
S3150800EC904BD1102C1AD006DC022C09D0042C0BD030
S3150800ECA0082C29D10DE0202C21D0402C24D120E09D
S3150800ECB0F8F7E2F9064623E005A8F8F707FB069EEB
S3150800ECC01EE002A8F8F71AFC039E19E01B48543800
S3150800ECD00068C0F3401040B1184854380068C0F3C3
S3150800ECE0C101204820FA01F600E01E4E08E01E4E3B
S3150800ECF006E04FF4004603E000260120089000BF16
S3150800ED0000BF002E10D01949686A31F81000B6FB0A
S3150800ED10F0F9686800EB4000484503D868680003C6
S3150800ED20484525D20120089007E153E0000C005819
S3150800ED30F369FFCFFFF4FF11001001405444025855
S3150800ED400044004000480040004C0040005000408D
S3150800ED500014014000780040007C00400018014083
S3150800ED60001C01400090D00300093D0078520108BC
S3150800ED707849686A31F810C0624600233046194659
S3150800ED80F1F720FB4FF4807C00220346A3FB0C0B13
S3150800ED9001FB0CB103FB02136968490884461CEBA6
S3150800EDA0010143EB0200CDE90010D5F804C0624624
S3150800EDB0002308460199F1F705FB0746B7F5407F9A
S3150800EDC005D3B7F5801F02D22868C760B5E00120D1
S3150800EDD00890B2E0E869B0F5004F5BD1082C1AD06C
S3150800EDE005DC5CB1012C0DD0042C2DD10EE0102CC5
S3150800EDF016D0202C23D0402C26D122E0FAF7BCF8D6
S3150800EE00064625E0FAF7CAF8064621E005A8F8F707
S3150800EE105DFA069E1CE002A8F8F770FB039E17E051
S3150800EE204D480068C0F3401038B14B480068C0F33D
S3150800EE30C1014A4820FA01F600E0484E08E0484E6B
S3150800EE4006E04FF4004603E000260120089000BFC4
S3150800EE5000BF7EB33F49686A31F81000B6FBF0F090
S3150800EE604000696800EB5100B0FBF1F7102F0ED394
S3150800EE70B7F5803F0BD24FF6F07007EA000AC7F3E2
S3150800EE8042004AEA000A2868C0F80CA055E00120AA
S3150800EE90089052E0082C1BD005DC64B1012C0ED07A
S3150800EEA0042C2ED10FE0102C17D0202C24D0402C67
S3150800EEB027D123E041E0FAF75FF8064625E0FAF79E
S3150800EEC06DF8064621E005A8F8F700FA069E1CE04C
S3150800EED002A8F8F713FB039E17E01F480068C0F363
S3150800EEE0401038B11C480068C0F3C1011B4820FA1D
S3150800EEF001F600E0194E08E0194E06E04FF4004608
S3150800EF0003E000260120089000BF00BFAEB11149FA
S3150800EF10686A31F81000B6FBF0F0696800EB51003A
S3150800EF20B0FBF1F7102F06D3B7F5803F03D2B8B27E
S3150800EF302968C86001E0012008900120A5F86A0048
S3150800EF40A5F8680000206867A867089809B0BDE8B2
S3150800EF50F08F000078520108004402580090D00350
S3150800EF6000093D0070B504460E46154644F8586F2C
S3150800EF70A5800020A06322206063A06A583CF8B1EF
S3150800EF802748241DE16FC8632648E16F08642648B0
S3150800EF90E16FC8640020E16F086554F8043C03F18A
S3150800EFA02401626DE06F241F2B46F5F773F838B11C
S3150800EFB01020C4F890002020C4F88C00012070BDF1
S3150800EFC0206960B100BF00BF216851E8001F41F405
S3150800EFD08070226842E800010029F5D100BF00BF11
S3150800EFE000BF2168083151E8001F41F0010021687F
S3150800EFF0083141E80002002AF3D100BF00BF00BF74
S3150800F0002168083151E8001F41F0400021680831A5
S3150800F01041E80002002AF3D100BF0020CFE7000034
S3150800F02025E10008D3E10008C7E0000830B503462B
S3150800F0309965A3F85C20A3F85E200020586700BFF6
S3150800F0409868B0F5805F0AD1186920B940F2FF10B8
S3150800F050A3F8600020E0FF20A3F860001CE0986891
S3150800F06048B9186918B9FF20A3F8600014E07F2092
S3150800F070A3F8600010E09868B0F1805F09D11869BC
S3150800F08018B97F20A3F8600006E03F20A3F86000C7
S3150800F09002E00020A3F8600000BF0020C3F890003B
S3150800F0A02220C3F88C0000BF00BF1C68083454E84F
S3150800F0B0004F44F001001C68083444E80005002DA0
S3150800F0C0F3D100BF586EB0F1005F2CD1B3F86800D9
S3150800F0D0904228DC9868B0F5805F04D1186910B9A9
S3150800F0E02548586701E025485867186960B100BF88
S3150800F0F000BF1C6854E8004F44F480701D6845E85A
S3150800F1000004002CF5D100BF00BF00BF1C680834FE
S3150800F11054E8004F44F080501C68083444E8000561
S3150800F120002DF3D126E09868B0F5805F04D1186900
S3150800F13010B91348586701E012485867186960B152
S3150800F14000BF00BF1C6854E8004F44F490701D6867
S3150800F15045E80004002CF5D10CE000BF00BF1C6890
S3150800F16054E8004F44F020001D6845E80004002CD0
S3150800F170F5D100BF002030BD3DE4000841E7000896
S3150800F18039E300083DE600082DE9F04104460D463E
S3150800F19017469846069E41E0701C00283ED0F6F7B2
S3150800F1A013FAA0EB0800B04200D816B90320BDE850
S3150800F1B0F0812068006800F0040070B3802D2DD01F
S3150800F1C0402D2BD02068C069C0F3C00078B1082054
S3150800F1D0216808622046FFF741F80820C4F8900025
S3150800F1E000BF002084F8840000BF0120DFE7206804
S3150800F1F0C069C0F3C02080B14FF40060216808627E
S3150800F2002046FFF72BF82020C4F8900000BF002006
S3150800F21084F8840000BF0320C9E7FFE72068C069B7
S3150800F2202840A84201D1012000E00020B842B3D00E
S3150800F2300020BCE710B50248FBF720FF10BD000010
S3150800F240382C002410B50248FBF718FF10BD000043
S3150800F2507C2A002410B50248FBF710FF10BD0000F9
S3150800F260102B002410B50248FBF708FF10BD00005C
S3150800F270A42B00242DE9F04104460D46D4F8C872A3
S3150800F28004F53070D4F8D41250F8210010B90320D0
S3150800F290BDE8F08104F53070D4F8D41250F8216036
S3150800F2A005F00F0000EB800104F1140000EB81006B
S3150800F2B0406838B305F00F0000EB800104F1140034
S3150800F2C000EB8100416805F00F0000EBC00207F172
S3150800F2D0140000EB82008068B1FBF0F200FB12100C
S3150800F2E080B9002105F00F0000EB800204F114003C
S3150800F2F000EB8200416000231A462946204601F0A9
S3150800F30056F917E00020C6F8140204F53170D4F84F
S3150800F310D41250F82100006960B1D6F8080204F545
S3150800F3203171D4F8D42251F822102A460B6906F511
S3150800F330047198470020ABE770B504460E4604F5FD
S3150800F3403070D4F8D41250F82150D4F8D41250F8AA
S3150800F350210008B9032070BD3146204600F07AFF27
S3150800F360C5F80C02D5F8040204F53171D4F8D43284
S3150800F37051F82310CA6805F5037190470020EAE79B
S3150800F38070B504460D4630480178204600F034FE34
S3150800F39000212D48007800F00F0000EB800204F1F0
S3150800F3A0140000EB8200018228480178204600F00C
S3150800F3B023FE00212548007800F00F0000EB8002AC
S3150800F3C004F5AA7000EB82000182214801782046E4
S3150800F3D000F012FE00211E48007800F00F0000EB36
S3150800F3E0800204F1140000EB8200018218480078BC
S3150800F3F000F00F0000EB800204F1140000EB82001D
S3150800F400418204F53070D4F8D41250F82100C8B1FE
S3150800F41004F53171D4F8D42251F82210486880478F
S3150800F42004F53071D4F8D42251F8220001F0E8FB33
S3150800F430002104F53070D4F8D42240F822100020B8
S3150800F440C4F8BC02002070BD6301002464010024D6
S3150800F4506501002470B5044604F53070D4F8D4125A
S3150800F46050F821500DB9032070BD04F53170D4F859
S3150800F470D41250F8210098B195F80002FF280FD051
S3150800F48095F8012295F8000204F53171D4F8D46292
S3150800F49051F826108B6829469847FF2085F8000200
S3150800F4A00020E1E701460A2008800148704700006D
S3150800F4B0DC0000242DE9F041044682210D4800F0C5
S3150800F4C02FFC054601210B4800F02AFC064681213F
S3150800F4D0084800F025FC07460DB11020A8710EB1AA
S3150800F4E04020B0800FB14020B880432020800148DA
S3150800F4F0BDE8F081200100242DE9F041044682216F
S3150800F5000E4800F00DFC054601210C4800F008FCE9
S3150800F51006468121094800F003FC07460DB1102074
S3150800F520A87116B14FF40070B08017B14FF400708F
S3150800F530B880432020800148BDE8F08120010024DE
S3150800F5402DE9F041044682210D4800F0E9FB054605
S3150800F55001210B4800F0E4FB06468121084800F02B
S3150800F560DFFB07460DB11020A8710EB14020B08010
S3150800F5700FB14020B880432020800148BDE8F081C3
S3150800F5802001002470B504460E464FF4077001F0BA
S3150800F59039FB054645B9002104F53070D4F8D42264
S3150800F5A040F82210022070BD4FF407712846F0F784
S3150800F5B053FF04F53070D4F8D41240F82150D4F82B
S3150800F5C0D41250F82100C4F8BC02207C98BB4FF432
S3150800F5D00073022250480178204600F0E1FE01211E
S3150800F5E04D48007800F00F0000EB800204F114008B
S3150800F5F000EB820001824B0202224848017820462D
S3150800F60000F0CEFE01214548007800F00F0000EB1F
S3150800F610800204F5AA7000EB82000182102140489E
S3150800F620007800F00F0000EB800204F1140000EBF4
S3150800F6308200418232E0FFE7402302223648017801
S3150800F640204600F0ADFE01213348007800F00F0097
S3150800F65000EB800204F1140000EB820001824023D3
S3150800F66002222E480178204600F09AFE01212B48F6
S3150800F670007800F00F0000EB800204F5AA7000EB9A
S3150800F6808200018210212648007800F00F0000EB66
S3150800F690800204F1140000EB820041820823032251
S3150800F6A01F480178204600F07BFE01211C4800789F
S3150800F6B000F00F0000EB800204F1140000EB82005A
S3150800F6C001820020C5F8040204F53171D4F8D42269
S3150800F6D051F82210086880470020C5F81402C5F8BA
S3150800F6E01802D5F8040208B902205CE7207C48B95C
S3150800F6F04FF40073094801782046D5F8042200F033
S3150800F70067FE07E04023054801782046D5F804221D
S3150800F71000F05EFE002046E7630100246401002431
S3150800F7206501002470B5044604F53070D4F8D41287
S3150800F73050F82150D4F8D41250F8210008B9032003
S3150800F74070BD207C48B94FF40073094801782046FB
S3150800F750D5F8042200F03CFE07E04023044801786F
S3150800F7602046D5F8042200F033FE0020E8E7000022
S3150800F77064010024024609B90320704702F5317076
S3150800F780D2F8D43240F823100020F6E710B5024626
S3150800F79002F53070D2F8D44250F824300BB9032061
S3150800F7A010BDC3F804120020FAE730B503460C462C
S3150800F7B003F53070D3F8D45250F8251009B9032050
S3150800F7C030BDC1F80842C1F810220020F8E72DE93B
S3150800F7D0FC4105460C4605F53070D5F8D41250F8AC
S3150800F7E02160002001900090804616B90320BDE8EC
S3150800F7F0FC81207800F0600000283DD020287CD1CC
S3150800F800E08868B3207800F08000B8B1E2886078B4
S3150800F81005F53171D5F8D4C251F82C108B683146EC
S3150800F8209847E088072801D9072000E0E0880746BE
S3150800F8303A463146284600F011F91CE0607886F809
S3150800F8400002E088402801D2E08800E0402086F8DF
S3150800F850010296F801223146284600F0DEF80AE051
S3150800F860607805F53171D5F8D42251F822100022B6
S3150800F8708B682146984747E0607830B1012832D036
S3150800F8800A2813D00B282FD121E095F89C020328CB
S3150800F89005D102226946284600F0E0F805E021462F
S3150800F8A0284600F0AEF84FF0030824E095F89C02CD
S3150800F8B0032805D1012201A9284600F0CFF805E062
S3150800F8C02146284600F09DF84FF0030813E095F806
S3150800F8D09C02032805D02146284600F092F84FF0EE
S3150800F8E0030808E009E006E02146284600F089F802
S3150800F8F04FF0030800BF00BF06E02146284600F087
S3150800F90080F84FF0030800BF00BF40466FE70000CD
S3150800F91070B5054605F53070D5F8D41250F8214073
S3150800F92001260CB9032070BDD4F81402C8B9012009
S3150800F930C4F814020C48007800F00F0000EB8002AF
S3150800F94005F1140000EB8200D4F810124160064855
S3150800F95001782846D4F81032D4F8082200F027FE99
S3150800F96000263046DFE700006301002470B5044630
S3150800F9700D460026D4F8B802294642682046904724
S3150800F98000B10326304670BD70B504460D4694F89E
S3150800F9909C02012804D0022803D003280CD101E0D8
S3150800F9A000BF00BF6888012805D10020C4F8A4025A
S3150800F9B0204600F064F804E02946204600F021F8C5
S3150800F9C000BF00BF70BD02460020704702460020F7
S3150800F9D0704770B506460C4615462B46224600214A
S3150800F9E0304600F0F5FC002070BD70B506460C46A2
S3150800F9F015462B4622460021304600F0D8FD002049
S3150800FA0070BD70B504460D468021204600F09FFD66
S3150800FA100021204600F09BFD70BD70B504460E46D9
S3150800FA2015460320C4F894024FF4AC700551001D26
S3150800FA3005512B4632460021204600F0C9FC00201D
S3150800FA4070BD10B504460520C4F8940200231A4672
S3150800FA501946204600F0BCFC002010BD70B50446CF
S3150800FA600E4615460220C4F89402A561E5612B46A8
S3150800FA7032460021204600F09AFD002070BD10B5E0
S3150800FA8004460420C4F8940200231A461946204660
S3150800FA9000F08DFD002010BD70B504460D46E888BF
S3150800FAA0012804D029462046FFF7ABFF1EE094F84C
S3150800FAB09C02012804D0022803D0032810D109E0AB
S3150800FAC000BF0020A060012204F108012046FFF7CC
S3150800FAD0C5FF0AE00122211D2046FFF7BFFF04E00B
S3150800FAE029462046FFF78DFF00BF00BF70BDF8B559
S3150800FAF004460E4600200090002700257088001254
S3150800FB00062874D006DC01281BD0022821D0032839
S3150800FB106ED132E007286CD00F28F9D1D4F8B40298
S3150800FB20C06938B1207CD4F8B412CA6969469047CE
S3150800FB30074605E031462046FFF763FF681CC5B255
S3150800FB40CBE0207CD4F8B4120A6869469047074689
S3150800FB50C3E0207C40B9D4F8B802816A6846884771
S3150800FB6007460220787007E0D4F8B802C16A6846EA
S3150800FB708847074602207870AFE0B07806287AD220
S3150800FB80DFE800F00316293F5265D4F8B40240684E
S3150800FB9038B1207CD4F8B4124A68694690470746BB
S3150800FBA005E031462046FFF72CFF681CC5B269E020
S3150800FBB0D4F8B402806838B1207CD4F8B4128A68C4
S3150800FBC069469047074605E031462046FFF719FF84
S3150800FBD0681CC5B256E0D4F8B402C06850B1207C9F
S3150800FBE0D4F8B412CA6869469047074608E04BE05D
S3150800FBF06CE059E031462046FFF703FF681CC5B2A2
S3150800FC0040E0D4F8B402006938B1207CD4F8B412C4
S3150800FC100A6969469047074605E031462046FFF7D8
S3150800FC20F0FE681CC5B22DE0D4F8B402406938B1BC
S3150800FC30207CD4F8B4124A6969469047074605E01D
S3150800FC4031462046FFF7DDFE681CC5B21AE0D4F837
S3150800FC50B402806940B1207CD4F8B4128A69694636
S3150800FC609047074606E006E031462046FFF7C9FEFC
S3150800FC70681CC5B206E031462046FFF7C2FE681C7E
S3150800FC80C5B200BF00BF28E0207C30B9D4F8B8025E
S3150800FC90416B68468847074605E031462046FFF728
S3150800FCA0B0FE681CC5B218E0207C40B9D4F8B8028A
S3150800FCB0016B6846884707460720787005E0314695
S3150800FCC02046FFF79EFE681CC5B206E03146204670
S3150800FCD0FFF797FE681CC5B200BF00BF05B1F8BDA7
S3150800FCE0F088C0B1BDF8000080B1F088BDF80010FA
S3150800FCF0884202DDBDF8000000E0F0880090BDF8FB
S3150800FD00002039462046FFF7A9FE07E0314620467F
S3150800FD10FFF777FE02E02046FFF7B1FE00BFDEE7F9
S3150800FD202DE9F84105460F462C462E464FF00008A9
S3150800FD3070883178884218DD307800900FE069467F
S3150800FD40204600F020F804466078052807D1A0462A
S3150800FD5098F80200B84200D106E04FF00008708813
S3150800FD60BDF800108842EADC00BF4046BDE8F881CD
S3150800FD70014600200A4602E0431CD8B2521C1378FA
S3150800FD80002BF9D1704710B5024610460B88047847
S3150800FD9023440B800378981810BD70B504460D46A9
S3150800FDA094F89C02012804D0022803D003281AD10B
S3150800FDB001E000BF00BFE888022804D02946204693
S3150800FDC0FFF71FFE14E00120E060D4F8A40218B182
S3150800FDD0E06840F00200E060022204F10C012046CF
S3150800FDE0FFF73CFE04E029462046FFF70AFE00BF5F
S3150800FDF000BF70BD2DE9F04107460D469046002428
S3150800FE000FB9BDE8F0813E463046FFF7B1FF022143
S3150800FE1001EB4000B0F5007F01D9080204E0304646
S3150800FE20FFF7A6FF4000801CA8F8000098F800001D
S3150800FE302855601CC4B203202855601CC4B208E0CB
S3150800FE4030782855761C601CC4B200202855601CE2
S3150800FE50C4B230780028F3D100BFD2E701460020AB
S3150800FE6031B1012906D0022906D0032908D105E0B7
S3150800FE70002007E0032005E0012003E0032001E05D
S3150800FE80032000BF00BF704770B505460C462DB964
S3150800FE902246064906A0FFF7ADFF04E022460349BD
S3150800FEA003A0FFF7A7FF014870BD0000E07E00240D
S3150800FEB043444320436F6E6669670000024612207A
S3150800FEC008800148704700001C02002470B50546EA
S3150800FED00C462DB92246064906A0FFF78BFF04E01B
S3150800FEE02246034903A0FFF785FF014870BD0000BD
S3150800FEF0E07E002443444320496E7465726661635C
S3150800FF00650000000246042008800148704700008A
S3150800FF103C02002470B505460C462246024903A059
S3150800FF20FFF768FF004870BDE07E002453544D6912
S3150800FF3063726F656C656374726F6E6963730000D4
S3150800FF4070B505460C462DB92246064906A0FFF7A8
S3150800FF5051FF04E02246034903A0FFF74BFF01487F
S3150800FF6070BD0000E07E002453544D33322056699C
S3150800FF70727475616C20436F6D506F727400000067
S3150800FF8070B505460C461A202080F1F7FFFC01489B
S3150800FF9070BD0000400200242DE9F04104460D46DC
S3150800FFA0164614B90320BDE8F0810020C4F8B8024B
S3150800FFB0C4F8C402C4F8D0020DB1C4F8B452012082
S3150800FFC084F89C022670204600F04EF9074638460B
S3150800FFD0E9E72DE9F04104460D46002600272946A3
S3150800FFE0D4F8C802F6F7E7F906463046FFF736FFB3
S3150800FFF007463846BDE8F0812DE9F04104460D462E
S31508010000002600272946D4F8C802F6F79FF90646BE
S315080100103046FFF723FF07463846BDE8F0812DE94C
S31508010020F04704460F469146002F56D104F11405B0
S31508010030D4F89402022846D1D5E9020188420FD99B
S31508010040D5E90201401AA86049462046AA68FFF781
S31508010050CCFC00231A461946204600F0B9F932E0CD
S31508010060D5E90210884217D1E9686868884213D32E
S315080100706868D4F8981288420ED2002211462046A2
S31508010080FFF7B3FC0020C4F8980200231A46194664
S31508010090204600F09DF916E094F89C0203280BD13E
S315080100A0D4F8B802C06838B10020C4F8D402D4F82C
S315080100B0B802C168204688478021204600F047FAE1
S315080100C02046FFF7BEFC94F8A00250B3204600F084
S315080100D0C5FA002084F8A00223E047F080012046F3
S315080100E0FFF771FC0646FF2E1BD0D6B994F89C0281
S315080100F0032816D104F52E7050F82600406980B100
S31508010100C4F8D46204F52E7050F8260039464269BF
S31508010110204690478046B8F1000F02D04046BDE818
S31508010120F0870020FBE72DE9F04705460F46904684
S315080101304FF00009002F51D105F5AA76D5F894029A
S3150801014003286FD1D6E90201884210D9D6E90201FE
S31508010150401AB060D6E90201884201D2B06800E0CF
S31508010160F068024641462846FFF733FC5AE095F8FF
S31508010170AA0200F01F0020B1012804D0022812D1DA
S3150801018009E0002411E040F2AE20415D2846FFF760
S315080101901DFC044609E040F2AE20415D2846FFF702
S315080101A012FC044601E0002400BF00BF94B995F88B
S315080101B09C0203280ED105F52E7050F8240000691B
S315080101C040B1C5F8D44205F52E7050F824000169EE
S315080101D0284688472846FFF752FC23E007F07F01A7
S315080101E02846FFF7F0FB0446FF2C1BD0D4B995F837
S315080101F09C02032810D105F52E7050F82400806959
S3150801020050B1C5F8D44205F52E7050F82400394688
S315080102108269284690478146B9F1000F02D04846BF
S31508010220BDE8F0870020FBE701460020704770B55E
S3150801023004460025012084F89C02D4F8B80238B196
S315080102402179D4F8B80242682046904700B10325BF
S31508010250284670BD70B504460D462946D4F8C8022D
S31508010260F6F7E7F870BD000010B5044620780128B6
S315080102702CD11748C0F8E044C4F8C80215481449F7
S3150801028008600920087102211148C1710021817194
S315080102900221417200218172C17201738173C17396
S315080102A00174F6F73DFD08B1F1F751F94FF4007104
S315080102B00748F5F7D0FF802200210548F5F7D0FF5A
S315080102C04FF4BA7201210248F5F7CAFF002010BDA2
S315080102D0E08000240000044010B50246D2F8C83276
S315080102E001F08000802809D101F07F0000EBC004ED
S315080102F003F1140000EB8400807810BD01F07F0043
S3150801030000EBC00403F5157000EB84008078F4E770
S3150801031070B504460D4604F52E70D4F8D41250F87B
S31508010320210008B9032070BD94F89C02032811D155
S3150801033004F52E70D4F8D41250F82100006A48B199
S3150801034004F52E70D4F8D41250F821002946026A11
S31508010350204690470020E6E770B504460D4604F5A9
S315080103602E70D4F8D41250F8210008B9032070BDB4
S3150801037094F89C02032811D104F52E70D4F8D412EE
S3150801038050F82100406A48B104F52E70D4F8D41209
S3150801039050F821002946426A204690470020E6E7A0
S315080103A02DE9F04704460F4615461E464FF000084C
S315080103B0C1462B4632463946D4F8C802F6F744F800
S315080103C080464046FFF74AFD81464846BDE8F08724
S315080103D02DE9F04704460D4616461F464FF000081C
S315080103E0C1463B4632462946D4F8C802F6F773F8A1
S315080103F080464046FFF732FD81464846BDE8F0870C
S3150801040070B504460025012084F89C020020C4F832
S3150801041094026060C4F8A40284F8A002D4F8B80271
S3150801042058B1D4F8B802406838B12179D4F8B8027D
S3150801043042682046904700B1032540230022114611
S315080104402046FFF7ADFF01214FF4B2700153402159
S31508010450001F01514023002280212046FFF7A0FFFB
S315080104600121A18440212162284670BD014691F8E7
S315080104709C02042803D191F89D0281F89C02002070
S31508010480704710B5044694F89C0203280BD1D4F89A
S31508010490B80240B1D4F8B802C06920B1D4F8B8029C
S315080104A0C16920468847002010BD02461174002004
S315080104B070472DE9F04104460D46002600272946D6
S315080104C0D4F8C802F6F73AFD06463046FFF7C6FCE9
S315080104D007463846BDE8F08170B504460D462946FB
S315080104E004F2AA2000F07BF80120C4F894024FF424
S315080104F02C70005BC4F8980294F8AA0200F01F0059
S3150801050020B1012809D0022815D10DE004F2AA214B
S31508010510204600F087F9064616E004F2AA2120468D
S3150801052000F017FB06460FE004F2AA21204600F068
S31508010530D0F9064608E094F8AA0200F080012046A0
S3150801054000F005F8064600BF00BF304670BD2DE92C
S31508010550F04104460D46002600272946D4F8C8026C
S31508010560F5F7DCFF06463046FFF778FC07463846BE
S31508010570BDE8F08170B5044600250026D4F8C80206
S31508010580F6F7FFFC05462846FFF768FC064630469F
S3150801059070BD014691F89C02042803D091F89C028B
S315080105A081F89D02042081F89C02002070472DE9FC
S315080105B0F04704460D4616461F464FF00008C14649
S315080105C03B4632462946D4F8C802F5F7ECFF804681
S315080105D04046FFF743FC81464846BDE8F08770B5BB
S315080105E005460E46344620782870641C20786870C3
S315080105F0641C2046FDF7A9F86880641C641C204623
S31508010600FDF7A3F8A880641C641C2046FDF79DF835
S31508010610E88070BD38B504460D46002000900DB936
S31508010620032038BDC4F8B85204F52E70D4F8D41294
S3150801063050F82100C06A50B104F52E70D4F8D422BE
S3150801064050F82200C16A68468847C4F8D002D4F82F
S31508010650D802401CC4F8D8020020E2E7014600206F
S31508010660704770B504460D46A88810BBE88800BBDC
S31508010670688880281DD2A87800F07F0694F89C0225
S31508010680032804D129462046FFF7BBF915E084F86B
S315080106909E6231462046FFF70CFF2046FFF7EFF929
S315080106A01EB1022084F89C0207E0012084F89C020E
S315080106B003E029462046FFF7A4F970BD70B5044644
S315080106C00D460026D4F8B80230B1D4F8B802294646
S315080106D00268204690470646304670BD70B5044606
S315080106E00E460025B0783D4908700846007801286D
S315080106F005D931462046FFF784F9032070BD94F8E1
S315080107009C02022802D0032859D11FE033480078F9
S31508010710C0B1324800786060304801782046FFF75A
S31508010720CDFF05463DB131462046FFF76AF902205D
S3150801073084F89C0209E02046FFF7A1F9032084F812
S315080107409C0202E02046FFF79AF943E02348007825
S3150801075070B9022084F89C022048007860601F481E
S3150801076001782046FFF702F92046FFF788F925E0C8
S315080107701A490978606888421DD021792046FFF711
S31508010780F5F8164800786060144801782046FFF7A6
S3150801079095FF05465DB131462046FFF732F92179C5
S315080107A02046FFF7E3F8022084F89C0206E020467B
S315080107B0FFF765F902E02046FFF761F90AE03146DD
S315080107C02046FFF71EF9054801782046FFF7CEF8BF
S315080107D0032500BF00BF284690E7000066010024F4
S315080107E070B505460C466088012805D1C5F8A402EE
S315080107F02846FFF744F90EE06088022807D1A08849
S31508010800001285F8A0022846FFF739F903E02146C8
S315080108102846FFF7F6F870BD10B504462046FFF7DF
S31508010820A9FE10BD70B504460D460026287800F0CD
S31508010830600088B1202802D0402842D100E000BFDC
S3150801084004F52E70D4F8D41250F82100294682688E
S3150801085020469047064639E068780A282AD2DFE812
S3150801086000F01A24291F290A0529150F29462046A9
S31508010870FFF73DF923E029462046FFF7F2FE1EE081
S3150801088029462046FFF72AFF064618E0294620464C
S31508010890FFF702F913E029462046FFF77EFA0EE034
S315080108A029462046FFF79CFF09E029462046FFF71F
S315080108B06BF804E029462046FFF7A3F800BF00BFFE
S315080108C004E029462046FFF79CF800BF00BF3046E2
S315080108D070BD2DE9F04705460F464FF000093C79F2
S315080108E0387800F06000F8B1202802D040287DD180
S315080108F000E000BF21462846FFF765F80646FF2EA9
S3150801090011D086B9C5F8D46205F52E7050F82600BF
S31508010910806840B105F52E7050F826003946826880
S3150801092028469047814610E1787800287AD0012830
S315080109302FD003286ED195F89C02022802D00328ED
S3150801094020D110E054B1802C08D021462846FFF763
S31508010950FEFD80212846FFF7FAFD03E039462846C1
S31508010960FFF74FF813E0788840B93CB1802C05D0E1
S31508010970F88818B921462846FFF7E9FD2846FFF702
S315080109807EF804E039462846FFF73BF800BF00BF6A
S31508010990D4E095F89C02022802D003283BD110E046
S315080109A054B1802C08D021462846FFF7D0FD802176
S315080109B02846FFF7CCFD03E039462846FFF721F81C
S315080109C02EE0788820BB04F07F0018B1214628461E
S315080109D0FFF7FFFA2846FFF752F821462846FEF7A1
S315080109E0F2FF0646FF2E13D096B900E0A8E0C5F837
S315080109F0D46205F52E7050F82600806840B105F5D9
S31508010A002E7050F826003946826828469047814656
S31508010A1006E007E08DE039462846FEF7F2FF00BFFB
S31508010A2000BF8BE095F89C02022802D0032879D1F1
S31508010A3026E034B1802C04D039462846FEF7E1FF7A
S31508010A4075E004F08000802808D104F07F0000EBEF
S31508010A50800105F1140000EB810007E004F07F0036
S31508010A6000EB800105F5AA7000EB810080460020A5
S31508010A70C8F80000022241462846FEF7EFFF56E075
S31508010A8004F0800080280ED104F00F0000EB8001ED
S31508010A9005F1140000EB8100008A98B93946284609
S31508010AA0FEF7AFFF43E004F00F0000EB800105F508
S31508010AB0AA7000EB8100008A20B939462846FEF75C
S31508010AC0A0FF34E004F08000802808D104F07F00FC
S31508010AD000EB800105F1140000EB810007E004F04A
S31508010AE07F0000EB800105F5AA7000EB81008046C6
S31508010AF00CB1802C03D10020C8F800000CE0214677
S31508010B002846FFF7E9FB20B10120C8F8000003E0F9
S31508010B1008E00020C8F80000022241462846FEF7F0
S31508010B209DFF04E039462846FEF76BFF00BF00BF6C
S31508010B3004E039462846FEF764FF00BF00BF04E01B
S31508010B4039462846FEF75DFF00BF00BF4846BDE8A7
S31508010B50F0872DE9F04105460E460027307800F06A
S31508010B60600030B1202802D0402840D100E000BF03
S31508010B7000BF95F89C02012804D0022803D0032857
S31508010B802ED101E000BF00BF3079012823D8317981
S31508010B902846FEF71BFF0446FF2C14D09CB905F521
S31508010BA02E7050F82400806858B1C5F8D44205F56E
S31508010BB02E7050F824003146826828469047074629
S31508010BC002E0032700E00327F08840B93FB9284629
S31508010BD0FEF755FF03E031462846FEF712FF04E00B
S31508010BE031462846FEF70DFF00BF00BF04E0314637
S31508010BF02846FEF706FF00BF00BF3846BDE8F0816C
S31508010C00704700000146014870470000C48500246A
S31508010C1070B504460B4622461978587801282CD116
S31508010C2040F61C0080581D7805F00F060125B540D1
S31508010C30ADB2284340F61C05A85002F5106000EB3A
S31508010C404110006800F40040F0BB1889C0F30A009F
S31508010C501D7940EA854040EA815040F0805040F4D1
S31508010C60004002F5106505EB41152D68284302F58C
S31508010C70106505EB411528602DE040F61C008058EB
S31508010C801D7805F00F060125B540144E06EA0545FF
S31508010C90284340F61C05A85002F5306000EB4110C8
S31508010CA0006800F4004078B91889C0F30A001D7974
S31508010CB040EA854040F0805040F4004002F5306536
S31508010CC005EB41152D6800E005E0284302F530657E
S31508010CD005EB41152860002070BD00000000FFFFEC
S31508010CE001460A464FF410608058C30ADB024FF4E6
S31508010CF01060835040F60400805840F4807340F633
S31508010D0004008350002070470FB470B504469DF85F
S31508010D101900012818D1A06B20F48030A063E0687F
S31508010D201F490840E060E06820F44010E0609DF843
S31508010D302000012803D1E06840F48010E0602046D5
S31508010D4000F032F8054613E0E06840F04000E06044
S31508010D50204600F029F805469DF81D0020B9A06B2C
S31508010D6040F48030A06303E0A06B20F48030A063D8
S31508010D709DF8160001280ED1E06D80B2E065E06DA0
S31508010D8008490843E065A06840F00600A060A0682D
S31508010D9040F02000A060284670BC5DF814FB0000F6
S31508010DA0BFFFBDFF0000EE0308B501460020009015
S31508010DB000BF0098401C00900098B0F1706F01D9EF
S31508010DC0032008BD086900F000400028F1D0002082
S31508010DD00090086940F00100086100BF0098401CB6
S31508010DE000900098B0F1706F01D90320E9E708690E
S31508010DF000F001000028F1D100BFE2E770B5044612
S31508010E000B46224619785878012848D102F5106010
S31508010E1000EB4110006800F00040B0F1004F17D117
S31508010E2002F5106000EB4110006840F0006502F51C
S31508010E30106000EB4110056002F5106000EB4110EF
S31508010E40006840F0804502F5106000EB411005602E
S31508010E5040F63C0080581D7805F00F060125B5407F
S31508010E60ADB2A84340F63C05A85040F61C00805890
S31508010E701D7805F00F060125B540ADB2A84340F629
S31508010E801C05A85002F5106000EB411000682B4DB7
S31508010E90284002F5106505EB411528604BE002F57F
S31508010EA0306000EB4110006800F00040B0F1004FDF
S31508010EB017D102F5306000EB4110006840F000657B
S31508010EC002F5306000EB4110056002F5306000EB79
S31508010ED04110006840F0804502F5306000EB411092
S31508010EE0056040F63C0080581D7805F00F0601257F
S31508010EF0B540134E06EA0545A84340F63C05A850F9
S31508010F0040F61C008558187800F00F060120B040FD
S31508010F100B4E06EA0040854340F61C00855002F553
S31508010F20306000EB41100068064D284002F5306537
S31508010F3005EB41152860002070BD0000007833ECF0
S31508010F400000FFFF0078F3EF01460A46D2F8000ECB
S31508010F5020F00300C2F8000E40F60400805820F085
S31508010F60020340F6040083500020704701460A46F2
S31508010F70D2F8000E20F00300C2F8000E40F6040075
S31508010F80805840F0020340F6040083500020704761
S31508010F900FB4F0B5054600272E46002405E00021CA
S31508010FA005F5827040F82410641C0F2CF7D39DF8C0
S31508010FB02200A0B940F60400805940F0020140F62B
S31508010FC004008151A86B20F40010A863286840F03A
S31508010FD040002860286840F08000286003E0A86B7C
S31508010FE040F40010A8630020C6F8000E9DF81D0005
S31508010FF001280CD19DF81B0020B90021284600F0D4
S315080110000AFD08E00121284600F005FD03E0032159
S31508011010284600F000FD1021284600F002FC00B128
S315080110200127284600F0D5FB00B1012700214FF41E
S3150801103001608151001D815140F61C008151002437
S315080110402EE006F5106000EB4410006800F0004041
S31508011050B0F1004F10D13CB94FF0006106F51060B0
S3150801106000EB441001600DE04FF0904106F5106069
S3150801107000EB4410016005E0002106F5106000EB65
S3150801108044100160002106F5106000EB441001616F
S315080110904FF67F3106F5106000EB44108160641C41
S315080110A09DF81800A042CCD800242EE006F5306041
S315080110B000EB4410006800F00040B0F1004F10D179
S315080110C03CB94FF0006106F5306000EB4410016051
S315080110D00DE04FF0904106F5306000EB44100160D9
S315080110E005E0002106F5306000EB4410016000219F
S315080110F006F5306000EB441001614FF67F3106F5C5
S31508011100306000EB44108160641C9DF81800A04211
S31508011110CCD84FF40160805920F480714FF40160F6
S3150801112081510020A8616FF0804068619DF81A001E
S3150801113018B9A86940F01000A861A8690A490843C6
S31508011140A8619DF81E0018B1A86940F00800A861B9
S315080111509DF82200012803D1A86904490843A8611A
S315080111603846F0BC5DF814FB00383C8004000040AA
S315080111700146886820F00100886000207047000059
S3150801118070B503460C4619461D6C1848854209D99F
S315080111904FF43060405800F00040B0F1004F01D1E3
S315080111A0002070BD0026C1F8106BD1F8100B40F471
S315080111B00026C1F8106BD1F8100B40F01806C1F8DB
S315080111C0106BD1F8100B40F0C046C1F8106B012C1A
S315080111D009D1C1F8142B4FF43060405840F08026ED
S315080111E04FF4306046500020DBE700000A30544FC8
S315080111F030B504460B4622461978587801281ED17F
S3150801120002F5106000EB4110006820F4001502F5A4
S31508011210106000EB411005601879032802D018798F
S3150801122002282AD102F5106000EB4110006840F04F
S31508011230805502F5106000EB411005601DE002F5CE
S31508011240306000EB4110006820F4001502F53060AB
S3150801125000EB411005601879032802D01879022895
S315080112600BD102F5306000EB4110006840F0805563
S3150801127002F5306000EB41100560002030BD30B545
S3150801128004460B46224619785878012821D102F5D9
S31508011290106000EB4110006800F0004060B959B1D8
S315080112A002F5106000EB4110006820F0804502F558
S315080112B0106000EB4110056002F5106000EB41106B
S315080112C0006840F4001502F5106000EB4110056056
S315080112D020E002F5306000EB4110006800F00040A4
S315080112E060B959B102F5306000EB4110006820F091
S315080112F0804502F5306000EB4110056002F530606B
S3150801130000EB4110006840F4001502F5306000EB6F
S3150801131041100560002030BD2DE9F84381460E468F
S3150801132090464D463478707801287DD1306920BBC6
S3150801133005F5106000EB44100069E649084005F51B
S31508011340106101EB4411086105F5106000EB4410CA
S31508011350006940F4002105F5106000EB44100161B5
S3150801136005F5106000EB44100069C10CC90405F5C8
S31508011370106000EB441001616FE005F5106000EBA9
S3150801138044100069C10CC90405F5106000EB44104E
S31508011390016105F5106000EB44100069CD4908406C
S315080113A005F5106101EB4411086194B9B16830691A
S315080113B0884201D9B068306105F5106000EB441028
S315080113C0006940F4002105F5106000EB4410016145
S315080113D035E0B16830690844401EB0FBF1F087B2C8
S315080113E005F5106000EB44100069BA49C94301EAE2
S315080113F0C741084305F5106101EB441108613079CD
S3150801140001281CD105F5106000EB4410006920F095
S31508011410C04105F5106000EB4410016105F5106047
S3150801142000EB4410006900E099E04FF0C04101EA81
S315080114304771084305F5106101EB4411086105F58B
S31508011440106000EB441000693169C1F312010843C9
S3150801145005F5106101EB44110861B8F1010F36D1A8
S31508011460F06928B105F5106000EB4410F169416196
S31508011470307901281ED140F60800405900F48070E1
S3150801148060B905F5106000EB4410006840F00051A2
S3150801149005F5106000EB441001600BE005F51060DE
S315080114A000EB4410006840F0805105F5106000EB30
S315080114B04410016005F5106000EB4410006840F027
S315080114C0044105F5106000EB44100160FEE005F5E6
S315080114D0106000EB4410006840F0044105F5106007
S315080114E000EB44100160307901280FD030690028DB
S315080114F0ECD040F634004059317801F00F02012151
S315080115009140084340F634014851DFE040F60800AF
S31508011510405900F4807060B905F5106000EB44107D
S31508011520006840F0005105F5106000EB44100160B9
S315080115300BE005F5106000EB4410006840F080519F
S3150801154005F5106000EB44100160CDF80080308A83
S3150801155083B232784846F16800F0DAFAB6E005F562
S31508011560306000EB44100069C10CC90405F5306010
S3150801157000EB4410016105F5306000EB4410006989
S315080115805449084005F5306101EB4411086104BB73
S31508011590306908B1B0683061B068306205F530600D
S315080115A000EB44100069316AC1F31201084305F5DD
S315080115B0306101EB4411086105F5306000EB441018
S315080115C0006940F4002105F5306000EB4410016123
S315080115D043E03069D0B905F5306000EB4410006985
S315080115E0B168C1F31201084305F5306101EB4411F5
S315080115F0086105F5306000EB4410006940F40021EC
S3150801160005F5306000EB4410016126E0B1683069E8
S315080116100844401EB0FBF1F087B2B06878433062E7
S3150801162005F5306000EB441000692A49C94301EA0F
S31508011630C741084305F5306101EB4411086105F519
S31508011640306000EB44100069316AC1F312010843A6
S3150801165005F5306101EB44110861B8F1010F07D1B5
S31508011660F06828B105F5306000EB4410F168416176
S31508011670307901281ED140F60800405900F48070DF
S3150801168060B905F5306000EB4410006840F0005180
S3150801169005F5306000EB441001600BE005F530609C
S315080116A000EB4410006840F0805105F5306000EB0E
S315080116B04410016005F5306000EB4410006840F005
S315080116C0044105F5306000EB441001600020BDE8D7
S315080116D0F8830000FFFF07E078B50346002400946D
S315080116E000201A464C78012C35D10C7802F5106584
S315080116F005EB4414246804F00044B4F1004F60D1AA
S315080117000C7805EB4414246844F000660C7805EB64
S31508011710441426600C7805EB4414246844F080468A
S315080117200C7805EB4414266000BF009C641C0094E9
S3150801173042F21075009CAC4201D901200AE00C78EE
S3150801174002F5106505EB4414246804F00044B4F16D
S31508011750004FEAD035E00C7802F5306505EB441404
S31508011760246804F00044B4F1004F2AD10C7805EB43
S315080117704414246844F000660C7805EB441426608A
S315080117800C7805EB4414246844F080460C7805EB84
S315080117904414266000BF009C641C009442F2107534
S315080117A0009CAC4201D901200AE00C7802F53065AB
S315080117B005EB4414246804F00044B4F1004FEAD060
S315080117C000BF78BD0146886840F0010088600020A6
S315080117D0704708B501460020009000BF0098401CDC
S315080117E000900098B0F1706F01D9032008BD08690F
S315080117F000F000400028F1D0002000901020086178
S3150801180000BF0098401C00900098B0F1706F01D994
S315080118100320EBE7086900F010001028F1D000203A
S31508011820E4E708B502460020009000BF0098401C76
S3150801183000900098B0F1706F01D9032008BD1069B6
S3150801184000F000400028F1D000200090202040EA56
S315080118508110106100BF0098401C00900098B0F1FB
S31508011860706F01D90320E9E7106900F020002028EC
S31508011870F1D00020E2E710B501460B4640F6080410
S31508011880E45804F006020AB9002006E0022A01D04B
S31508011890062A01D1022000E00F2010BD0146486941
S315080118A000F00100704701460B4640F61800C25881
S315080118B0001DC058024090B2704701460B4640F6DB
S315080118C01800C258001DC0580240100C704770B568
S315080118D0024613464FF40166F45840F63406F558A5
S315080118E001F00F0625FA06F606F0010644EAC614C3
S315080118F003F5106606EB4116B66806EA040070BDE4
S3150801190010B50246134603F5306404EB4114A0688A
S3150801191040F61404E458204010BD014648698A6916
S31508011920104070472DE9F04104460D4627462846E2
S315080119304FEA920C02F0030300210AE04FF48058A3
S3150801194058F80780C0F80080401C401C401C401C09
S31508011950491C6145F2D39BB100214FF4805858F8D0
S31508011960076000BF4FEAC10826FA08F880F8008028
S31508011970491C401CA3F101081FFA88F3002BF1D179
S31508011980BDE8F08170B504460E460025E06820F0F2
S31508011990C040E060012E10D1E06840F00050E060E0
S315080119A000BF0A20F2F766FD0A352046FFF776FFE3
S315080119B0012815D0C82DF4D312E07EB9E06840F0AD
S315080119C08040E06000BF0A20F2F754FD0A35204640
S315080119D0FFF764FF20B1C82DF5D301E0012070BDE2
S315080119E0C82D01D10120FAE70020F8E710B5024613
S315080119F00B461146D1F8000820F4FE60C1F800082C
S31508011A00D1F800084FF4FE6404EA03142043C1F830
S31508011A100008002010BD02461346D3F80008084303
S31508011A20C3F800080020704730B503461446022C57
S31508011A3049D12D48814204D32C48814201D20F2233
S31508011A4045E02A48814204D32948814201D20E221F
S31508011A503DE02748814204D32648814201D20D221E
S31508011A6035E02448814204D32348814201D20C221D
S31508011A702DE02148814204D32048814201D20B221C
S31508011A8025E01E48814204D31D48814201D20A221B
S31508011A901DE01B48814204D31A48814201D209221A
S31508011AA015E01848814204D31748814201D2082219
S31508011AB00DE01548814204D31448814201D2072218
S31508011AC005E0062203E00CB9092200E00922D868DC
S31508011AD020F47050D860D8684FF4705505EA82250D
S31508011AE02843D860002030BDC0ACD800C0E1E4006E
S31508011AF00024F40080730601A0491A01002D310162
S31508011B0040A44C0100366E0120ABA6010048E8014D
S31508011B102DE9F04304460D461E46DDF81CC0A046D5
S31508011B202946BCF1000F12D1F01C870800230CE0EE
S31508011B30D1F8009008F5805000EB0230C0F800900B
S31508011B40491C491C491C491C5B1CBB42F0D300209B
S31508011B50BDE8F083A2B002F0E5F847A2802102A809
S31508011B6000F0D8F80446A1B202A802F0F3F802E0A0
S31508011B70012001F0AEF94C48D0F888002128F7D0A9
S31508011B8000BF4FF0FF3249494948006802F0F0FEAC
S31508011B900128F6D145480088FF2805D80021434881
S31508011BA00288801C815403E00021404880F8011115
S31508011BB03E4DAD1CA91E0988481E10E03B49891CEB
S31508011BC0095C0D2904D03949891C095C0A2904D103
S31508011BD000223649891C0A5400E002E0401E00280A
S31508011BE0ECDA00BF33A12846EEF741FC20B132A159
S31508011BF02846EEF73CFC88B9304890ED000AB7EE66
S31508011C00C00A8DED000B2EA2802102A800F082F8F1
S31508011C100446A1B202A802F09DF823E02CA12846A9
S31508011C20EEF725FC20B12CA12846EEF720FC50B989
S31508011C302B4A802102A800F06DF80446A1B202A839
S31508011C4002F088F80EE01948008800280ADD2B46BC
S31508011C5024A2802102A800F05DF80446A1B202A8D8
S31508011C6002F078F802E0012001F033F90E48D0F8C5
S31508011C7088002128F7D084E70D0A3D3D3D205541CE
S31508011C80525437205245414459203D3D3D0D0A43A2
S31508011C906F6D6D616E64733A2043414C2C20484543
S31508011CA04C500D0A00000000E82900249402002483
S31508011CB09C00002443414C0063616C0054000024DD
S31508011CC0414E474C453A252E32660D0A0000000062
S31508011CD048454C500000000068656C700000000023
S31508011CE0A0520108554E4B4E4F574E3A20272573A1
S31508011CF0272E20547970652048454C5020666F720E
S31508011D0020636F6D6D616E64732E0D0A000000000D
S31508011D1000BFFEE70FB41CB50246002007AC002938
S31508011D200BD0491ECDE90021054B6A462146069886
S31508011D3000F0EEFA009A002111701CBC5DF814FB44
S31508011D403F2A01084100080218BF04200A0E18BFDD
S31508011D5040F001004FF07F4232EA010108BF40F02E
S31508011D600200012808BF05207047000002480068E4
S31508011D70C0F30220704700000CED00E010B5002802
S31508011D8004DB0A07130E054A135406E00A07140E64
S31508011D90034A00F00F031B1FD45410BD00E400E0F2
S31508011DA018ED00E010B54FF00E402DED028BB0EEA8
S31508011DB0408A18EE104A00EB4400B0F1506F4AD839
S31508011DC04FF0FC40B0EB440F22D2B0EEC80ADFED6B
S31508011DD0360A30EEC00ADFED350A60EE208A18EEC3
S31508011DE0900A01F0D3FE01EE100A14F0004F1DBF50
S31508011DF0DFED2F0A9FED2F0AB1EE411ADFED2E0A0C
S31508011E0008BF9FED2E0ADFED2E1A21EE218A05E085
S31508011E10DFED2C0A68EE088AB0EE600A9FED2A1AF1
S31508011E20DFED2A1A30EE080A48EE811A9FED281AC4
S31508011E3008EEA11ADFED271A48EE811A9FED261A38
S31508011E4008EEA11A68EE281ABDEC028B01EE810A8A
S31508011E5030EE200A10BD4FF0E440B0EB440F0CD928
S31508011E6018EE100AFFF76EFF042808BF00F070F994
S31508011E70B0EE480ABDEC028B10BD4FF07F40B0EBC7
S31508011E80440F07D2B0EE480ABDEC028BBDE81040FC
S31508011E9000F050B9012000F073F9BDEC028BBDE8E2
S31508011EA0104000F04DB900000000803F0000003FDF
S31508011EB00000C9BF22AAFDB90000C93F22AAFD39FF
S31508011EC0000000C00000000024FE1C3DC78AD83C63
S31508011ED01E67383D1B93993DAFAA2A3E10EE100A9C
S31508011EE010B510EE901A4FF0684202EB40032DED43
S31508011EF0028BB3F1654F3CBF02EB4102B2F1654F6C
S31508011F007CD200BFC0F3C753C1F3C7529A1A1B2A22
S31508011F1009DD10F0004F14BF9FED6E0A9FED6E0AA2
S31508011F20BDEC028B10BD12F11A0F1BDA11F0004F2E
S31508011F3009D010F0004F0CBF9FED680A9FED680AA3
S31508011F40BDEC028B10BD80EE208A18EE100AFFF751
S31508011F50F9FE042808BF00F0FBF8B0EE480ABDEC0C
S31508011F60028B10BD4200B2EB410F37D910F0004F7A
S31508011F7019BFDFED5C1A9FED5C1ADFED5C1A9FED68
S31508011F805C1AB0EE602A0A46F1EE400A80F000417A
S31508011F90B0EE420A10460A1A5200B2F1807F34D2D4
S31508011FA0484010F0004FDFED532A9FED533A1DBF0D
S31508011FB09FED522A71EEE21A31EE431A9FED502A2D
S31508011FC004BF71EEA21A31EE031AF0EE402A42EE70
S31508011FD0602A40EE020A82EEA02A18E011F0004FAC
S31508011FE004BF9FED481AF0EE411AD4D010F0004F05
S31508011FF01CBFDFED451A9FED451A00E026E004BF38
S31508012000DFED431A9FED431AC5E780EE202A22EE3B
S31508012010020ADFED410ADFED412ABDEC028B40EEF3
S31508012020202ADFED3F0A40EE220ADFED3E2A40EE86
S31508012030202ADFED3D0A40EE220A22EE000A00EED2
S31508012040201A31EE020A30EE210A10BD4FF07F4206
S31508012050B2EB400F28BFB2EB410F05D2BDEC028BA4
S31508012060BDE8104000F069B840EA01035B0008BF0B
S3150801207041F0FF410BD0B2EB400F08BFB2EB410F65
S3150801208008D120F0804000EE100A21F0804100EED0
S31508012090901A37E7B2EB400F12BF5FEA410240F0F0
S315080120A0FF4001F000413FF42DAF4A0092EA400398
S315080120B03FF528AF002AACBF9FED1C1A9FED1C1AED
S315080120C020EE010A60EE810A10EE100A10EE901A4F
S315080120D018E70000DB0FC9BFDB0FC93FDB0F49401B
S315080120E0DB0F49C00000C9BF22AAFDB90000C93FDC
S315080120F022AAFD390060ED3EC30ACE37000000BFB3
S315080121000000003F00000000000049C022AA7DBA75
S315080121100000494022AA7D3A2DAD65BD8FB8D53D4F
S315080121200FB511BE61C84C3EA8AAAABE0000804FD1
S315080121300000802F30EE000A704730EE200A704703
S31508012140DFED020A80EEA00A7047000000000000D9
S315080121509FED020A20EE000A7047000000000010F9
S3150801216002E008C8121F08C1002AFAD17047704751
S31508012170002001E001C1121F002AFBD170470000AF
S3150801218001490860704700005C0200242DE9FF5FE1
S3150801219082B00021DDE90430020DDDF840B00343C9
S315080121A018D044F61050A2F2FF3242431514119882
S315080121B001281FD0A5EB0B00401C5FEA000A4FF06F
S315080121C000064E4FDFF83891B046504615D5CAF18C
S315080121D0000413E0119801244AA3012801D16FEAEA
S315080121E00B010298119AC0E90031C0E9024206B012
S315080121F0BDE8F09FCBF10000DFE704460021404A25
S31508012200491842EB0450CDE9001012E0E00707D067
S3150801221032463B4640464946EEF720FA804689460D
S3150801222032463B4610461946EEF718FA06460F4659
S315080122306410002CEAD1DDE90401DDE90023BAF1D5
S31508012240000F06DAEEF70AFA42464B46EEF706FAA9
S3150801225005E0EEF775FA42464B46EEF771FA044683
S315080122600E460022284BEEF7F3FA03D84FF0FF305B
S31508012270014607E00022254B20463146EEF747F98D
S31508012280EEF7CDFA102409E0002C0ADB0A22002316
S31508012290EEF798F8039B30321A55641E50EA01028C
S315080122A0F2D1641C039AC4F111031444119A012A48
S315080122B003D0012208430DD10AE0084304D00020C7
S315080122C04FF0110B119072E7A3EB0B056D1E0DE094
S315080122D05B4504DD4FF0000205F1010504E003DA70
S315080122E04FF00002A5F10105002AECD002981199D8
S315080122F0C0E90231C0E9004579E700000000144051
S315080123000000F03F300000000000F0430000E03F0D
S315080123102DE9FF4F95B09B468946064600250FE2F3
S31508012320252877D100242746F84A0121059400E09B
S31508012330044316F8013F203B01FA03F01042F7D196
S3150801234030782A2811D06FF02F033078A0F13002A7
S31508012350092A16D8059A44F0020402EB820203EB15
S3150801236042021044761C0590EFE759F8042B0592B2
S31508012370002A03DA504244F40054059044F002045A
S31508012380761C30782E2816D116F8010F44F004046D
S315080123902A280DD06FF02F023078A0F13003092BCF
S315080123A009D807EB870302EB4303C718761CF3E743
S315080123B059F8047B761C30786C280FD006DC4C283B
S315080123C017D068280DD06A2814D104E0742810D0D3
S315080123D07A280FD10DE044F400140AE044F480147D
S315080123E001E044F440147278824202D104F5801463
S315080123F0761C761C307866280BD013DC582877D0E3
S3150801240009DC002875D04528F6D04628F4D0472897
S315080124101AD19DE118E0632835D0642879D065285A
S3150801242012D195E1702873D008DC6728F1D06928A4
S315080124306FD06E280DD06F2806D1B5E073282CD041
S31508012440752875D0782874D05A46179990476D1C07
S3150801245075E1C4F30250022809D003280DD0D9F832
S31508012460001004280DD00D6009F1040967E1D9F8B7
S315080124700010EA17C1E90052F6E7D9F800100D80F5
S31508012480F2E70D70F0E719F8041B8DF8001000202B
S315080124908DF80100EA46012003E059F804AB4FF034
S315080124A0FF3061074FF0000102D40DE008F1010188
S315080124B08846B9420FDA8045F8DB1AF80810002970
S315080124C0F4D108E008F1010188468142FADB1AF8DD
S315080124D008100029F6D105985B46A0EB08072146A6
S315080124E03846179A00F094FA284400EB080507E0E5
S315080124F04DE029E10DE01AF8010B5A461799904764
S31508012500B8F10108F7D25B4621463846179A13E116
S3150801251042E00A220092C4F302524FF0000A022A4C
S3150801252008D059F804CB032A4FEAEC710AD00DE01A
S3150801253029E02AE009F1070121F00702F2E802C1C0
S31508012540914609E00FFA8CFC4FEAEC71042A03D193
S315080125504FFA8CFC4FEAEC71002907DA0A4600218A
S31508012560DCF1000C61EB02012D2202E0220504D503
S315080125702B228DF80420012203E0E20701D0202254
S31508012580F7E7904659E00A2102E010220DE01021F2
S315080125904FF0000A00910BE010224FF0000A44F0B8
S315080125A004040827009203E008224FF0000A00926B
S315080125B0C4F30252022A05D059F804CB0021032A92
S315080125C008D009E009F1070121F00702F2E802C182
S315080125D0914605E01FFA8CFC042A01D10CF0FF0C88
S315080125E04FF00008220728D5702806D0009B83F0F3
S315080125F0100353EA0A0305D00EE040228DF80420A1
S31508012600012208E05CEA010206D030228DF8042096
S315080126108DF8050002229046009B83F0080353EAD1
S315080126200A030AD15CEA010201D1620705D5302203
S315080126308DF804204FF001087F1E582804D034A0D5
S3150801264003900EA802900DE036A0F9E753466046BE
S31508012650009AEDF7B7FE84460398825C0298401EFD
S31508012660029002705CEA0100F0D1029806A9081AE4
S3150801267000F1200A600702D524F4803400E001271E
S31508012680574502DDA7EB0A0000E0002000EB0A012E
S31508012690009005984144401A0590E00306D45B462C
S315080126A02146179A059800F0B3F90544002706E074
S315080126B001A85A46C05D179990476D1C7F1C47456E
S315080126C0F6DBE0030CD55B462146179A059800F020
S315080126D09FF9054404E030205A46179990476D1C26
S315080126E00099481E00900029F5DC08E00298029935
S315080126F05A460078491C0291179990476D1CBAF100
S315080127000001AAF1010AF1DC65E1000009280100CE
S315080127103031323334353637383961626364656648
S31508012720000000003031323334353637383941420A
S31508012730434445460000000000F058F90544761C5C
S31508012740307800287FF4ECAD19B02846BDE8F08F43
S31508012750620700D4062709F1070222F0070CFCE8F4
S315080127600223E14603F000485FEA080C02D00FF2A3
S31508012770702C0DE05FEA045C02D50FF2682C07E0C5
S315080127805FEAC47C02D00FF2602C01E0AFF2700C54
S315080127904FF0FF3823F00043CDF850C065280CD020
S315080127A006DC452809D046281DD047283DD13DE0FD
S315080127B0662818D067287ED138E00021112F01DB61
S315080127C0112000E0781CCDE9000106A90EA8FFF743
S315080127D0DDFCDDE90F010E9A03910021009207F154
S315080127E0010A04914DE04FF000400097CDE9011030
S315080127F006A90EA8FFF7CAFCDDE90F0203920E9B94
S3150801280011990022DDF80CA00093049211B9791CE4
S3150801281000EB010AB7EB0A0004D4C0F1FF3007F157
S31508012820010A0490AAEB0700019044E0012F00DA9F
S3150801283001270021112F01DD112000E03846CDE9DD
S31508012840000106A90EA8FFF7A1FCDDE90F010E9A02
S315080128500391002104910092BA4621070CD40399E9
S31508012860514500DA8A46BAF1010F05DD009AAAF147
S315080128700101515C302908D0B84202DA10F1040F7F
S3150801288006DA0121CDE9011015E0AAF10101E9E70E
S31508012890002805DC049901440491AAEB000102E031
S315080128A0411C514500DD8A460499401A401C019095
S315080128B04FF000400290200704D40198504501DBEF
S315080128C0CDF8048000208DF84F0002980DF14F07CE
S315080128D0B0F1004F25D02B200E9002984FF0020838
S315080128E000280CDA404202902D200E9007E00A21BA
S315080128F00298EDF7D7FD3031029007F8011DB8F1BE
S315080129000001A8F10108F2DC02980028EFD1791E2E
S315080129100E980870307800F0200040F0450007F85E
S31508012920020D12A8C01B00F107081498007800B11F
S31508012930012000EB0A01019801EBE0710598414479
S31508012940401A401E0590E00306D45B462146179AB5
S31508012950059800F05DF805441498007818B15A46B0
S31508012960179990476D1CE00324D55B462146179AB3
S31508012970059800F04DF805441CE00498002807DB8B
S31508012980DDE90301884203DD0098405C179901E0FF
S31508012990179930205A469047049805F10105401CBD
S315080129A004900198401E019004D12E205A46179989
S315080129B090476D1CBAF10001AAF1010ADDDC05E0B8
S315080129C017F8010B5A46179990476D1CB8F1000183
S315080129D0A8F10108F4DC5B462146179A0598ABE68F
S315080129E02D0000002B000000200000002DE9F04119
S315080129F0044600251E461746880404D405E03946D0
S31508012A002020B0476D1C641EF9D52846BDE8F08123
S31508012A102DE9F041044600251E469046C80301D516
S31508012A20302700E02027880404D505E041463846CA
S31508012A30B0476D1C641EF9D52846BDE8F0814A6881
S31508012A40002A06D00A68531C0B6010704868401E9D
S31508012A504860704770B500250024EEF793F880208A
S31508012A60EEF7D0F95520EEF7CDF95520EEF7CAF96C
S31508012A700546EEF77DF89620EEF7B2F8EEF782F8FE
S31508012A808020EEF7BFF95520EEF7BCF95520EEF791
S31508012A90B9F90546EEF76CF89620EEF7A1F8EEF7C8
S31508012AA071F8B6217E20EEF7BDF9EEF761F85020F0
S31508012AB0EEF789F8EEF766F88020EEF7A3F95520C8
S31508012AC0EEF7A0F95520EEF79DF90546EEF750F811
S31508012AD09620EEF785F8EEF755F88020EEF792F98D
S31508012AE05520EEF78FF95520EEF78CF90546EEF7E6
S31508012AF03FF89620EEF774F81E2D01D0FF2070BD21
S31508012B00002434E0EEF73EF804EB44021A4B1A446B
S31508012B10517804EB4402985CEEF784F9EEF728F84D
S31508012B209620EEF75DF8EEF72DF804EB4401124A0C
S31508012B30515C41F08000EEF765F95520EEF762F930
S31508012B405520EEF75FF90546EEF712F89620EEF7EF
S31508012B5047F804EB4400084908444078A84204D0E1
S31508012B6004EB440008448078C9E7601CC4B2062C0B
S31508012B70C8DB0020C3E700006000002438B5002444
S31508012B8000200090EEF714F869460020EEF72DF9BB
S31508012B90EEF704F89620EEF723F8EEF709F86946FA
S31508012BA00020EEF722F9EDF7F9FF9620EEF718F86F
S31508012BB0EDF7FEFFB6211420EEF734F9EDF7EEFF37
S31508012BC05020EEF700F8EDF7F3FF69460020EEF71F
S31508012BD00CF9EDF7E3FF9620EEF702F8EDF7E8FFBB
S31508012BE069460020EEF701F9EDF7D8FF9620EDF7D3
S31508012BF0F7FF9DF800000F2801D0FF2038BD0024FB
S31508012C002FE0EDF7D5FF04EB4402184B1A4451782F
S31508012C1004EB4402985CEEF705F9EDF7BFFF962041
S31508012C20EDF7DEFFEDF7C4FF04EB44010F4A505CF4
S31508012C306946EEF7DAF8EDF7B1FF9620EDF7D0FF22
S31508012C4004EB44000949084440789DF8001088427D
S31508012C5005D004EB4400054908448078CEE7601C9A
S31508012C60C4B2062CCDDB0020C8E7000072000024A0
S31508012C7010B500F01FF80C48F2F7CDFA0B48F2F739
S31508012C80CAFA0B48F2F7C7FA002201210648F1F7FA
S31508012C9005FC002201210548F1F700FC002201216B
S31508012CA00348F1F7FBFB10BDDC0A00247C0B00246A
S31508012CB01C0C002400B589B00020019002900390F5
S31508012CC00120049000200590069001A90648F1F715
S31508012CD0B8FC08B1EEF73BFC012211460248F1F7B0
S31508012CE07AFC09B000BD0000DC0A0024F0EE401AA7
S31508012CF0F4EEE01AF1EE10FA02D2B0EE600A70476D
S31508012D00F4EEC11AF1EE10FA02DDB0EE410AF6E769
S31508012D10B0EE610AF3E7000010B50249024800F077
S31508012D2019F810BD84000024DC0A002410B50249F4
S31508012D30024800F00FF810BD8C0000247C0B00241B
S31508012D4010B50249024800F005F810BD94000024A8
S31508012D501C0C002430B58BB005460C46234601AA47
S31508012D6040212846F1F7C4FC10B100200BB030BD54
S31508012D700498C0F30740F9E7F0B589B006460C4652
S31508012D8017461D4600940020019002900395049071
S31508012D9005900690079008903A4669463046F1F73D
S31508012DA0D1FB10B1012009B0F0BD0020FBE70000FE
S31508012DB010B52DED028B044694ED010AD4ED030AF4
S31508012DC020EE200AD4ED000A94ED021A00EEC10A9B
S31508012DD0F0EE000A20EE200AB0EE408A94ED000AD1
S31508012DE0D4ED010A20EE200AD4ED020A94ED031A65
S31508012DF000EE810AF0EE000A20EE200AF0EE408A83
S31508012E00F0EE680AB0EE480AFFF768F8DFED030A44
S31508012E1020EE200ABDEC028B10BD0000E12E6542B2
S31508012E20F0EE400AF6EE001A60EEA11AB0EE611A4B
S31508012E30B0EE600A10EE100A0749A1EB600000EE39
S31508012E40100A21EE002AF7EE081A42EE401A61EE40
S31508012E50801AB0EE610A7047DF59375FF2F7C6FB91
S31508012E60FAF7A2FCF9F7F2F9F9F7A0F8F9F73AF83F
S31508012E70F9F70CFCF9F774FBF9F7D6FBF9F7A2FB9E
S31508012E80F9F7ECFCF9F7CEFDF9F702FEF9F738FE8A
S31508012E90F9F75CFDF9F790FDF9F7B2F8F9F7EEF8ED
S31508012EA0F9F72CF9F9F730FCF9F790FCF9F706FB75
S31508012EB0F9F714FDFFF7DCFEF9F75CF900F015F8F0
S31508012EC000BFFEE701460020842901D0CA1C104430
S31508012ED0704770B5044625460DB1294600E0012123
S31508012EE0084601F0CFF8002070BD10B501F046F98B
S31508012EF0002010BDF8B504460D46A06840B1E0684B
S31508012F0030B10020009094E80F0001F022FBF8BDD3
S31508012F100022D4E9000101F0EFFAF8E7F8B5044612
S31508012F200D46606880B1012D08D10320009000226A
S31508012F3011460120636801F00CFBF8BD29462846B5
S31508012F40626801F0A7FAF8E7012D0ED103220021E4
S31508012F50012001F0D1FA06462EB100231A46194678
S31508012F60304601F0B3FB3046E7E72946284601F02B
S31508012F7063FAE2E77FB504460D46606998B1A06930
S31508012F8088B1B4F90800FFF79DFF0646D4E9051094
S31508012F90CDE9006102902B462269D4E9001001F0BF
S31508012FA013FE039013E0B4F90800FFF78BFF0646FA
S31508012FB003A8CDE90060238A9AB22B46D4E900100A
S31508012FC001F0D0FD012802D0002004B070BD03989D
S31508012FD0FBE700002DE9F04105460E461C48076847
S31508012FE01C480068001D00F0C5FE50B91948006864
S31508012FF090F82C1001208840174909688143164822
S315080130000160681C38B936B112480168091D1348B0
S3150801301000F006FF1AE07C190E4800684460BC42BD
S3150801302007D20C480168091D0D48006800F0DEFE4C
S315080130300CE008480168091D0A48006800F0D6FE38
S3150801304009480068844201D207480460BDE8F08156
S31508013050A801002494010024AC010024D86A0024A4
S315080130609C01002498010024C401002410B50446DB
S3150801307000F0E2FE24480068401C23490860234802
S31508013080006840B9214804600846006801280DD146
S3150801309000F0FCF90AE01E48006838B91B480068C8
S315080130A0C06AE16A884201D818480460194800686C
S315080130B0401C1849086008460068606494F82C109A
S315080130C00120884014490968084313490860E16AE0
S315080130D001EB8101114A02EB8100211D00F0A0FEDE
S315080130E000F0D4FE0A48006868B108480068C06A5A
S315080130F0E16A884207D24FF0805009490860BFF358
S315080131004F8FBFF36F8F10BDA401002494010024D3
S31508013110B0010024C0010024AC010024FC6900248C
S3150801312004ED00E008B500F087FE12480068E8B92A
S31508013130114800F04BFE114800F048FE0E481049B0
S3150801314008600E480F49086000200F4B0F4A1021EE
S3150801315000900A2001F0FDF9064908600846006852
S3150801316020B10BA10348006800F050FF00F08EFE65
S3150801317008BD0000D8010024EC6A0024006B002475
S31508013180D0010024D4010024146B0024646B0024AC
S31508013190546D72510000000010B516E000F04CFEA7
S315080131A00C48C068C468201D00F0E4FD0A480068A0
S315080131B0401E0949086009480068401E0749086019
S315080131C000F064FE204600F05FF804480068002815
S315080131D0E4D110BDC46A0024A4010024A00100247E
S315080131E070B504460D46206C70B1216CE068014447
S315080131F0E160D4E90210884201D32168E1602846DA
S31508013200226CE168EDF70FF970BD2DE9F04104462E
S315080132100F4615464FF00008A66B206C48B9206882
S3150801322000282CD1A06801F0E7FD80460020A060A7
S3150801323025E07DB93946226C6068EDF7F4F8216C12
S31508013240606808446060D4E90101884217D32068A0
S31508013250606014E03946226CE068EDF7E4F8216C09
S31508013260E068411AE1602168E068884203D2216C6E
S31508013270A068411AE160022D01D106B1761E701CC3
S31508013280A0634046BDE8F08110B5044694F859009C
S3150801329030B9206B00F018FE204600F015FE1AE042
S315080132A094F85900012803D1204600F00DFE12E0DA
S315080132B094F85900022801D1012000E0002050B9F4
S315080132C000BF502080F31188BFF34F8FBFF36F8F74
S315080132D000BF00BFFEE710BD0146084A1268126822
S315080132E00AB9012200E000220A600A6822B9034AE3
S315080132F01268D268106800E000207047D0010024E7
S3150801330030B54FF47053174800F007042CB1C01DAF
S3150801331020F00700134C041B1B1B0246124C2260AB
S315080133200024114D6C60D018083820F007000F4CA6
S31508013330206000240D4D2D686C600C4D2D682C60A5
S315080133401146441A4C60094C24680C60084D4C68B7
S315080133502C60084D4C682C604FF00044064D2C60DB
S3150801336030BD0000BC2D0024680100247001002432
S3150801337078010024740100248401002400BFFFF7AA
S315080133800BFF064800680128F9D94FF08050044917
S315080133900860BFF34F8FBFF36F8FF0E7FC69002416
S315080133A004ED00E02DE9F04106460D46174698461C
S315080133B0069C0DB9246000E02760E66325640121B7
S315080133C0204601F037F984F84C80BDE8F0812DE9F3
S315080133D0F05F82460E4690469B460A9F0C9C4FEA32
S315080133E08801A522206BEDF730F8A8F10100216BC1
S315080133F001EB800929F0070909F0070008B901203E
S3150801340000E0002050B900BF502080F31188BFF3B7
S315080134104F8FBFF36F8F00BF00BFFEE786B1002550
S3150801342007E0715D04F134004155705D00B902E0B1
S315080134306D1C102DF5D300BF00214320015502E074
S31508013440002084F83400072F00D30627E762E764D3
S3150801345000202065201D00F0C6FC04F1180000F0CC
S31508013460C2FC2461C7F10700A0616462002060659F
S3150801347084F858005A465146484600F071FB2060C8
S315080134800B9808B10B980460BDE8F09F10B50024AD
S3150801349007E004EB84010F4A02EB810000F096FC79
S315080134A0641C072CF5D30C4800F090FC0B4800F07F
S315080134B08DFC0B4800F08AFC0A4800F087FC0A4894
S315080134C000F084FC04480949086004480849086072
S315080134D010BD0000FC690024886A00249C6A002447
S315080134E0B06A0024C46A0024D86A0024980100241A
S315080134F09C01002410B50146164800E000680368DF
S315080135008B42FBD30246436813448B4204D143687A
S315080135104C682344436001460A464B6813440468D1
S31508013520A34211D10C4C03682468A34208D04B6806
S315080135300468646823444B6003681B680B6005E0F4
S31508013540054B1B680B6001E003680B60884200D0DD
S31508013550016010BD68010024700100242DE9F041C5
S3150801356004460D4616461F464FF00008656024615D
S31508013570B5420CD8F01BA169884202D34FF0010865
S3150801358011E0211D0948006800F030FC0BE0BE423D
S3150801359004D2BD4202D34FF0010804E0211D0448BC
S315080135A0006800F023FC4046BDE8F081D401002400
S315080135B0D001002470B5054600F03EFCA86B08B999
S315080135C0012400E0002400F061FC204670BD70B5BE
S315080135D0054600F031FCA86BE96B884201D101244C
S315080135E000E0002400F052FC204670BDF8B50546FF
S315080135F00F461A480068C068C468201D00F0BAFB67
S3150801360094F8280000F00400E8B1A06941192B4696
S315080136103A462046FFF7A2FFD8B1002003462A46BC
S3150801362001460090204601F055FD064656B900BFF1
S31508013630502080F31188BFF34F8FBFF36F8F00BF00
S3150801364000BFFEE705E094F8280020F0010084F8A1
S3150801365028002046216A8847F8BD0000D0010024C9
S31508013660F0B587B0A0E00398002811DA04AE56B980
S3150801367000BF502080F31188BFF34F8FBFF36F8FC0
S3150801368000BF00BFFEE7D6E90020B168904700BF3A
S3150801369003980028E6DB059C606908B9012000E06B
S315080136A0002010B9201D00F065FB02A800F0DEF825
S315080136B0054603980A2875D2DFE800F00905073997
S315080136C0416306083A4200BF00BF00BF00BF94F835
S315080136D0280040F0010084F828000498A26981189E
S315080136E003462A462046FFF739FFF8B12046216AE4
S315080136F0884794F8280000F00400B8B1002000902B
S315080137000498A169421800231946204601F0E2FCF3
S31508013710074657B900BF502080F31188BFF34F8F72
S31508013720BFF36F8F00BF00BFFEE700BF3BE000BFDE
S3150801373094F8280020F0010084F8280033E000BF3F
S3150801374094F8280040F0010084F828000498A06144
S31508013750A06908B1012000E0002050B900BF50203F
S3150801376080F31188BFF34F8FBFF36F8F00BF00BF80
S31508013770FEE7A06941192B462A462046FFF7EEFEC9
S3150801378011E094F8280000F0020018B9204600F06C
S315080137909BFB05E094F8280020F0010084F8280036
S315080137A001E0FFE700BF00BF002203A90448006843
S315080137B001F0DEF800287FF456AF07B0F0BD00002F
S315080137C0D8010024F8B505460C4600F033FD6846D5
S315080137D000F04CF80646009820BB44B9B54206D815
S315080137E001F0BAFB31462846FFF700FF1CE03CB161
S315080137F00E480068006808B9012000E00020044668
S31508013800A91B22460A48006800F016FC01F0A4FB31
S3150801381050B94FF0805007490860BFF34F8FBFF387
S315080138206F8F01E001F098FBF8BD0000D401002478
S31508013830D801002404ED00E00A490968096809B9B4
S31508013840012100E0002121B14FF0FF31064A116044
S3150801385006E004490968C968C868034A41681160ED
S315080138607047000098010024C401002470B504467D
S3150801387001F018FA054607480068854204D200F0A7
S315080138800BF80120206001E0002020600148056056
S31508013890284670BDE00100242DE9F84334E02548A7
S315080138A00068C068056823480068C068C468201DA8
S315080138B000F060FA2046216A884794F8280000F04B
S315080138C0040008B3A0694619AE4207D966602461A7
S315080138D0211D1848006800F089FA15E00020034602
S315080138E02A4601460090204601F0F4FB074657B9DF
S315080138F000BF502080F31188BFF34F8FBFF36F8F3E
S3150801390000BF00BFFEE700BF0A480068006808B9A3
S31508013910012000E000200028C1D00648D0F8008028
S3150801392005480068034908600348C0F80080BDE8F7
S31508013930F8830000D0010024D40100240E48006851
S31508013940401C08B9012000E0002050B900BF5020F2
S3150801395080F31188BFF34F8FBFF36F8F00BF00BF8E
S31508013960FEE700BF502080F31188BFF34F8FBFF3E6
S315080139706F8F00BF00BFFEE78801002408B500BFAE
S315080139806846FFF7A9FC044620460099FFF71AFF87
S31508013990FFF766FEF4E770B5044600F04DFA94F9B0
S315080139A0455010E0606A08B9012000E0002038B9E6
S315080139B004F1240001F084FA18B100F09DFB00E03F
S315080139C003E0681E45B2002DECDC00BFFF2084F839
S315080139D0450000F05BFA00F02FFA94F9445010E024
S315080139E0206908B9012000E0002048B904F1100057
S315080139F001F066FA08B100F07FFB681E45B200E0E7
S31508013A0001E0002DECDC00BFFF2084F8440000F043
S31508013A103DFA70BD2DE9F04104464FF0000800F06B
S31508013A2009FC4948006808B9FFF76AFC4748006875
S31508013A302040002870D1D4B1083404F00700B0B191
S31508013A4004F00700C0F10800044404F0070008B9AF
S31508013A50012000E0002050B900BF502080F31188F2
S31508013A60BFF34F8FBFF36F8F00BF00BFFEE7002C78
S31508013A7052D03748006884424ED8364E30460568DB
S31508013A8001E02E462D686868A04202D228680028FF
S31508013A90F7D12D48006885423ED0306800F1080804
S31508013AA0286830606868001B102819D92F1907F093
S31508013AB0070008B9012000E0002050B900BF5020D6
S31508013AC080F31188BFF34F8FBFF36F8F00BF00BF1D
S31508013AD0FEE76868001B78606C603846FFF70AFDE8
S31508013AE01B4968680968081A194908600846006880
S31508013AF019490968884203D21548006816490860B9
S31508013B0012496868096808436860002028601348F4
S31508013B100068401C1149086001F01EFA08F0070008
S31508013B2008B9012000E0002050B900BF502080F3F9
S31508013B301188BFF34F8FBFF36F8F00BF00BFFEE73A
S31508013B404046BDE8F081000070010024840100248C
S31508013B507401002468010024780100247C010024F2
S31508013B60001F4FF080730360001F21F001030360FB
S31508013B70001F054B036014380260001F6FF0020333
S31508013B8003602038704700003D39010810B500EE82
S31508013B90100A2DED028BB1EEC08A18EE100A20F03C
S31508013BA00040C0F1FF40C00F0AD010EE100A20F005
S31508013BB00040C0F1FF40C00F04BF0120FEF7E0FA44
S31508013BC018EE100ABDEC028B10BD000010B54FF4BB
S31508013BD0807250495048F7F76BF900287ED14E4854
S31508013BE0D0F8800000684D49884276D04A48D0F816
S31508013BF0800000684949183188426ED04648D0F895
S31508013C008000006845493031884266D04248D0F87C
S31508013C10800000684149483188425ED03E48D0F864
S31508013C20800000683D496031884256D03A48D0F84C
S31508013C30800000683949783188424ED03648D0F834
S31508013C408000006835499031884246D03248D0F81C
S31508013C50800000683149A83188423ED02E48D0F804
S31508013C60800000682E49884237D02B48D0F880005A
S31508013C7000682B49183188422FD02748D0F8800090
S31508013C80006827493031884227D02348D0F8800078
S31508013C9000682349483188421FD01F48D0F8800060
S31508013CA000681F496031884217D01B48D0F8800048
S31508013CB000681B49783188420FD01748D0F8800030
S31508013CC0006817499031884207D01348D0F8800018
S31508013CD000681349A83188420ED100E018E00E4861
S31508013CE0D0F880000068006820F008000A49D1F879
S31508013CF08010096808600BE00748D0F88000006862
S31508013D00006820F004000449D1F8801009680860A9
S31508013D1010BD000098030024E82900241000024081
S31508013D201004024008B50848006850B90020074B3E
S31508013D30074A4FF481710090042000F00AFC0249F9
S31508013D400860FFF743FF08BD9C0000249C0500247A
S31508013D50EC05002470B504460D4604B10DB90120E1
S31508013D6070BD2A4621460248F7F77EFEF8E70000AD
S31508013D70E829002401460A69D1E901309860D1E9A8
S31508013D80010358605068884201D188685060002054
S31508013D9008611068401E106010687047034B036085
S31508013DA0034B0B608023136070470000741F0024C7
S31508013DB0D01F0024034B0360034B0B604FF4807341
S31508013DC013607047D02100242C22002400F1080139
S31508013DD041604FF0FF31816000F10801C160016166
S31508013DE000210160704700210161704710B5024644
S31508013DF00B685C1C0CB9106907E002F1080000E0C9
S31508013E004068446824689C42FAD944684C604C6806
S31508013E10A160886041600A611468641C146010BD61
S31508013E2042684A6093688B6093685960916008613B
S31508013E3003685B1C0360704700BF502080F311883C
S31508013E40BFF34F8FBFF36F8F00BF0E480068401C4A
S31508013E500C49086008460068012812D10A4800681A
S31508013E60C0B208B9012000E0002050B900BF5020B7
S31508013E7080F31188BFF34F8FBFF36F8F00BF00BF69
S31508013E80FEE770478801002404ED00E00D4800684C
S31508013E9050B900BF502080F31188BFF34F8FBFF38D
S31508013EA06F8F00BF00BFFEE706480068401E054940
S31508013EB008600846006820B9002080F3118800BF11
S31508013EC000BF70478801002470B506463546002EA6
S31508013ED044D0083D2C46224960680968084008B163
S31508013EE0012000E0002050B900BF502080F311885E
S31508013EF0BFF34F8FBFF36F8F00BF00BFFEE7206888
S31508013F0008B9012000E0002050B900BF502080F315
S31508013F101188BFF34F8FBFF36F8F00BF00BFFEE756
S31508013F200F49606809680840C0B12068B0B90C49F2
S31508013F30606809688843606000F07CF9094960682F
S31508013F4009680844074908602046FFF7D3FA064876
S31508013F500068401C0449086000F0FEFF70BD0000BF
S31508013F6084010024740100248001002400204FF0FC
S31508013F70E02108618861064800684FF47A71B0FB50
S31508013F80F1F0401E4FF0E0214861072008617047B3
S31508013F90C800002470B5ECF7FFF90446102C16D3B7
S31508013FA004F1E02090F8F05315480078854201DBCA
S31508013FB0012000E0002050B900BF502080F311888D
S31508013FC0BFF34F8FBFF36F8F00BF00BFFEE70D48EA
S31508013FD0006800F4E0600C490968884201D80120AC
S31508013FE000E0002050B900BF502080F31188BFF3CC
S31508013FF04F8FBFF36F8F00BF00BFFEE770BD000094
S315080140008C0100240CED00E09001002402460020FA
S315080140100BE0084B53F8303033B9064B43F83010F0
S3150801402003EBC0035A6002E0401C0828F1D300BF25
S3150801403070470000BC6900242DE9F04105460E468B
S3150801404017462C46FFF7F8FE94F94400401C10B9B0
S31508014050002084F8440094F94500401C10B900205A
S3150801406084F84500FFF712FFA06B28B93A46314696
S3150801407004F1240000F062F82046FFF78CFCBDE845
S31508014080F081000070B504460025D4B112480068D5
S3150801409008B9012000E0002050B900BF502080F384
S315080140A01188BFF34F8FBFF36F8F00BF00BFFEE7C5
S315080140B000F0C0F800212046FEF78CFF00F04CFF07
S315080140C005463DB94FF0805004490860BFF34F8F4C
S315080140D0BFF36F8F70BD0000CC01002404ED00E032
S315080140E0034909680160034909684160704700008E
S315080140F0BC010024A8010024012001490860704779
S31508014100B801002470B504460D4654B900BF5020C5
S3150801411080F31188BFF34F8FBFF36F8F00BF00BFC6
S31508014120FEE70548016818312046FFF75FFE0121C1
S315080141302846FEF74FFF70BD9401002470B5054669
S315080141400E46144655B900BF502080F31188BFF3B7
S315080141504F8FBFF36F8F00BF00BFFEE706480168A8
S3150801416018312846FFF75CFE0CB14FF0FF362146A1
S315080141703046FEF72FFF70BD9401002410B586B0B6
S3150801418000200590049003AA04A905A8FFF706FED6
S315080141900022DDE904101346CDE9002102901EA193
S315080141A01F48039A00F010FD1E490860084600687A
S315080141B008B1012400E00024012C02D100F04EFFD1
S315080141C00446012C15D100BF502080F31188BFF396
S315080141D04F8FBFF36F8F00BF4FF0FF301249086052
S315080141E001201249086000201149086000F070F8A2
S315080141F010E0601C08B1012000E0002050B900BFA2
S31508014200502080F31188BFF34F8FBFF36F8F00BF24
S3150801421000BFFEE706B010BD49444C45000000004A
S315080142207D330108C8010024C4010024B00100241B
S31508014230A801002402480068401C0149086070472B
S31508014240CC0100241D48006818B101201C490860EA
S3150801425032E000201A4908601A480068B0FA80F06E
S31508014260C0F11F0101EB8100174A52F8200008B17D
S31508014270012000E0002050B900BF502080F31188CA
S31508014280BFF34F8FBFF36F8F00BF00BFFEE701EB90
S3150801429081020D4B03EB820042685268426000F1CD
S315080142A008024368934202D14268526842604268F2
S315080142B0D268064B1A6000BF70470000CC01002483
S315080142C0B8010024AC010024FC69002494010024EF
S315080142D01CB5524800685249884201D0012000E0C5
S315080142E0002050B900BF502080F31188BFF34F8FCB
S315080142F0BFF36F8F00BF00BFFEE748480068484913
S31508014300491E884201D0012000E0002050B900BFB3
S31508014310502080F31188BFF34F8FBFF36F8F00BF13
S3150801432000BFFEE73F49084600780190FF200A468C
S3150801433010700846007800909DF8000000F0F00023
S315080143409DF80020904201D1012000E0002050B9DB
S3150801435000BF502080F31188BFF34F8FBFF36F8FD3
S3150801436000BF00BFFEE79DF8000000F050002E4A8E
S31508014370107007202D4A106009E02C480068401E7D
S315080143802A4A10609DF800004006000E00909DF82C
S31508014390000000F080008028EFD024480068C0F1B2
S315080143A00700042801D1012000E0002050B900BF10
S315080143B0502080F31188BFF34F8FBFF36F8F00BF73
S315080143C000BFFEE7194800680002184A1060104647
S315080143D0008800F4E0601060124A019810700F48D6
S315080143E02030006840F470000C4920310860084606
S315080143F0006840F070400860FFF7B8FD00200C49DE
S315080144000860EBF791FF0B48006840F04040094906
S315080144100860EBF775FF00201CBD000000ED00E009
S3150801442071C20F4100E400E08C01002490010024D0
S315080144308801002434EF00E070B505460E460DB13B
S31508014440012000E0002050B900BF502080F31188F8
S31508014450BFF34F8FBFF36F8F00BF00BFFEE7AE42BA
S3150801446001D8012000E0002050B900BF502080F398
S315080144701188BFF34F8FBFF36F8F00BF00BFFEE7F1
S3150801448002220021284600F037F8044604B1A66343
S31508014490204670BDF8B505460E4617460DB10120F2
S315080144A000E0002050B900BF502080F31188BFF307
S315080144B04F8FBFF36F8F00BF00BFFEE7AE4201D833
S315080144C0012000E0002050B900BF502080F3118878
S315080144D0BFF34F8FBFF36F8F00BF00BFFEE7022008
S315080144E03B46002211460090284600F032F8044661
S315080144F004B1A6632046F8BD2DE9F84305460E46E4
S3150801450017460DB1012000E0002050B900BF502028
S3150801451080F31188BFF34F8FBFF36F8F00BF00BFC2
S31508014520FEE705FB06F808F15000FFF773FA0446A3
S3150801453064B1A14609F15009002084F846003B46BA
S315080145404A46314628460094FEF72CFF2046BDE828
S31508014550F8832DE9F84380460E4617461D46DDF8D1
S315080145602090B8F1000F01D0012000E0002050B9D9
S3150801457000BF502080F31188BFF34F8FBFF36F8FB1
S3150801458000BF00BFFEE70DB1012000E0002050B9D1
S3150801459000BF502080F31188BFF34F8FBFF36F8F91
S315080145A000BF00BFFEE707B10EB1012000E0002001
S315080145B050B900BF502080F31188BFF34F8FBFF366
S315080145C06F8F00BF00BFFEE707B90EB9012000E0F3
S315080145D0002050B900BF502080F31188BFF34F8FD8
S315080145E0BFF36F8F00BF00BFFEE750200090009811
S315080145F0502801D1012000E0002050B900BF502009
S3150801460080F31188BFF34F8FBFF36F8F00BF00BFD1
S31508014610FEE700BF2C464CB1012084F846004B4604
S315080146203A46314640460094FEF7BCFE2046BDE8B0
S31508014630F883000070B505460E462C4654B900BFEE
S31508014640502080F31188BFF34F8FBFF36F8F00BFE0
S3150801465000BFFEE7FFF7F0FBD4E90F12206801FB64
S315080146600200A0600020A06320686060E06B401E25
S31508014670226C216800FB0211E160FF2084F84400E6
S3150801468084F845009EB9206908B9012000E0002098
S31508014690A8B904F1100000F013FC80B14FF0805066
S315080146A009490860BFF34F8FBFF36F8F07E004F125
S315080146B01000FFF78BFB04F12400FFF787FBFFF7D8
S315080146C0E5FB012070BD000004ED00E02DE9FF4384
S315080146D083B0064688461D464FF00009344654B94C
S315080146E000BF502080F31188BFF34F8FBFF36F8F40
S315080146F000BF00BFFEE7B8F1000F01D1206C08B971
S31508014700012000E0002050B900BF502080F3118835
S31508014710BFF34F8FBFF36F8F00BF00BFFEE7022DB8
S3150801472002D1E06B012801D1012000E0002050B937
S3150801473000BF502080F31188BFF34F8FBFF36F8FEF
S3150801474000BF00BFFEE700F09DFA08B9059808B951
S31508014750012000E0002050B900BF502080F31188E5
S31508014760BFF34F8FBFF36F8F00BF00BFFEE700BFD8
S31508014770FFF762FBA06BE16B884201D3022D28D1BA
S315080147802A4641462046FEF740FD0746606A08B9B3
S31508014790012000E0002068B904F1240000F090FB34
S315080147A088B14FF0805032490860BFF34F8FBFF38D
S315080147B06F8F08E03FB14FF080502D490860BFF375
S315080147C04F8FBFF36F8FFFF761FB012007B0BDE87D
S315080147D0F083059818B9FFF759FB0020F6E7B9F1F8
S315080147E0000F04D101A8FFF77BFC4FF00109FFF781
S315080147F04DFBFFF71FFDFFF71FFB94F94400401C13
S3150801480010B9002084F8440094F94500401C10B9F9
S31508014810002084F84500FFF739FB05A901A800F037
S315080148205BF9F0B92046FEF7D2FEA0B104F11000FB
S315080148300599FFF767FC2046FFF7ADF800F08CFBFA
S31508014840002895D14FF0805009490860BFF34F8F72
S31508014850BFF36F8F8CE72046FFF79DF800F07CFBCE
S3150801486086E72046FFF797F800F076FB0020ADE7CC
S3150801487004ED00E02DE9F84F07468A4690461E46A4
S315080148803C4654B900BF502080F31188BFF34F8FBF
S31508014890BFF36F8F00BF00BFFEE7BAF1000F01D16A
S315080148A0206C08B9012000E0002050B900BF502053
S315080148B080F31188BFF34F8FBFF36F8F00BF00BF1F
S315080148C0FEE7022E02D1E06B012801D1012000E0AA
S315080148D0002050B900BF502080F31188BFF34F8FD5
S315080148E0BFF36F8F00BF00BFFEE7FFF753FB00BFA3
S315080148F05021EFF3118081F31188BFF34F8FBFF376
S315080149006F8F00BF0546A06BE16B884201D3022E6B
S3150801491025D194F945B0A06B009032465146204600
S31508014920FEF773FC0BF1010088B9606A08B901202A
S3150801493000E0002050B904F1240000F0C1FA28B1C2
S31508014940B8F1000F02D00120C8F8000004E00BF10D
S31508014950010040B284F845004FF0010901E04FF02B
S31508014960000900BF85F3118800BF4846BDE8F88FE6
S315080149702DE9F74183B005460E464FF000082C464F
S3150801498054B900BF502080F31188BFF34F8FBFF38E
S315080149906F8F00BF00BFFEE70EB9206C08B9012072
S315080149A000E0002050B900BF502080F31188BFF302
S315080149B04F8FBFF36F8F00BF00BFFEE700F062F9AC
S315080149C008B9059808B9012000E0002050B900BFD0
S315080149D0502080F31188BFF34F8FBFF36F8F00BF4D
S315080149E000BFFEE700BFFFF727FAA76BF7B131460D
S315080149F02046FEF7F5FB781EA063206908B9012059
S31508014A0000E0002060B904F1100000F059FA38B14D
S31508014A104FF080502F490860BFF34F8FBFF36F8F58
S31508014A20FFF734FA012006B0BDE8F081059818B9F8
S31508014A30FFF72CFA0020F6E7B8F1000F04D101A818
S31508014A40FFF74EFB4FF00108FFF720FAFFF7F2FBDD
S31508014A50FFF7F2F994F94400401C10B9002084F8D4
S31508014A60440094F94500401C10B9002084F845001B
S31508014A70FFF70CFA05A901A800F02EF8F0B92046AF
S31508014A80FEF798FDA0B104F124000599FFF73AFB5A
S31508014A902046FEF780FF00F05FFA0028A3D14FF009
S31508014AA080500C490860BFF34F8FBFF36F8F9AE7A9
S31508014AB02046FEF770FF00F04FFA94E72046FEF70E
S31508014AC06AFF00F049FA2046FEF774FD00288AD0ED
S31508014AD00020A8E704ED00E070B505460C4655B977
S31508014AE000BF502080F31188BFF34F8FBFF36F8F3C
S31508014AF000BF00BFFEE754B900BF502080F31188FC
S31508014B00BFF34F8FBFF36F8F00BF00BFFEE7FFF7FD
S31508014B1093F9124802686868131A2068401C08B994
S31508014B20002617E00E4928680968884204D0686893
S31508014B30904201D801260DE02068984207D92068DD
S31508014B40C01A20602846FFF7CBFA002602E00020AB
S31508014B5020600126FFF79AF9304670BDA8010024A6
S31508014B60BC0100242DE9FF4F85B0804689461746CA
S31508014B70DDE912ABB800FEF74DFF064656B15C20DB
S31508014B80FEF748FF04460CB1266304E03046FFF7FA
S31508014B909BF900E000248CB1002084F85900CDE986
S31508014BA000ABCDE902403A4649464046089BFEF726
S31508014BB00EFC2046FEF75AFA012501E04FF0FF35B3
S31508014BC0284609B0BDE8F08F2DE9F04F85B00746B4
S31508014BD0884691469A46DDE90EB6109C0EB101202B
S31508014BE000E0002050B900BF502080F31188BFF3C0
S31508014BF04F8FBFF36F8F00BF00BFFEE70CB10120D7
S31508014C0000E0002050B900BF502080F31188BFF39F
S31508014C104F8FBFF36F8F00BF00BFFEE75C20039085
S31508014C2003985C2801D1012000E0002050B900BF9B
S31508014C30502080F31188BFF34F8FBFF36F8F00BFEA
S31508014C4000BFFEE700BFB4B1AEB125462C462E63C0
S31508014C50022085F85900002004A953464A46CDE9A1
S31508014C6000B1CDE9025041463846FEF7B0FB284669
S31508014C70FEF7FCF901E000200490049805B0BDE8B0
S31508014C80F08F00000549096809B9012005E00449C2
S31508014C90096809B9022000E000207047B001002424
S31508014CA0CC0100240149086870470000A8010024C6
S31508014CB02DE9F0414FF000084448006800287CD1EE
S31508014CC043480068451C4248056015BB41480068D1
S31508014CD0006808B9012000E0002050B900BF502043
S31508014CE080F31188BFF34F8FBFF36F8F00BF00BFEB
S31508014CF0FEE7384807683848006836490860364884
S31508014D00076036480068401C34490860FEF794FD80
S31508014D1000BF3348006885423CD300BF2D48006870
S31508014D20006808B9012000E0002020B14FF0FF30EB
S31508014D302B4908602DE027480068C068C468666882
S31508014D40B54202D22648066023E0201DFFF712F875
S31508014D50A06A18B104F11800FFF70CF894F82C10A2
S31508014D60012088401F49096808431E490860E16A0D
S31508014D7001EB81011C4A02EB8100211DFFF750F866
S31508014D801A49E06A0968C96A8842C7D34FF0010817
S31508014D90C4E700BF15480068C06A00EB80001249E5
S31508014DA051F82000012801D94FF001081048006880
S31508014DB008B14FF0010805E0FFE70E480068401CFE
S31508014DC00C4908604046BDE8F0810000CC0100248A
S31508014DD0A8010024980100249C010024BC01002498
S31508014DE0C4010024AC010024FC69002494010024B8
S31508014DF0B8010024B401002470B505462C460026E6
S31508014E00002D55D02B480068844201D1012000E0CD
S31508014E10002050B900BF502080F31188BFF34F8F8F
S31508014E20BFF36F8F00BF00BFFEE7206D50B900BF0B
S31508014E30502080F31188BFF34F8FBFF36F8F00BFE8
S31508014E4000BFFEE7206D401E2065E16CE06A8842DE
S31508014E502ED0206D60BB201DFEF78CFF78B9E06A65
S31508014E6000EB8000144951F8200040B994F82C1041
S31508014E700120884011490968814310480160E06CA6
S31508014E80E062E06AC0F10700A06194F82C100120E5
S31508014E9088400A490968084308490860E16A01EB3C
S31508014EA08101054A02EB8100211DFEF7B9FF0126A2
S31508014EB0304670BD94010024FC690024AC0100242D
S31508014EC070B50646F068C46854B900BF502080F32F
S31508014ED01188BFF34F8FBFF36F8F00BF00BFFEE787
S31508014EE004F11800FEF746FF15480068A8B9201D09
S31508014EF0FEF740FF94F82C100120884011490968F3
S31508014F00084310490860E16A01EB81010E4A02EB88
S31508014F108100211DFEF784FF04E004F118010B4806
S31508014F20FEF77EFF0A49E06A0968C96A884204D918
S31508014F30012501200749086000E00025284670BDC3
S31508014F40CC010024AC010024FC690024B06A0024C9
S31508014F5094010024B801002470B5002400263648BF
S31508014F60006850B900BF502080F31188BFF34F8FF6
S31508014F70BFF36F8F00BF00BFFEE7FEF75DFF2E4848
S31508014F800068401E2C4908600846006800284FD171
S31508014F902A48006800284BD024E02948C068C4681C
S31508014FA004F11800FEF7E6FE201DFEF7E3FE94F86D
S31508014FB02C100120884023490968084321490860C3
S31508014FC0E16A01EB8101204A02EB8100211DFEF70E
S31508014FD027FF1E49E06A0968C96A884202D3012087
S31508014FE01B4908601648006808B9012000E000203E
S31508014FF00028D2D00CB1FEF71FFC1648056865B12A
S3150801500000BFFFF755FE10B10120114908606D1E5A
S31508015010002DF6D100200F4908600D48006838B107
S31508015020012630070C490860BFF34F8FBFF36F8F16
S31508015030FEF72CFF304670BDCC010024A4010024E4
S31508015040B06A0024AC010024FC6900249401002400
S31508015050B8010024B401002404ED00E010B586B0BF
S315080150600024FEF75FF816480068D0B100200590C5
S31508015070049003AA04A905A8FEF79CFE0222DDE90D
S3150801508004100023CDE9002102900EA10F48039ACE
S31508015090FFF79AFD0E4908600846006800B1012429
S315080150A000BF54B900BF502080F31188BFF34F8F5A
S315080150B0BFF36F8F00BF00BFFEE7204606B010BDE5
S315080150C0D8010024546D7220537663007D39010896
S315080150D0DC0100242DE9FF4704460D4616461F4606
S315080150E0DDF830804FF0000954B900BF502080F335
S315080150F01188BFF34F8FBFF36F8F00BF00BFFEE765
S315080151001448006810B3009501960294062D15DA25
S31508015110FFF7B8FD022808D10023424669460D4823
S315080151200068FFF7D3FA814610E000231A4669465C
S3150801513008480068FFF7CAFA814607E000233A469D
S31508015140694604480068FFF795FB8146484604B05E
S31508015150BDE8F087D801002400000000DC0A00241D
S31508015160000000007C0B0024100000000200000073
S315080151700000000000000000F85201085DD7000891
S315080151800000000000000000800000000000000090
S31508015190000000000453010811BB000802000000CA
S315080151A00000000000040000BC0C0024BC1C002404
S315080151B018530108A5180008FFFF000000000000A9
S315080151C080000000181D0024181F0024EC52010855
S315080151D06BD7000802000000000000000002000072
S315080151E000000000000000000C530108551B0108CF
S315080151F0000000000000000000010000000000009F
S31508015200000000000000000001020304010203047B
S315080152100607080900061016000610160001020303
S3150801522004050607080C1014182030400000000079
S31508015230000000000000000000000000000000005F
S315080152400100000002000000030000000400000045
S31508015250000000000500000000000000000000003A
S315080152600000000006000000000000000000000029
S31508015270000000000700000001000200040006000B
S3150801528008000A000C001000200040008000000100
S3150801529001010103070100000804020408010101D4
S315080152A0436F6D6D616E64733A0D0A202043414C5C
S315080152B020202D207265706F727420637572726575
S315080152C06E7420736861667420616E676C650D0A79
S315080152D0202048454C50202D2073686F772074682C
S315080152E069732068656C700D0A0000005669736958
S315080152F06F6E5461736B000064656661756C7454F6
S3150801530061736B00496D755461736B0055617274F5
S3150801531044656D6F0000000046756E546573740030
S3150801532040530108000000246002000082090008B9
S315080153304854010860020024888D00007021010884
S31508015340210329803F08081B0102030405060723D8
S3150801535071100DE7416B3A58A08B3A7D04017C1612
S315080153600240AB03411009055308065804070F16F6
S315080153700810820911160A15800B1605450C180125
S315080153800D3C90D00304315A1088130A0632022ABA
S31508015390400C1385F5140881F31408CFF742081356
S315080153A055F4140875F21B083914C11AF9181AB5F7
S315080153B0041A41301AA508140902431302011DC033
S315080153C0320904551A020B13052416100105240186
S315080153D010090104240202052406170107058203A0
S315080153E008151009040133020A2E070501024007B0
S315080153F02A810704228101821AAA01015C13850EFA
S315080154001B0881042A3D04120F1B086D0413BDFEF7
S31508015410140805FF1B0815041A41041A81041A8980
S31508015420141ACD04411A12CF1302021640830440FE
S31508015430572602010203011C050F0CF01A10172149
S30D08015440071E040309041A03FF
S705080002CD23
